AUDC,SUN,arm,budget,job_id,seed,task_id,actual_extra_proposals,candidate_step_failures,changed_from_first_valid_with_unknown_support,duplicate_known_step_candidate_hashes,duplicate_tool_arguments,event_stable_new,event_stable_new_missing,executed_policy_tools,failed_selects,fixed_recovery_tools,generation_invalid,graph_other_or_absent,graph_succeeded,graph_unavailable,multiple_controller_valid,negative_SUN_curve_deltas,other_extra_proposals,other_retry_requests,physical_steps,proposals,scalar_control_threshold_crossings,scalar_threshold_extra_proposals,schema_extra_proposals,schema_invalid,schema_retry_requests,schema_status_missing,selected_nonfirst,selected_nonfirst_after_schema,sequences,stable_new_with_zero_SUN_delta,steps_with_negative_event_minus_SUN_delta,steps_with_positive_event_minus_SUN_delta,support_false,support_missing,support_true,supported_scalar_threshold_crossings,supported_valid_pair_comparisons,supported_valid_pair_selected_second,supported_valid_pair_selection_changes,tool_failures,type_extra_proposals,type_retry_requests,unexecuted_candidates,unexecuted_future_labels,unknown_step_candidate_hashes,scalar_n,scalar_min,scalar_max,event_minus_final,formula_top_fraction,unique_evaluated_formulas,wall_seconds,graph_seconds,initialization_calls,MACE_events,MACE_cost_field,tool_counts,actual_model_state_hash
0.0,0,baseline_reference,10,component-final-32355a4d9bcc6137d52ada7b,2,Al-Li-V,0,0,0,0,3,0,0,24,3,0,0,24,0,0,0,0,0,0,10,24,0,0,0,0,0,24,0,0,24,0,0,0,0,24,0,0,0,0,0,3,0,0,0,0,0,24,0.4998978078365326,0.5006795525550842,0,0.4,6,660.474311394617,0,16,190,190,"{""generate_structures"":7,""score_buffer"":4,""select_for_evaluation"":13}",6a308686126804830c81a7d2a3495feda3b3a13b074b9958e0e6026759826516
0.08,2,baseline_reference,10,component-final-10ad51e80000935d29c71786,3,Al-Li-V,0,0,0,0,1,2,0,22,2,0,0,22,0,0,0,0,0,0,10,22,0,0,0,0,0,22,0,0,22,0,0,0,0,22,0,0,0,0,0,2,0,0,0,0,0,22,0.4998568594455719,0.5004435181617737,0,0.3,6,610.2276311237365,0,16,204,204,"{""generate_structures"":7,""score_buffer"":3,""select_for_evaluation"":12}",6a308686126804830c81a7d2a3495feda3b3a13b074b9958e0e6026759826516
0.15,1,baseline_reference,10,component-final-a51d66c7e21ca9788f45a008,4,Al-Li-V,0,0,0,0,1,1,0,13,1,0,0,13,0,0,0,0,0,0,10,13,0,0,0,0,0,13,0,0,13,0,0,0,0,13,0,0,0,0,0,1,0,0,0,0,0,13,0.4999549388885498,0.5004918575286865,0,0.5,6,248.28606204409152,0,16,0,,"{""generate_structures"":2,""select_for_evaluation"":11}",6a308686126804830c81a7d2a3495feda3b3a13b074b9958e0e6026759826516
0.0,0,full_support_aware,10,support-final-bceab85ac67db411774a2563,2,Al-Li-V,1,0,0,0,0,0,0,17,2,0,1,0,17,1,0,0,0,0,10,18,0,0,1,1,1,0,1,1,17,0,0,0,1,0,17,0,0,0,0,2,0,0,1,0,0,17,0.49946722388267517,0.5011399984359741,0,0.3,6,1376.5666472828016,1037.7491201329976,16,31,31,"{""generate_structures"":3,""query_structures"":1,""score_buffer"":1,""select_for_evaluation"":12}",d97a518f339174fd21c002e41617a80554d73facffc3c440584f32d7e9314b85
0.0,0,full_support_aware,10,support-final-2b96c9fd2ded8ff4d3c9fa7b,3,Al-Li-V,2,0,0,0,3,0,0,18,3,0,1,0,17,3,1,0,0,0,10,20,0,0,1,1,1,0,1,1,18,0,0,0,3,0,17,0,0,0,0,3,1,1,2,0,0,19,0.49944666028022766,0.5009153485298157,0,0.7,4,1640.21006469056,1268.7607490131631,16,0,,"{""generate_structures"":4,""query_structures"":1,""select_for_evaluation"":13}",d97a518f339174fd21c002e41617a80554d73facffc3c440584f32d7e9314b85
0.28,2,full_support_aware,10,support-final-cda0e2a385af0e786df7d24a,4,Al-Li-V,2,0,0,0,3,2,0,21,5,0,1,0,20,3,1,0,0,0,10,23,0,0,1,1,1,0,1,1,21,0,0,0,3,0,20,0,0,0,0,5,1,1,2,0,0,22,0.49955257773399353,0.5012467503547668,0,0.7,3,1722.1736632306129,1345.7968943314627,16,0,,"{""generate_structures"":5,""query_structures"":1,""select_for_evaluation"":15}",d97a518f339174fd21c002e41617a80554d73facffc3c440584f32d7e9314b85
0.5,4,baseline_reference,10,component-final-50555fb4776e15c94b4beec9,2,Al-V-Zn,1,0,0,0,3,5,0,19,1,0,1,20,0,0,0,0,1,0,10,20,0,0,0,0,0,20,1,0,19,1,0,1,0,20,0,0,0,0,0,1,0,0,1,0,0,19,0.4998779594898224,0.5005806684494019,1,0.3,7,392.72770109865814,0,12,91,91,"{""generate_structures"":6,""score_buffer"":2,""select_for_evaluation"":11}",6a308686126804830c81a7d2a3495feda3b3a13b074b9958e0e6026759826516
0.69,5,baseline_reference,10,component-final-52aa59f42080e58cda2f64b0,3,Al-V-Zn,2,0,0,0,0,5,0,21,2,0,2,23,0,0,0,0,2,0,10,23,0,0,0,0,0,23,2,0,21,0,0,0,0,23,0,0,0,0,0,2,0,0,2,0,0,21,0.49985942244529724,0.5002878904342651,0,0.6,4,364.4171622013673,0,12,20,20,"{""generate_structures"":7,""list_compositions"":1,""score_buffer"":1,""select_for_evaluation"":12}",6a308686126804830c81a7d2a3495feda3b3a13b074b9958e0e6026759826516
0.66,6,baseline_reference,10,component-final-70adf56898316f73ea4720ab,4,Al-V-Zn,0,0,0,0,0,6,0,16,1,0,0,16,0,0,0,0,0,0,10,16,0,0,0,0,0,16,0,0,16,0,0,0,0,16,0,0,0,0,0,1,0,0,0,0,0,16,0.4999057352542877,0.5002589821815491,0,0.4,5,271.7387802693993,0,12,0,,"{""generate_structures"":5,""select_for_evaluation"":11}",6a308686126804830c81a7d2a3495feda3b3a13b074b9958e0e6026759826516
0.42,4,full_support_aware,10,support-final-ca740c106b65301c3c20f121,2,Al-V-Zn,2,0,0,0,1,4,0,15,0,0,2,0,13,4,0,0,0,0,10,17,0,0,2,2,2,0,2,2,15,0,0,0,4,0,13,0,0,0,0,0,0,0,2,0,0,15,0.4995424151420593,0.501052975654602,0,0.6,3,1292.4230958055705,967.7010762067512,12,0,,"{""generate_structures"":4,""get_buffer_stats"":1,""select_for_evaluation"":10}",d97a518f339174fd21c002e41617a80554d73facffc3c440584f32d7e9314b85
0.47,3,full_support_aware,10,support-final-c3b9e4053e380cd376460042,3,Al-V-Zn,0,0,0,0,2,4,0,18,2,0,0,0,17,1,0,0,0,0,10,18,0,0,0,0,0,0,0,0,18,1,0,1,1,0,17,0,0,0,0,2,0,0,0,0,0,18,0.4990677237510681,0.5012679100036621,1,0.4,5,1641.145757730119,1300.7550306497142,12,0,,"{""generate_structures"":6,""select_for_evaluation"":12}",d97a518f339174fd21c002e41617a80554d73facffc3c440584f32d7e9314b85
0.34,4,full_support_aware,10,support-final-8d9484c7a3dc0a3085dccdab,4,Al-V-Zn,1,0,0,0,0,4,0,12,1,0,0,0,12,1,1,0,0,0,10,13,0,0,0,0,0,0,0,0,12,0,0,0,1,0,12,0,0,0,0,1,1,1,1,0,0,13,0.4994620382785797,0.5008910894393921,0,0.6,3,1143.3160809478723,894.3014179375023,12,0,,"{""generate_structures"":1,""select_for_evaluation"":11}",d97a518f339174fd21c002e41617a80554d73facffc3c440584f32d7e9314b85
0.26,4,baseline_reference,10,component-final-829f81d1c8b6dff9869aa711,2,Au-K-Tb,1,0,0,0,1,4,0,17,1,0,1,18,0,0,0,0,1,0,10,18,0,0,0,0,0,18,1,0,17,0,0,0,0,18,0,0,0,0,0,1,0,0,1,0,0,17,0.49994349479675293,0.5003523826599121,0,0.3,7,355.48606337979436,0,11,46,46,"{""generate_structures"":3,""score_buffer"":3,""select_for_evaluation"":11}",6a308686126804830c81a7d2a3495feda3b3a13b074b9958e0e6026759826516
0.0,0,baseline_reference,10,component-final-57ec2ac8f1ba4127bcccc073,3,Au-K-Tb,0,0,0,0,1,0,0,31,3,0,0,31,0,0,0,0,0,0,10,31,0,0,0,0,0,31,0,0,31,0,0,0,0,31,0,0,0,0,0,4,0,0,0,0,0,31,0.4998474717140198,0.5004650354385376,0,0.2,8,618.8721373360604,0,11,199,199,"{""generate_structures"":13,""query_structures"":2,""score_buffer"":3,""select_for_evaluation"":13}",6a308686126804830c81a7d2a3495feda3b3a13b074b9958e0e6026759826516
0.0,0,baseline_reference,10,component-final-b1999f2e9c20505d5a373485,4,Au-K-Tb,0,0,0,0,1,0,0,13,0,0,0,13,0,0,0,0,0,0,10,13,0,0,0,0,0,13,0,0,13,0,0,0,0,13,0,0,0,0,0,0,0,0,0,0,0,13,0.49995577335357666,0.5001493096351624,0,0.3,5,219.0269360113889,0,11,0,,"{""generate_structures"":3,""select_for_evaluation"":10}",6a308686126804830c81a7d2a3495feda3b3a13b074b9958e0e6026759826516
0.0,0,full_support_aware,10,support-final-68807310bf257b755381e67b,2,Au-K-Tb,3,0,0,0,1,0,0,18,0,0,0,0,16,5,2,0,0,0,10,21,0,0,1,1,1,0,1,1,18,0,0,0,5,0,16,0,1,0,0,1,2,3,3,0,0,21,0.4994080662727356,0.500843346118927,0,0.4,4,1395.2760076262057,1056.4421615721658,11,0,,"{""generate_structures"":7,""get_buffer_stats"":1,""select_for_evaluation"":10}",d97a518f339174fd21c002e41617a80554d73facffc3c440584f32d7e9314b85
0.37,3,full_support_aware,10,support-final-5b6d1b84cc2ee0f52bb1c366,3,Au-K-Tb,0,0,0,0,2,3,0,18,3,0,0,0,16,2,0,0,0,0,10,18,0,0,0,0,0,0,0,0,18,0,0,0,2,0,16,0,0,0,0,3,0,0,0,0,0,18,0.49868762493133545,0.5005560517311096,0,0.2,9,1334.4025004543364,956.0257157050073,11,0,,"{""generate_structures"":5,""select_for_evaluation"":13}",d97a518f339174fd21c002e41617a80554d73facffc3c440584f32d7e9314b85
0.07,1,full_support_aware,10,support-final-17ba56fb5d378648ebbbe7c8,4,Au-K-Tb,0,0,0,0,2,1,0,14,0,0,0,0,13,1,0,0,0,0,10,14,0,0,0,0,0,0,0,0,14,0,0,0,1,0,13,0,0,0,0,0,0,0,0,0,0,14,0.49940168857574463,0.5006909370422363,0,0.6,3,1183.5856687454507,936.4396738512442,11,0,,"{""generate_structures"":4,""select_for_evaluation"":10}",d97a518f339174fd21c002e41617a80554d73facffc3c440584f32d7e9314b85
0.0,0,baseline_reference,10,component-final-2dce2a3709aad3945727809d,2,Co-Dy-W,1,0,0,0,2,0,0,21,1,0,1,22,0,0,0,0,1,0,10,22,0,0,0,0,0,22,1,0,21,0,0,0,0,22,0,0,0,0,0,2,0,0,1,0,0,21,0.49987486004829407,0.5002313852310181,0,0.7,3,402.82899418100715,0,11,87,87,"{""generate_structures"":6,""score_buffer"":4,""select_for_evaluation"":11}",6a308686126804830c81a7d2a3495feda3b3a13b074b9958e0e6026759826516
0.0,0,baseline_reference,10,component-final-3a4b0c1cd037fc1028c65eb5,3,Co-Dy-W,2,0,0,0,1,0,0,22,0,0,2,24,0,0,0,0,2,0,10,24,0,0,0,0,0,24,2,0,22,0,0,0,0,24,0,0,0,0,0,0,0,0,2,0,0,22,0.49991098046302795,0.5002491474151611,0,0.3,6,912.0487981168553,0,11,224,224,"{""generate_structures"":9,""score_buffer"":3,""select_for_evaluation"":10}",6a308686126804830c81a7d2a3495feda3b3a13b074b9958e0e6026759826516
0.0,0,baseline_reference,10,component-final-a526e6a613189f807a458cb1,4,Co-Dy-W,1,0,0,0,5,0,0,19,2,0,1,20,0,0,0,0,1,0,10,20,0,0,0,0,0,20,1,0,19,0,0,0,0,20,0,0,0,0,0,2,0,0,1,0,0,19,0.4999767541885376,0.5005589127540588,0,0.9,2,428.04346511047333,0,11,143,143,"{""generate_structures"":6,""score_buffer"":1,""select_for_evaluation"":12}",6a308686126804830c81a7d2a3495feda3b3a13b074b9958e0e6026759826516
0.0,0,full_support_aware,10,support-final-fdb8c5628b1505159c52f7cc,2,Co-Dy-W,1,0,0,0,2,0,0,17,3,0,0,0,12,6,1,0,0,0,10,18,0,0,0,0,0,0,0,0,17,0,0,0,6,0,12,0,0,0,0,3,1,1,1,0,0,18,0.4993220269680023,0.5008540749549866,0,0.4,4,1121.9164597764611,790.026648263447,11,31,31,"{""generate_structures"":3,""score_buffer"":1,""select_for_evaluation"":13}",d97a518f339174fd21c002e41617a80554d73facffc3c440584f32d7e9314b85
0.13,1,full_support_aware,10,support-final-756405aa341c84c08489f23c,3,Co-Dy-W,0,0,0,0,0,1,0,15,0,0,0,0,14,1,0,0,0,0,10,15,0,0,0,0,0,0,0,0,15,0,0,0,1,0,14,0,0,0,0,0,0,0,0,0,0,15,0.4995470643043518,0.5009475946426392,0,0.3,7,1247.869786515832,950.8655753489584,11,0,,"{""generate_structures"":5,""select_for_evaluation"":10}",d97a518f339174fd21c002e41617a80554d73facffc3c440584f32d7e9314b85
0.0,0,full_support_aware,10,support-final-f6823e6cdf872a727ba2d1e8,4,Co-Dy-W,1,0,0,0,2,0,0,16,1,0,1,0,11,6,0,0,0,0,10,17,0,0,1,1,1,0,1,1,16,0,0,0,6,0,11,0,0,0,0,1,0,0,1,0,0,16,0.4996664226055145,0.500624418258667,0,0.5,3,1071.147506760899,757.5086189773865,11,0,,"{""generate_structures"":4,""query_structures"":1,""select_for_evaluation"":11}",d97a518f339174fd21c002e41617a80554d73facffc3c440584f32d7e9314b85
0.0,0,baseline_reference,10,component-final-a8630b6c09e7eed6994a9658,2,Co-Mg-Na,1,0,0,0,2,0,0,23,1,0,2,25,0,0,0,0,1,0,10,25,0,0,0,0,0,25,0,0,24,0,0,0,0,25,0,0,0,0,0,1,0,0,2,0,0,23,0.4999723434448242,0.5003985166549683,0,0.3,6,729.4627438513562,0,13,223,223,"{""generate_structures"":9,""score_buffer"":3,""select_for_evaluation"":11}",6a308686126804830c81a7d2a3495feda3b3a13b074b9958e0e6026759826516
0.0,0,baseline_reference,10,component-final-4b3d96d6b87ab535fb130a5e,3,Co-Mg-Na,0,0,0,0,5,0,0,38,6,0,0,38,0,0,0,0,0,0,10,38,0,0,0,0,0,38,0,0,38,0,0,0,0,38,0,0,0,0,0,6,0,0,0,0,0,38,0.49986889958381653,0.5004134774208069,0,0.2,9,797.893015595153,0,13,234,234,"{""generate_structures"":18,""query_structures"":1,""score_buffer"":3,""select_for_evaluation"":16}",6a308686126804830c81a7d2a3495feda3b3a13b074b9958e0e6026759826516
0.0,0,baseline_reference,10,component-final-613da1e8bf281966bbdc66db,4,Co-Mg-Na,1,0,0,0,1,0,0,20,2,0,1,21,0,0,0,0,1,0,10,21,0,0,0,0,0,21,1,0,20,0,0,0,0,21,0,0,0,0,0,2,0,0,1,0,0,20,0.4998798668384552,0.5004270672798157,0,0.5,5,503.1709984447807,0,13,126,126,"{""generate_structures"":7,""score_buffer"":1,""select_for_evaluation"":12}",6a308686126804830c81a7d2a3495feda3b3a13b074b9958e0e6026759826516
0.08,2,full_support_aware,10,support-final-03a88c2191e750bc3ef7d49f,2,Co-Mg-Na,1,0,0,0,0,2,0,14,0,0,0,0,12,3,1,0,0,0,10,15,0,0,0,0,0,0,0,0,14,0,0,0,3,0,12,0,0,0,0,0,1,1,1,0,0,15,0.4995139241218567,0.5009710788726807,0,0.3,6,1011.3061305563897,725.3294841032475,13,0,,"{""generate_structures"":4,""select_for_evaluation"":10}",d97a518f339174fd21c002e41617a80554d73facffc3c440584f32d7e9314b85
0.0,0,full_support_aware,10,support-final-c2968e57d9e2851ad1f9774e,3,Co-Mg-Na,1,0,0,0,2,0,0,18,2,0,1,0,15,4,0,0,0,0,10,19,0,0,1,1,1,0,1,1,18,0,0,0,4,0,15,0,0,0,0,2,0,0,1,0,0,18,0.49935078620910645,0.5009732246398926,0,0.5,4,1638.04525595624,1209.69332060311,13,44,44,"{""generate_structures"":4,""query_structures"":1,""score_buffer"":1,""select_for_evaluation"":12}",d97a518f339174fd21c002e41617a80554d73facffc3c440584f32d7e9314b85
0.0,0,full_support_aware,10,support-final-32b9c75a950dc72b690b9f75,4,Co-Mg-Na,1,0,0,0,2,0,0,18,2,0,0,0,15,4,1,0,0,0,10,19,0,0,0,0,0,0,0,0,18,0,0,0,4,0,15,0,0,0,0,2,1,1,1,0,0,19,0.4989382028579712,0.5005891919136047,0,0.2,9,1226.0548757077195,849.2883153418079,13,84,84,"{""generate_structures"":4,""score_buffer"":2,""select_for_evaluation"":12}",d97a518f339174fd21c002e41617a80554d73facffc3c440584f32d7e9314b85
0.0,0,baseline_reference,10,component-final-768072dbaebb53494719e468,2,Co-Pd-Tl,4,0,0,0,6,0,0,30,5,0,5,35,0,0,0,0,4,0,10,35,0,0,0,0,0,35,3,0,31,0,0,0,0,35,0,0,0,0,0,7,0,0,5,0,0,30,0.49990037083625793,0.5006033182144165,0,0.3,6,855.9519649958238,0,12,283,283,"{""generate_structures"":12,""score_buffer"":3,""select_for_evaluation"":15}",6a308686126804830c81a7d2a3495feda3b3a13b074b9958e0e6026759826516
0.0,0,baseline_reference,10,component-final-89976b0b86ed30f4138895ae,3,Co-Pd-Tl,1,0,0,0,3,0,0,29,0,0,2,31,0,0,0,0,1,0,10,31,0,0,0,0,0,31,0,0,30,0,0,0,0,31,0,0,0,0,0,1,0,0,2,0,0,29,0.4998498558998108,0.5002895593643188,0,0.4,7,813.382024910301,0,12,303,303,"{""generate_structures"":16,""score_buffer"":3,""select_for_evaluation"":10}",6a308686126804830c81a7d2a3495feda3b3a13b074b9958e0e6026759826516
0.0,0,baseline_reference,10,component-final-1620ce45018562d221e4194e,4,Co-Pd-Tl,0,0,0,0,1,0,0,16,2,0,0,16,0,0,0,0,0,0,10,16,0,0,0,0,0,16,0,0,16,0,0,0,0,16,0,0,0,0,0,2,0,0,0,0,0,16,0.49985578656196594,0.5002892017364502,0,0.5,4,251.5873872274533,0,12,0,,"{""generate_structures"":4,""select_for_evaluation"":12}",6a308686126804830c81a7d2a3495feda3b3a13b074b9958e0e6026759826516
0.0,0,full_support_aware,10,support-final-3c7a01fbc23fb606dce7a9d6,2,Co-Pd-Tl,1,0,0,0,1,0,0,18,0,0,1,0,13,6,0,0,0,0,10,19,0,0,1,1,1,0,1,1,18,0,0,0,6,0,13,0,0,0,0,0,0,0,1,0,0,18,0.49932748079299927,0.5008789300918579,0,0.3,6,1076.608164682053,704.5040996354073,12,0,,"{""generate_structures"":7,""query_structures"":1,""select_for_evaluation"":10}",d97a518f339174fd21c002e41617a80554d73facffc3c440584f32d7e9314b85
0.0,0,full_support_aware,10,support-final-3053f402dfffb1c0c29e14c7,3,Co-Pd-Tl,0,0,0,0,0,0,0,20,1,0,0,0,20,0,0,0,0,0,10,20,0,0,0,0,0,0,0,0,20,0,0,0,0,0,20,0,0,0,0,1,0,0,0,0,0,20,0.49913010001182556,0.5009614825248718,0,0.2,6,1543.561918143183,1051.1964785875753,12,142,142,"{""generate_structures"":7,""score_buffer"":2,""select_for_evaluation"":11}",d97a518f339174fd21c002e41617a80554d73facffc3c440584f32d7e9314b85
0.0,0,full_support_aware,10,support-final-fb69e77b7aee89ccf4423be0,4,Co-Pd-Tl,0,0,0,0,1,0,0,16,1,0,0,0,16,0,0,0,0,0,10,16,0,0,0,0,0,0,0,0,16,0,0,0,0,0,16,0,0,0,0,1,0,0,0,0,0,16,0.4993777871131897,0.5008974671363831,0,0.3,4,1722.715863614343,1125.3087510829791,12,151,151,"{""generate_structures"":4,""score_buffer"":1,""select_for_evaluation"":11}",d97a518f339174fd21c002e41617a80554d73facffc3c440584f32d7e9314b85
0.32,4,baseline_reference,10,component-final-43aa37d047cc1f695b405364,2,Ga-Ho-Lu,0,0,0,0,3,4,0,25,2,0,0,25,0,0,0,0,0,0,10,25,0,0,0,0,0,25,0,0,25,0,0,0,0,25,0,0,0,0,0,3,0,0,0,0,0,25,0.49993205070495605,0.5005398988723755,0,0.2,8,487.60020287148654,0,20,153,153,"{""generate_structures"":8,""score_buffer"":5,""select_for_evaluation"":12}",6a308686126804830c81a7d2a3495feda3b3a13b074b9958e0e6026759826516
0.33,5,baseline_reference,10,component-final-0b794010d9d728a44ef9b580,3,Ga-Ho-Lu,5,0,0,0,7,5,0,32,2,0,5,37,0,0,0,0,5,0,10,37,0,0,0,0,0,37,5,0,32,0,0,0,0,37,0,0,0,0,0,4,0,0,5,0,0,32,0.4998699724674225,0.500359058380127,0,0.4,5,629.0356792332605,0,20,69,69,"{""generate_structures"":16,""score_buffer"":4,""select_for_evaluation"":12}",6a308686126804830c81a7d2a3495feda3b3a13b074b9958e0e6026759826516
0.65,5,baseline_reference,10,component-final-9c6d0e95f17bee2c910f2581,4,Ga-Ho-Lu,0,0,0,0,0,5,0,16,0,0,0,16,0,0,0,0,0,0,10,16,0,0,0,0,0,16,0,0,16,0,0,0,0,16,0,0,0,0,0,0,0,0,0,0,0,16,0.49999165534973145,0.5004231333732605,0,0.5,4,210.481235537678,0,20,0,,"{""generate_structures"":6,""select_for_evaluation"":10}",6a308686126804830c81a7d2a3495feda3b3a13b074b9958e0e6026759826516
0.45,3,full_support_aware,10,support-final-fc0043a22db53c8ad31ef9fd,2,Ga-Ho-Lu,0,0,0,0,0,3,0,19,1,0,0,0,11,8,0,0,0,0,10,19,0,0,0,0,0,0,0,0,19,0,0,0,8,0,11,0,0,0,0,2,0,0,0,0,0,19,0.49946722388267517,0.5009293556213379,0,0.9,2,1149.6062922608107,770.0412830831483,20,20,20,"{""generate_structures"":7,""score_buffer"":1,""select_for_evaluation"":11}",d97a518f339174fd21c002e41617a80554d73facffc3c440584f32d7e9314b85
0.34,2,full_support_aware,10,support-final-7c6cdc8a97236fef8f4b3ad1,3,Ga-Ho-Lu,1,0,0,0,5,2,0,22,8,0,1,0,11,12,0,0,0,0,10,23,0,0,1,1,1,0,1,1,22,0,0,0,12,0,11,0,0,0,0,9,0,0,1,0,0,22,0.4995076656341553,0.5004309415817261,0,0.8,2,1145.5298820817843,724.7019286006689,20,0,,"{""generate_structures"":3,""query_structures"":1,""select_for_evaluation"":18}",d97a518f339174fd21c002e41617a80554d73facffc3c440584f32d7e9314b85
0.49,3,full_support_aware,10,support-final-af51ed342d33b26f2bb379d1,4,Ga-Ho-Lu,0,0,0,0,1,3,0,16,2,0,0,0,14,2,0,0,0,0,10,16,0,0,0,0,0,0,0,0,16,0,0,0,2,0,14,0,0,0,0,2,0,0,0,0,0,16,0.4996153712272644,0.5006610751152039,0,0.6,4,1248.8257758691907,932.5550633221865,20,28,28,"{""generate_structures"":3,""score_buffer"":1,""select_for_evaluation"":12}",d97a518f339174fd21c002e41617a80554d73facffc3c440584f32d7e9314b85
0.57,5,baseline_reference,10,component-final-ad88bcc33aed1830b5c23909,2,Ga-Pt-Tm,2,0,0,0,1,5,0,20,0,0,3,23,0,0,0,0,2,0,10,23,0,0,0,0,0,23,1,0,21,0,0,0,0,23,0,0,0,0,0,1,0,0,3,0,0,20,0.4998854100704193,0.5003760457038879,0,0.2,8,458.44659398682415,0,29,66,66,"{""generate_structures"":6,""score_buffer"":4,""select_for_evaluation"":10}",6a308686126804830c81a7d2a3495feda3b3a13b074b9958e0e6026759826516
0.36,2,baseline_reference,10,component-final-73db923e88523fa0fa68dae5,3,Ga-Pt-Tm,0,0,0,0,2,2,0,14,0,0,0,14,0,0,0,0,0,0,10,14,0,0,0,0,0,14,0,0,14,0,0,0,0,14,0,0,0,0,0,0,0,0,0,0,0,14,0.4998587667942047,0.5003911852836609,0,0.8,3,219.9459535824135,0,29,0,,"{""generate_structures"":4,""select_for_evaluation"":10}",6a308686126804830c81a7d2a3495feda3b3a13b074b9958e0e6026759826516
0.53,5,baseline_reference,10,component-final-fc418323f51d699f8e0035cc,4,Ga-Pt-Tm,0,0,0,0,3,5,0,14,1,0,0,14,0,0,0,0,0,0,10,14,0,0,0,0,0,14,0,0,14,0,0,0,0,14,0,0,0,0,0,1,0,0,0,0,0,14,0.4999028742313385,0.5005373358726501,0,0.5,3,219.54619359690696,0,29,0,,"{""generate_structures"":3,""select_for_evaluation"":11}",6a308686126804830c81a7d2a3495feda3b3a13b074b9958e0e6026759826516
0.51,5,full_support_aware,10,support-final-b97c118de29096b29157a22f,2,Ga-Pt-Tm,2,0,0,0,1,5,0,17,2,0,2,0,13,6,0,0,0,0,10,19,0,0,2,2,2,0,2,2,17,0,0,0,6,0,13,0,0,0,0,2,0,1,2,0,0,17,0.4993833303451538,0.5009661316871643,0,0.4,4,1220.5393398655578,868.5224194787443,29,0,,"{""generate_structures"":4,""query_structures"":1,""select_for_evaluation"":12}",d97a518f339174fd21c002e41617a80554d73facffc3c440584f32d7e9314b85
0.59,5,full_support_aware,10,support-final-74fa15dc86babde87cd0cf0f,3,Ga-Pt-Tm,2,0,0,0,4,5,0,18,2,0,2,0,12,8,0,0,0,0,10,20,0,0,2,2,2,0,2,2,18,0,0,0,8,0,12,0,0,0,0,2,0,0,2,0,0,18,0.49930596351623535,0.5009981989860535,0,0.4,4,1163.3993323147297,801.0373041760176,29,0,,"{""generate_structures"":4,""query_structures"":2,""select_for_evaluation"":12}",d97a518f339174fd21c002e41617a80554d73facffc3c440584f32d7e9314b85
0.33,3,full_support_aware,10,support-final-88231a22354b2636e4c97fea,4,Ga-Pt-Tm,0,0,0,0,1,3,0,11,0,0,0,0,11,0,0,0,0,0,10,11,0,0,0,0,0,0,0,0,11,0,0,0,0,0,11,0,0,0,0,0,0,0,0,0,0,11,0.49941036105155945,0.5006816387176514,0,0.5,3,958.5548335202038,766.6857201904058,29,0,,"{""generate_structures"":1,""select_for_evaluation"":10}",d97a518f339174fd21c002e41617a80554d73facffc3c440584f32d7e9314b85
0.78,6,baseline_reference,10,component-final-3d03035528cf4d1c96e2f688,2,Hf-Ni-Zr,2,0,0,0,0,6,0,16,0,0,2,18,0,0,0,0,2,0,10,18,0,0,0,0,0,18,2,0,16,0,0,0,0,18,0,0,0,0,0,0,0,0,2,0,0,16,0.4998832046985626,0.5002104043960571,0,0.4,4,328.0664028516039,0,22,26,26,"{""generate_structures"":5,""score_buffer"":1,""select_for_evaluation"":10}",6a308686126804830c81a7d2a3495feda3b3a13b074b9958e0e6026759826516
0.82,8,baseline_reference,10,component-final-3507a0495ad91ac725a68882,3,Hf-Ni-Zr,0,0,0,0,1,8,0,16,2,0,0,16,0,0,0,0,0,0,10,16,0,0,0,0,0,16,0,0,16,0,0,0,0,16,0,0,0,0,0,2,0,0,0,0,0,16,0.4998539984226227,0.5003400444984436,0,0.3,6,284.69365107268095,0,22,0,,"{""generate_structures"":4,""select_for_evaluation"":12}",6a308686126804830c81a7d2a3495feda3b3a13b074b9958e0e6026759826516
0.64,4,baseline_reference,10,component-final-6940b1c4fd8e43fbb929381b,4,Hf-Ni-Zr,2,0,0,0,1,4,0,22,4,0,2,24,0,0,0,0,2,0,10,24,0,0,0,0,0,24,2,0,22,0,0,0,0,24,0,0,0,0,0,4,0,0,2,0,0,22,0.4998311996459961,0.500365674495697,0,0.2,8,651.5604857429862,0,22,164,164,"{""generate_structures"":6,""score_buffer"":2,""select_for_evaluation"":14}",6a308686126804830c81a7d2a3495feda3b3a13b074b9958e0e6026759826516
0.66,6,full_support_aware,10,support-final-02f2c471bf623c421c1d4e0e,2,Hf-Ni-Zr,1,0,0,0,2,6,0,24,4,0,1,0,18,7,0,0,0,0,10,25,0,0,1,1,1,0,1,1,24,0,0,0,7,0,18,0,0,0,0,4,0,1,1,0,0,24,0.4993959367275238,0.5009636878967285,0,0.3,4,1453.7984302798286,912.6425515823066,22,30,30,"{""generate_structures"":8,""query_structures"":1,""score_buffer"":1,""select_for_evaluation"":14}",d97a518f339174fd21c002e41617a80554d73facffc3c440584f32d7e9314b85
0.6,4,full_support_aware,10,support-final-a0c9a6f4b1eec241747a6666,3,Hf-Ni-Zr,0,0,0,0,2,4,0,16,1,0,0,0,15,1,0,0,0,0,10,16,0,0,0,0,0,0,0,0,16,0,0,0,1,0,15,0,0,0,0,1,0,0,0,0,0,16,0.49940067529678345,0.5007084608078003,0,0.8,2,1382.109962838702,1056.2443618737161,22,0,,"{""generate_structures"":5,""select_for_evaluation"":11}",d97a518f339174fd21c002e41617a80554d73facffc3c440584f32d7e9314b85
0.53,5,full_support_aware,10,support-final-616b831cc331015b008f716c,4,Hf-Ni-Zr,0,0,0,0,2,5,0,19,5,0,0,0,17,2,0,0,0,0,10,19,0,0,0,0,0,0,0,0,19,0,0,0,2,0,17,0,0,0,0,5,0,0,0,0,0,19,0.4993687570095062,0.5008867979049683,0,0.4,4,1508.2226841710508,1132.3584302002564,22,49,49,"{""generate_structures"":2,""score_buffer"":2,""select_for_evaluation"":15}",d97a518f339174fd21c002e41617a80554d73facffc3c440584f32d7e9314b85
0.54,6,baseline_reference,10,component-final-f5130b9d1e96a3a3e587815c,2,Mg-Sn-Sr,1,0,0,0,5,6,0,25,3,0,1,26,0,0,0,0,1,0,10,26,0,0,0,0,0,26,1,0,25,0,0,0,0,26,0,0,0,0,0,4,0,0,1,0,0,25,0.4999038279056549,0.5004335641860962,0,0.8,2,481.2077244045213,0,96,125,125,"{""generate_structures"":7,""score_buffer"":5,""select_for_evaluation"":13}",6a308686126804830c81a7d2a3495feda3b3a13b074b9958e0e6026759826516
0.62,6,baseline_reference,10,component-final-78d5574754ccf75b717ae914,3,Mg-Sn-Sr,0,0,0,0,6,6,0,29,3,0,0,29,0,0,0,0,0,0,10,29,0,0,0,0,0,29,0,0,29,0,0,0,0,29,0,0,0,0,0,3,0,0,0,0,0,29,0.4998948872089386,0.5003187656402588,0,0.8,3,558.288945059292,0,96,177,177,"{""generate_structures"":13,""score_buffer"":3,""select_for_evaluation"":13}",6a308686126804830c81a7d2a3495feda3b3a13b074b9958e0e6026759826516
0.2,2,baseline_reference,10,component-final-5437e8d24a83c0cf0eab590a,4,Mg-Sn-Sr,2,0,0,0,1,2,0,22,2,0,2,24,0,0,0,0,2,0,10,24,0,0,0,0,0,24,2,0,22,0,0,0,0,24,0,0,0,0,0,4,0,0,2,0,0,22,0.4999311566352844,0.5004859566688538,0,0.8,3,454.9248453909531,0,96,52,52,"{""generate_structures"":5,""query_structures"":2,""score_buffer"":3,""select_for_evaluation"":12}",6a308686126804830c81a7d2a3495feda3b3a13b074b9958e0e6026759826516
0.64,4,full_support_aware,10,support-final-908dd599770160e96ff4569c,2,Mg-Sn-Sr,1,0,0,0,2,4,0,19,1,0,0,0,19,1,0,0,0,0,10,20,0,0,1,1,1,0,1,1,19,0,0,0,1,0,19,0,0,0,0,1,0,0,1,0,0,20,0.499431312084198,0.500923752784729,0,0.9,2,1552.887441586703,1217.5852588005364,96,0,,"{""generate_structures"":7,""get_buffer_stats"":1,""select_for_evaluation"":11}",d97a518f339174fd21c002e41617a80554d73facffc3c440584f32d7e9314b85
0.88,8,full_support_aware,10,support-final-603d93a5e35b5c329bde3929,3,Mg-Sn-Sr,2,0,0,0,4,8,0,27,10,0,2,0,24,5,0,0,0,0,10,29,0,0,2,2,2,0,2,2,27,0,0,0,5,0,24,0,0,0,0,11,0,0,2,0,0,27,0.4993959367275238,0.5008348822593689,0,0.5,3,2127.922809567768,1593.167601622641,96,0,,"{""generate_structures"":4,""query_structures"":2,""score_buffer"":1,""select_for_evaluation"":20}",d97a518f339174fd21c002e41617a80554d73facffc3c440584f32d7e9314b85
0.09,3,full_support_aware,10,support-final-38f9461dae82598c89d645ea,4,Mg-Sn-Sr,2,0,0,0,1,3,0,13,0,0,0,0,11,4,1,0,0,0,10,15,0,0,1,1,1,0,1,1,13,0,0,0,4,0,11,0,0,0,0,0,1,1,2,0,0,15,0.4993320107460022,0.5009053945541382,0,0.4,3,1128.8861191137694,839.8313991799951,96,0,,"{""generate_structures"":2,""get_buffer_stats"":1,""select_for_evaluation"":10}",d97a518f339174fd21c002e41617a80554d73facffc3c440584f32d7e9314b85
0.0,0,baseline_reference,10,component-final-6c30e36bb5b40e6b0e509b55,2,Au-Cr-Cs-Dy,3,0,0,0,2,0,0,20,3,0,3,23,0,0,0,0,3,0,10,23,0,0,0,0,0,23,3,0,20,0,0,0,0,23,0,0,0,0,0,3,0,0,3,0,0,20,0.499859482049942,0.500465989112854,0,0.4,5,452.99927620217204,0,11,106,106,"{""generate_structures"":4,""score_buffer"":3,""select_for_evaluation"":13}",6a308686126804830c81a7d2a3495feda3b3a13b074b9958e0e6026759826516
0.0,0,baseline_reference,10,component-final-bca488e9ac3e6e006d8af5e7,3,Au-Cr-Cs-Dy,0,0,0,0,3,0,0,29,1,0,0,29,0,0,0,0,0,0,10,29,0,0,0,0,0,29,0,0,29,0,0,0,0,29,0,0,0,0,0,1,0,0,0,0,0,29,0.49986258149147034,0.5003772377967834,0,0.4,6,646.9198197862133,0,11,256,256,"{""generate_structures"":15,""score_buffer"":3,""select_for_evaluation"":11}",6a308686126804830c81a7d2a3495feda3b3a13b074b9958e0e6026759826516
0.0,0,baseline_reference,10,component-final-097cf70d695ce1077e80d968,4,Au-Cr-Cs-Dy,0,0,0,0,1,0,0,18,3,0,0,18,0,0,0,0,0,0,10,18,0,0,0,0,0,18,0,0,18,0,0,0,0,18,0,0,0,0,0,3,0,0,0,0,0,18,0.49998313188552856,0.5004042387008667,0,0.3,6,354.9213970899582,0,11,60,60,"{""generate_structures"":3,""score_buffer"":2,""select_for_evaluation"":13}",6a308686126804830c81a7d2a3495feda3b3a13b074b9958e0e6026759826516
0.0,0,full_support_aware,10,support-final-1a6965c14309d0ed9c706be0,2,Au-Cr-Cs-Dy,0,0,0,0,2,0,0,22,4,0,0,0,6,16,0,0,0,0,10,22,0,0,0,0,0,0,0,0,22,0,0,0,16,0,6,0,0,0,0,4,0,0,0,0,0,22,0.49942177534103394,0.5009022951126099,0,0.7,3,859.7652381695807,448.6037618080154,11,67,67,"{""generate_structures"":6,""score_buffer"":2,""select_for_evaluation"":14}",d97a518f339174fd21c002e41617a80554d73facffc3c440584f32d7e9314b85
0.0,0,full_support_aware,10,support-final-179fb1443eef703a0e7c9ccc,3,Au-Cr-Cs-Dy,0,0,0,0,1,0,0,16,1,0,0,0,7,9,0,0,0,0,10,16,0,0,0,0,0,0,0,0,16,0,0,0,9,0,7,0,0,0,0,1,0,0,0,0,0,16,0.4991697669029236,0.5009299516677856,0,0.3,6,739.0625412119552,427.1015721447766,11,0,,"{""generate_structures"":5,""select_for_evaluation"":11}",d97a518f339174fd21c002e41617a80554d73facffc3c440584f32d7e9314b85
0.0,0,full_support_aware,10,support-final-94123f30d5f5618c1f669b29,4,Au-Cr-Cs-Dy,3,0,0,0,1,0,0,16,0,0,3,0,12,7,0,0,0,0,10,19,0,0,3,3,3,0,3,3,16,0,0,0,7,0,12,0,0,0,0,0,0,0,3,0,0,16,0.4994944632053375,0.5007664561271667,0,0.4,4,1023.8038343423977,598.5887340111658,11,52,52,"{""generate_structures"":2,""query_structures"":3,""score_buffer"":1,""select_for_evaluation"":10}",d97a518f339174fd21c002e41617a80554d73facffc3c440584f32d7e9314b85
0.11,1,baseline_reference,10,component-final-d162af62e35cb5b102460cac,2,Au-Tb-V-Y,0,0,0,0,2,1,0,19,0,0,0,19,0,0,0,0,0,0,10,19,0,0,0,0,0,19,0,0,19,0,0,0,0,19,0,0,0,0,0,0,0,0,0,0,0,19,0.4999118149280548,0.5002874732017517,0,0.4,5,441.4397158687934,0,23,139,139,"{""generate_structures"":6,""score_buffer"":3,""select_for_evaluation"":10}",6a308686126804830c81a7d2a3495feda3b3a13b074b9958e0e6026759826516
0.18,2,baseline_reference,10,component-final-98ec36cd075666fe04f30595,3,Au-Tb-V-Y,0,0,0,0,2,2,0,29,2,0,0,29,0,0,0,0,0,0,10,29,0,0,0,0,0,29,0,0,29,0,0,0,0,29,0,0,0,0,0,2,0,0,0,0,0,29,0.49984192848205566,0.5002959966659546,0,0.3,8,453.86885461676866,0,23,85,85,"{""generate_structures"":15,""score_buffer"":2,""select_for_evaluation"":12}",6a308686126804830c81a7d2a3495feda3b3a13b074b9958e0e6026759826516
0.0,0,baseline_reference,10,component-final-67fc6276065678190cd1668f,4,Au-Tb-V-Y,0,0,0,0,1,0,0,23,4,0,0,23,0,0,0,0,0,0,10,23,0,0,0,0,0,23,0,0,23,0,0,0,0,23,0,0,0,0,0,4,0,0,0,0,0,23,0.49986639618873596,0.5004290342330933,0,0.5,5,458.34044604562223,0,23,143,143,"{""generate_structures"":8,""score_buffer"":1,""select_for_evaluation"":14}",6a308686126804830c81a7d2a3495feda3b3a13b074b9958e0e6026759826516
0.0,0,full_support_aware,10,support-final-8ddd13950a3b79b7029e9ad3,2,Au-Tb-V-Y,1,0,0,0,3,0,0,17,0,0,1,0,9,9,0,0,0,0,10,18,0,0,1,1,1,0,1,1,17,0,0,0,9,0,9,0,0,0,0,0,0,0,1,0,0,17,0.4993736147880554,0.5007129907608032,0,0.9,2,979.3435084596276,682.0302835498005,23,0,,"{""generate_structures"":6,""query_structures"":1,""select_for_evaluation"":10}",d97a518f339174fd21c002e41617a80554d73facffc3c440584f32d7e9314b85
0.0,0,full_support_aware,10,support-final-a691d7b00562ab02ca35448b,3,Au-Tb-V-Y,0,0,0,0,0,0,0,18,1,0,0,0,17,1,0,0,0,0,10,18,0,0,0,0,0,0,0,0,18,0,0,0,1,0,17,0,0,0,0,1,0,0,0,0,0,18,0.4993203580379486,0.501063346862793,0,0.5,4,1401.4624253939837,1008.6570879118517,23,104,104,"{""generate_structures"":6,""score_buffer"":1,""select_for_evaluation"":11}",d97a518f339174fd21c002e41617a80554d73facffc3c440584f32d7e9314b85
0.0,0,full_support_aware,10,support-final-78dcf45418fea8678fe997fa,4,Au-Tb-V-Y,2,0,0,0,0,0,0,13,0,0,1,0,8,7,1,0,0,0,10,15,0,0,1,1,1,0,1,1,13,0,0,0,7,0,8,0,0,0,0,0,1,1,2,0,0,14,0.49956515431404114,0.5008962750434875,0,0.6,3,881.3233592035249,586.4852566663176,23,0,,"{""generate_structures"":2,""query_structures"":1,""select_for_evaluation"":10}",d97a518f339174fd21c002e41617a80554d73facffc3c440584f32d7e9314b85
0.0,0,baseline_reference,10,component-final-dc0be1ae32cc4968091e77db,2,Ba-Nd-Ni-W,0,0,0,0,4,0,0,21,2,0,0,21,0,0,0,0,0,0,10,21,0,0,0,0,0,21,0,0,21,0,0,0,0,21,0,0,0,0,0,2,0,0,0,0,0,21,0.49987801909446716,0.5002287030220032,0,0.6,4,498.4446731507778,0,12,165,165,"{""generate_structures"":6,""score_buffer"":3,""select_for_evaluation"":12}",6a308686126804830c81a7d2a3495feda3b3a13b074b9958e0e6026759826516
0.0,0,baseline_reference,10,component-final-91e9365ecc653ed9cb2dd65d,3,Ba-Nd-Ni-W,1,0,0,0,0,0,0,20,2,0,1,21,0,0,0,0,1,0,10,21,0,0,0,0,0,21,1,0,20,0,0,0,0,21,0,0,0,0,0,2,0,0,1,0,0,20,0.49990901350975037,0.5003777742385864,0,0.2,7,366.58739982917905,0,12,33,33,"{""generate_structures"":6,""score_buffer"":2,""select_for_evaluation"":12}",6a308686126804830c81a7d2a3495feda3b3a13b074b9958e0e6026759826516
0.0,0,baseline_reference,10,component-final-a744d1f002d5515ae862af23,4,Ba-Nd-Ni-W,0,0,0,0,1,0,0,18,0,0,0,18,0,0,0,0,0,0,10,18,0,0,0,0,0,18,0,0,18,0,0,0,0,18,0,0,0,0,0,0,0,0,0,0,0,18,0.49985095858573914,0.5004079341888428,0,0.6,3,537.8120758039877,0,12,131,131,"{""generate_structures"":5,""score_buffer"":3,""select_for_evaluation"":10}",6a308686126804830c81a7d2a3495feda3b3a13b074b9958e0e6026759826516
0.0,0,full_support_aware,10,support-final-f09b3e784a0ddc04b0a7317a,2,Ba-Nd-Ni-W,0,0,0,0,0,0,0,17,1,0,0,0,12,5,0,0,0,0,10,17,0,0,0,0,0,0,0,0,17,0,0,0,5,0,12,0,0,0,0,1,0,0,0,0,0,17,0.4991609752178192,0.5010521411895752,0,0.2,6,976.5105373244733,604.7030329555273,12,29,29,"{""generate_structures"":5,""score_buffer"":1,""select_for_evaluation"":11}",d97a518f339174fd21c002e41617a80554d73facffc3c440584f32d7e9314b85
0.0,0,full_support_aware,10,support-final-f758821e9368aab76c064a86,3,Ba-Nd-Ni-W,1,0,0,0,0,0,0,22,1,0,0,0,19,4,1,0,0,0,10,23,0,0,0,0,0,0,0,0,22,0,0,0,4,0,19,0,0,0,0,1,1,1,1,0,0,23,0.4993295669555664,0.5011335015296936,0,0.2,7,1836.8036954207346,1036.284186172299,12,200,200,"{""generate_structures"":9,""score_buffer"":2,""select_for_evaluation"":11}",d97a518f339174fd21c002e41617a80554d73facffc3c440584f32d7e9314b85
0.0,0,full_support_aware,10,support-final-11d1fb0da6efb51372274b75,4,Ba-Nd-Ni-W,5,0,0,0,1,0,0,22,3,0,3,0,11,16,2,0,0,0,10,27,0,0,3,3,3,0,3,3,22,0,0,0,16,0,11,0,0,0,0,3,2,2,5,0,0,24,0.49943310022354126,0.5006386041641235,0,0.7,3,1175.6705184001476,629.3792181713507,12,75,75,"{""generate_structures"":5,""query_structures"":3,""score_buffer"":1,""select_for_evaluation"":13}",d97a518f339174fd21c002e41617a80554d73facffc3c440584f32d7e9314b85
0.07,1,baseline_reference,10,component-final-251fda107f2a15d6293fdf18,2,Ce-Ir-Pt-Sn,1,0,0,0,1,1,0,24,4,0,1,25,0,0,0,0,1,0,10,25,0,0,0,0,0,25,1,0,24,0,0,0,0,25,0,0,0,0,0,5,0,0,1,0,0,24,0.4998742640018463,0.5003304481506348,0,0.2,7,668.588401013054,0,45,114,114,"{""generate_structures"":7,""score_buffer"":3,""select_for_evaluation"":14}",6a308686126804830c81a7d2a3495feda3b3a13b074b9958e0e6026759826516
0.11,1,baseline_reference,10,component-final-6446602ec40cfb52bac4334d,3,Ce-Ir-Pt-Sn,0,0,0,0,3,1,0,23,0,0,0,23,0,0,0,0,0,0,10,23,0,0,0,0,0,23,0,0,23,0,0,0,0,23,0,0,0,0,0,0,0,0,0,0,0,23,0.49982160329818726,0.5002546906471252,0,0.7,3,524.0158343296498,0,45,161,161,"{""generate_structures"":10,""score_buffer"":3,""select_for_evaluation"":10}",6a308686126804830c81a7d2a3495feda3b3a13b074b9958e0e6026759826516
0.55,5,baseline_reference,10,component-final-d871efc4554e769daf1e3833,4,Ce-Ir-Pt-Sn,0,0,0,0,6,5,0,28,13,1,0,28,0,0,0,0,0,0,10,28,0,0,0,0,0,28,0,0,29,0,0,0,0,28,0,0,0,0,0,13,0,0,0,0,0,28,0.4998416304588318,0.5003429651260376,0,0.7,4,559.742550640367,0,45,123,123,"{""generate_structures"":5,""score_buffer"":1,""select_for_evaluation"":23}",6a308686126804830c81a7d2a3495feda3b3a13b074b9958e0e6026759826516
0.0,0,full_support_aware,10,support-final-f4faf6133fc3e50f03662f80,2,Ce-Ir-Pt-Sn,0,0,0,0,0,0,0,18,0,0,0,0,15,3,0,0,0,0,10,18,0,0,0,0,0,0,0,0,18,0,0,0,3,0,15,0,0,0,0,0,0,0,0,0,0,18,0.49934306740760803,0.5010156035423279,0,0.6,4,1013.3397024637088,631.5307683404535,45,29,29,"{""generate_structures"":7,""score_buffer"":1,""select_for_evaluation"":10}",d97a518f339174fd21c002e41617a80554d73facffc3c440584f32d7e9314b85
0.0,0,full_support_aware,10,support-final-f93aa971ea63b91e0dc892b3,3,Ce-Ir-Pt-Sn,0,0,0,0,3,0,0,20,2,0,0,0,12,8,0,0,0,0,10,20,0,0,0,0,0,0,0,0,20,0,0,0,8,0,12,0,0,0,0,2,0,0,0,0,0,20,0.49951255321502686,0.5008169412612915,0,0.5,4,1249.764094746206,870.2970919874497,45,0,,"{""generate_structures"":8,""select_for_evaluation"":12}",d97a518f339174fd21c002e41617a80554d73facffc3c440584f32d7e9314b85
0.0,0,full_support_aware,10,support-final-d77834ef35b45ec89bc441bf,4,Ce-Ir-Pt-Sn,1,0,0,0,0,0,0,17,2,0,1,0,13,5,0,0,0,0,10,18,0,0,1,1,1,0,1,1,17,0,0,0,5,0,13,0,0,0,0,2,0,0,1,0,0,17,0.49948835372924805,0.5009850263595581,0,0.5,4,1395.3945128396153,966.1412371480837,45,0,,"{""generate_structures"":4,""query_structures"":1,""select_for_evaluation"":12}",d97a518f339174fd21c002e41617a80554d73facffc3c440584f32d7e9314b85
0.0,0,baseline_reference,10,component-final-e1e2584451753c9a68515b9c,2,Co-Dy-Ta-Y,0,0,0,0,2,0,0,26,1,0,0,26,0,0,0,0,0,0,10,26,0,0,0,0,0,26,0,0,26,0,0,0,0,26,0,0,0,0,0,1,0,0,0,0,0,26,0.4998617470264435,0.5003056526184082,0,0.2,8,806.4478543950245,0,32,299,299,"{""generate_structures"":11,""score_buffer"":4,""select_for_evaluation"":11}",6a308686126804830c81a7d2a3495feda3b3a13b074b9958e0e6026759826516
0.0,0,baseline_reference,10,component-final-18353fabceca3a7f51383b08,3,Co-Dy-Ta-Y,0,0,0,0,2,0,0,23,2,0,0,23,0,0,0,0,0,0,10,23,0,0,0,0,0,23,0,0,23,0,0,0,0,23,0,0,0,0,0,2,0,0,0,0,0,23,0.4998854100704193,0.5004463791847229,0,0.5,6,684.7131256926805,0,32,211,211,"{""generate_structures"":7,""score_buffer"":4,""select_for_evaluation"":12}",6a308686126804830c81a7d2a3495feda3b3a13b074b9958e0e6026759826516
0.12,2,baseline_reference,10,component-final-23fc0277f36cbc5173086457,4,Co-Dy-Ta-Y,1,0,0,0,0,2,0,18,3,0,1,19,0,0,0,0,1,0,10,19,0,0,0,0,0,19,1,0,18,0,0,0,0,19,0,0,0,0,0,3,0,0,1,0,0,18,0.49991482496261597,0.5002166032791138,0,0.4,5,337.1087966617197,0,32,0,,"{""generate_structures"":5,""select_for_evaluation"":13}",6a308686126804830c81a7d2a3495feda3b3a13b074b9958e0e6026759826516
0.0,0,full_support_aware,10,support-final-7a5ae0a82032daf2b8670e82,2,Co-Dy-Ta-Y,1,0,0,0,0,0,0,20,1,0,1,0,15,6,0,0,0,0,10,21,0,0,1,1,1,0,1,1,20,0,0,0,6,0,15,0,0,0,0,1,0,0,1,0,0,20,0.49923983216285706,0.5009403228759766,0,0.2,7,1188.7677709357813,742.0166989369318,32,30,30,"{""generate_structures"":7,""get_buffer_stats"":1,""score_buffer"":1,""select_for_evaluation"":11}",d97a518f339174fd21c002e41617a80554d73facffc3c440584f32d7e9314b85
0.0,0,full_support_aware,10,support-final-bcf7b2f58a7d35a63c9622c1,3,Co-Dy-Ta-Y,0,0,0,0,1,0,0,17,3,0,0,0,14,3,0,0,0,0,10,17,0,0,0,0,0,0,0,0,17,0,0,0,3,0,14,0,0,0,0,3,0,0,0,0,0,17,0.4991784393787384,0.500946581363678,0,0.3,7,1244.7789471754804,908.0299591450021,32,0,,"{""generate_structures"":4,""select_for_evaluation"":13}",d97a518f339174fd21c002e41617a80554d73facffc3c440584f32d7e9314b85
0.0,0,full_support_aware,10,support-final-c8368ecb79793f58c6fb9e1d,4,Co-Dy-Ta-Y,0,0,0,0,0,0,0,18,2,0,0,0,13,5,0,0,0,0,10,18,0,0,0,0,0,0,0,0,18,0,0,0,5,0,13,0,0,0,0,3,0,0,0,0,0,18,0.4993397295475006,0.5010668635368347,0,0.4,4,1295.3866220512427,922.9845709642395,32,55,55,"{""generate_structures"":4,""score_buffer"":2,""select_for_evaluation"":12}",d97a518f339174fd21c002e41617a80554d73facffc3c440584f32d7e9314b85
0.0,0,baseline_reference,10,component-final-bc6d03adbbf9025116dc3880,2,Dy-K-Pd-Sm,1,0,0,0,1,0,0,24,3,0,1,25,0,0,0,0,1,0,10,25,0,0,0,0,0,25,1,0,24,0,0,0,0,25,0,0,0,0,0,3,0,0,1,0,0,24,0.4998478293418884,0.5003343224525452,0,0.3,6,529.5138332974166,0,17,123,123,"{""generate_structures"":7,""score_buffer"":4,""select_for_evaluation"":13}",6a308686126804830c81a7d2a3495feda3b3a13b074b9958e0e6026759826516
0.0,0,baseline_reference,10,component-final-145b2a1f666f8571e635f9f0,3,Dy-K-Pd-Sm,1,0,0,0,1,0,0,20,1,0,1,21,0,0,0,0,1,0,10,21,0,0,0,0,0,21,1,0,20,0,0,0,0,21,0,0,0,0,0,1,0,0,1,0,0,20,0.4998805820941925,0.5001444816589355,0,0.3,7,445.05792623758316,0,17,137,137,"{""generate_structures"":7,""score_buffer"":2,""select_for_evaluation"":11}",6a308686126804830c81a7d2a3495feda3b3a13b074b9958e0e6026759826516
0.0,0,baseline_reference,10,component-final-d7d60c4523f7442bcc1e14f0,4,Dy-K-Pd-Sm,2,0,0,0,1,0,0,17,1,0,2,19,0,0,0,0,2,0,10,19,0,0,0,0,0,19,2,0,17,0,0,0,0,19,0,0,0,0,0,2,0,0,2,0,0,17,0.4998568594455719,0.5001821517944336,0,0.7,2,302.69884678628296,0,17,0,,"{""generate_structures"":6,""select_for_evaluation"":11}",6a308686126804830c81a7d2a3495feda3b3a13b074b9958e0e6026759826516
0.0,0,full_support_aware,10,support-final-ae70b098ac34ffb7a212b8bc,2,Dy-K-Pd-Sm,1,0,0,0,0,0,0,15,0,0,1,0,3,13,0,0,0,0,10,16,0,0,1,1,1,0,1,1,15,0,0,0,13,0,3,0,0,0,0,0,0,0,1,0,0,15,0.49943023920059204,0.5007823705673218,0,0.5,3,647.3256028778851,328.40319716278464,17,0,,"{""generate_structures"":4,""get_buffer_stats"":1,""select_for_evaluation"":10}",d97a518f339174fd21c002e41617a80554d73facffc3c440584f32d7e9314b85
0.0,0,full_support_aware,10,support-final-1a4204701592b08309618c74,3,Dy-K-Pd-Sm,0,0,0,0,0,0,0,16,1,0,0,0,13,3,0,0,0,0,10,16,0,0,0,0,0,0,0,0,16,0,0,0,3,0,13,0,0,0,0,1,0,0,0,0,0,16,0.4992753565311432,0.5009840726852417,0,0.2,6,1223.5478382436559,840.5230197785422,17,112,112,"{""generate_structures"":4,""score_buffer"":1,""select_for_evaluation"":11}",d97a518f339174fd21c002e41617a80554d73facffc3c440584f32d7e9314b85
0.0,0,full_support_aware,10,support-final-c09bab44c8ff79feca6fce50,4,Dy-K-Pd-Sm,2,0,0,0,10,0,0,28,13,1,2,0,19,11,0,0,0,0,10,30,0,0,2,2,2,0,2,2,29,0,0,0,11,0,19,0,0,0,0,14,0,0,2,0,0,28,0.49933141469955444,0.5009540319442749,0,0.4,5,1569.5381666487083,1008.537070565857,17,56,56,"{""generate_structures"":3,""get_buffer_stats"":1,""query_structures"":1,""score_buffer"":1,""select_for_evaluation"":23}",d97a518f339174fd21c002e41617a80554d73facffc3c440584f32d7e9314b85
0.0,0,baseline_reference,10,component-final-6f752c4aa7ce2b59b8b786ac,2,Eu-Nb-Sn-Tl,0,0,0,0,1,0,0,19,1,0,0,19,0,0,0,0,0,0,10,19,0,0,0,0,0,19,0,0,19,0,0,0,0,19,0,0,0,0,0,1,0,0,0,0,0,19,0.49986615777015686,0.500398576259613,0,0.2,7,552.2192379860207,0,21,162,162,"{""generate_structures"":6,""score_buffer"":2,""select_for_evaluation"":11}",6a308686126804830c81a7d2a3495feda3b3a13b074b9958e0e6026759826516
0.0,0,baseline_reference,10,component-final-5928474b7a9036a2bb1990fb,3,Eu-Nb-Sn-Tl,0,0,0,0,3,0,0,27,1,0,0,27,0,0,0,0,0,0,10,27,0,0,0,0,0,27,0,0,27,0,0,0,0,27,0,0,0,0,0,1,0,0,0,0,0,27,0.4998706877231598,0.5002508163452148,0,0.3,5,680.3874327531084,0,21,294,294,"{""generate_structures"":13,""score_buffer"":3,""select_for_evaluation"":11}",6a308686126804830c81a7d2a3495feda3b3a13b074b9958e0e6026759826516
0.0,0,baseline_reference,10,component-final-9687f2a9b14b25a12b50c7c7,4,Eu-Nb-Sn-Tl,1,0,0,0,2,0,0,18,1,0,1,19,0,0,0,0,1,0,10,19,0,0,0,0,0,19,1,0,18,0,0,0,0,19,0,0,0,0,0,2,0,0,1,0,0,18,0.4999389052391052,0.5003507733345032,0,0.4,4,367.08496888168156,0,21,72,72,"{""generate_structures"":4,""score_buffer"":3,""select_for_evaluation"":11}",6a308686126804830c81a7d2a3495feda3b3a13b074b9958e0e6026759826516
0.0,0,full_support_aware,10,support-final-0f1e8770273e505e68224b59,2,Eu-Nb-Sn-Tl,0,0,0,0,0,0,0,13,1,0,0,0,3,10,0,0,0,0,10,13,0,0,0,0,0,0,0,0,13,0,0,0,10,0,3,0,0,0,0,1,0,0,0,0,0,13,0.4990619122982025,0.5009605288505554,0,0.3,4,571.4319077525288,308.1444111717865,21,29,29,"{""generate_structures"":1,""score_buffer"":1,""select_for_evaluation"":11}",d97a518f339174fd21c002e41617a80554d73facffc3c440584f32d7e9314b85
0.0,0,full_support_aware,10,support-final-b3d4545a74174065634e7517,3,Eu-Nb-Sn-Tl,2,0,0,0,0,0,0,17,1,0,2,0,15,4,0,0,0,0,10,19,0,0,1,2,2,0,1,1,17,0,0,0,4,0,15,0,0,0,0,1,1,1,2,0,0,17,0.49925532937049866,0.5011083483695984,0,0.4,5,1296.3744145212695,886.8541205888614,21,85,85,"{""generate_structures"":4,""query_structures"":1,""score_buffer"":1,""select_for_evaluation"":11}",d97a518f339174fd21c002e41617a80554d73facffc3c440584f32d7e9314b85
0.0,0,full_support_aware,10,support-final-68c4bdcc7cbe6c5417bc18b6,4,Eu-Nb-Sn-Tl,1,0,0,0,0,0,0,15,1,0,0,0,8,8,0,0,0,0,10,16,0,0,1,1,1,0,1,1,15,0,0,0,8,0,8,0,0,0,0,1,0,0,1,0,0,16,0.49952229857444763,0.5008006691932678,0,0.5,2,889.0720930323005,576.2545486614108,21,36,36,"{""generate_structures"":2,""query_structures"":1,""score_buffer"":1,""select_for_evaluation"":11}",d97a518f339174fd21c002e41617a80554d73facffc3c440584f32d7e9314b85
0.19,1,baseline_reference,10,component-final-6d5473721558c3870efb2bf0,2,Ag-Nd-Pd-Pt-Tb,1,0,0,0,2,1,0,17,1,0,1,18,0,0,0,0,1,0,10,18,0,0,0,0,0,18,1,0,17,0,0,0,0,18,0,0,0,0,0,1,0,0,1,0,0,17,0.49990585446357727,0.5003318786621094,0,0.8,3,275.91738468501717,0,53,31,31,"{""generate_structures"":5,""score_buffer"":1,""select_for_evaluation"":11}",6a308686126804830c81a7d2a3495feda3b3a13b074b9958e0e6026759826516
0.43,5,baseline_reference,10,component-final-4477c900e2dd8e31a3b70f25,3,Ag-Nd-Pd-Pt-Tb,0,0,0,0,2,5,0,27,1,0,0,27,0,0,0,0,0,0,10,27,0,0,0,0,0,27,0,0,27,0,0,0,0,27,0,0,0,0,0,1,0,0,0,0,0,27,0.49987664818763733,0.5006553530693054,0,0.3,6,570.3555844649673,0,53,272,272,"{""generate_structures"":12,""query_structures"":1,""score_buffer"":3,""select_for_evaluation"":11}",6a308686126804830c81a7d2a3495feda3b3a13b074b9958e0e6026759826516
0.51,3,baseline_reference,10,component-final-8105dcb6063a8c1ee4d7a3df,4,Ag-Nd-Pd-Pt-Tb,0,0,0,0,0,3,0,13,0,0,0,13,0,0,0,0,0,0,10,13,0,0,0,0,0,13,0,0,13,0,0,0,0,13,0,0,0,0,0,0,0,0,0,0,0,13,0.49993377923965454,0.5002337694168091,0,0.3,4,200.2917622588575,0,53,0,,"{""generate_structures"":3,""select_for_evaluation"":10}",6a308686126804830c81a7d2a3495feda3b3a13b074b9958e0e6026759826516
0.46,4,full_support_aware,10,support-final-6c28174809966ea018c63137,2,Ag-Nd-Pd-Pt-Tb,1,0,0,0,0,4,0,15,0,0,0,0,11,5,1,0,0,0,10,16,0,0,0,0,0,0,0,0,15,0,0,0,5,0,11,0,0,0,0,0,1,1,1,0,0,16,0.49935251474380493,0.5007373094558716,0,0.4,5,975.4317492758855,716.0479808077216,53,0,,"{""generate_structures"":5,""select_for_evaluation"":10}",d97a518f339174fd21c002e41617a80554d73facffc3c440584f32d7e9314b85
0.6,6,full_support_aware,10,support-final-d3ad42e7f0dde4d4ca7c4597,3,Ag-Nd-Pd-Pt-Tb,0,0,0,0,2,6,0,17,0,0,0,0,10,7,0,0,0,0,10,17,0,0,0,0,0,0,0,0,17,0,0,0,7,0,10,0,0,0,0,0,0,0,0,0,0,17,0.49938082695007324,0.5007247924804688,0,0.7,3,895.1963075520471,542.8037537061609,53,144,144,"{""generate_structures"":6,""score_buffer"":1,""select_for_evaluation"":10}",d97a518f339174fd21c002e41617a80554d73facffc3c440584f32d7e9314b85
0.51,3,full_support_aware,10,support-final-30f1e953c1dbaef67ba1cbfd,4,Ag-Nd-Pd-Pt-Tb,2,0,0,0,0,3,0,14,1,0,1,0,7,9,1,0,0,0,10,16,0,0,1,1,1,0,1,1,14,0,0,0,9,0,7,0,0,0,0,2,1,1,2,0,0,15,0.4994775652885437,0.5002636909484863,0,1.0,1,787.8321098983288,521.6222075968981,53,0,,"{""generate_structures"":2,""query_structures"":1,""select_for_evaluation"":11}",d97a518f339174fd21c002e41617a80554d73facffc3c440584f32d7e9314b85
0.77,7,baseline_reference,10,component-final-65359526d44b738db68c8fa8,2,Al-Hg-K-Mg-W,2,0,0,0,2,7,0,18,1,0,3,21,0,0,0,0,2,0,10,21,0,0,0,0,0,21,1,0,19,0,0,0,0,21,0,0,0,0,0,2,0,0,3,0,0,18,0.49986591935157776,0.5002645254135132,0,0.8,3,350.1016256734729,0,59,7,7,"{""generate_structures"":6,""score_buffer"":1,""select_for_evaluation"":11}",6a308686126804830c81a7d2a3495feda3b3a13b074b9958e0e6026759826516
0.0,0,baseline_reference,10,component-final-d006a0b67ef88cf1f691d6ec,3,Al-Hg-K-Mg-W,0,0,0,0,1,0,0,22,0,0,0,22,0,0,0,0,0,0,10,22,0,0,0,0,0,22,0,0,22,0,0,0,0,22,0,0,0,0,0,0,0,0,0,0,0,22,0.4998515546321869,0.5004367232322693,0,0.2,8,650.6531161060557,0,59,247,247,"{""generate_structures"":9,""score_buffer"":3,""select_for_evaluation"":10}",6a308686126804830c81a7d2a3495feda3b3a13b074b9958e0e6026759826516
0.0,0,baseline_reference,10,component-final-1cf14bfc386a48587fb3d44f,4,Al-Hg-K-Mg-W,1,0,0,0,3,0,0,21,2,0,1,22,0,0,0,0,1,0,10,22,0,0,0,0,0,22,1,0,21,0,0,0,0,22,0,0,0,0,0,2,0,0,1,0,0,21,0.4998425841331482,0.5002196431159973,0,0.5,3,387.13527828175575,0,59,92,92,"{""generate_structures"":7,""score_buffer"":2,""select_for_evaluation"":12}",6a308686126804830c81a7d2a3495feda3b3a13b074b9958e0e6026759826516
0.0,0,full_support_aware,10,support-final-c3dbabc87b2a3c1267811fc6,2,Al-Hg-K-Mg-W,3,0,0,0,0,0,0,17,0,0,2,0,14,6,1,0,0,0,10,20,0,0,2,2,2,0,2,2,17,0,0,0,6,0,14,0,0,0,0,0,1,1,3,0,0,18,0.499517023563385,0.5009975433349609,0,0.4,5,1031.436831055209,613.3442092547193,59,29,29,"{""generate_structures"":5,""query_structures"":1,""score_buffer"":1,""select_for_evaluation"":10}",d97a518f339174fd21c002e41617a80554d73facffc3c440584f32d7e9314b85
0.0,0,full_support_aware,10,support-final-2c0f949340478ff86b9f81d9,3,Al-Hg-K-Mg-W,1,0,0,0,3,0,0,22,4,0,0,0,16,7,1,0,0,0,10,23,0,0,0,0,0,0,0,0,22,0,0,0,7,0,16,0,0,0,0,4,1,1,1,0,0,23,0.49940335750579834,0.5009775757789612,0,0.4,4,1513.919641775079,901.351464714855,59,160,160,"{""generate_structures"":6,""score_buffer"":2,""select_for_evaluation"":14}",d97a518f339174fd21c002e41617a80554d73facffc3c440584f32d7e9314b85
0.0,0,full_support_aware,10,support-final-142035217f6f1e4225b00a40,4,Al-Hg-K-Mg-W,1,0,0,0,2,0,0,16,0,0,0,0,7,10,1,0,0,0,10,17,0,0,0,0,0,0,0,0,16,0,0,0,10,0,7,0,0,0,0,0,1,1,1,0,0,17,0.49943509697914124,0.500517725944519,0,1.0,1,810.3200541436672,411.5345232151449,59,91,91,"{""generate_structures"":5,""score_buffer"":1,""select_for_evaluation"":10}",d97a518f339174fd21c002e41617a80554d73facffc3c440584f32d7e9314b85
0.0,0,baseline_reference,10,component-final-c17930ac49e496ac3296f57e,2,Al-Lu-Pt-Rb-Sm,0,0,0,0,1,0,0,19,1,0,0,19,0,0,0,0,0,0,10,19,0,0,0,0,0,19,0,0,19,0,0,0,0,19,0,0,0,0,0,1,0,0,0,0,0,19,0.4998609125614166,0.5003490447998047,0,0.3,7,408.37466463819146,0,46,71,71,"{""generate_structures"":5,""score_buffer"":3,""select_for_evaluation"":11}",6a308686126804830c81a7d2a3495feda3b3a13b074b9958e0e6026759826516
0.23,3,baseline_reference,10,component-final-4cc5602a266350a3ae17a310,3,Al-Lu-Pt-Rb-Sm,0,0,0,0,1,3,0,22,0,0,0,22,0,0,0,0,0,0,10,22,0,0,0,0,0,22,0,0,22,0,0,0,0,22,0,0,0,0,0,0,0,0,0,0,0,22,0.49991193413734436,0.5005266666412354,0,0.4,4,542.1804403793067,0,46,233,233,"{""generate_structures"":9,""score_buffer"":3,""select_for_evaluation"":10}",6a308686126804830c81a7d2a3495feda3b3a13b074b9958e0e6026759826516
0.07,1,baseline_reference,10,component-final-ae7ed12937b3f100fde020f2,4,Al-Lu-Pt-Rb-Sm,0,0,0,0,0,1,0,20,1,0,0,20,0,0,0,0,0,0,10,20,0,0,0,0,0,20,0,0,20,0,0,0,0,20,0,0,0,0,0,1,0,0,0,0,0,20,0.4998709261417389,0.5002647042274475,0,0.3,6,280.3296998478472,0,46,0,,"{""generate_structures"":8,""query_structures"":1,""select_for_evaluation"":11}",6a308686126804830c81a7d2a3495feda3b3a13b074b9958e0e6026759826516
0.19,1,full_support_aware,10,support-final-5a61a9345b4783b8f063d9a7,2,Al-Lu-Pt-Rb-Sm,1,0,0,0,0,1,0,15,1,0,1,0,10,6,0,0,0,0,10,16,0,0,1,1,1,0,1,1,15,0,0,0,6,0,10,0,0,0,0,1,0,0,1,0,0,15,0.49905216693878174,0.5010146498680115,0,0.3,5,1192.8758453363553,875.3799139754847,46,0,,"{""generate_structures"":3,""query_structures"":1,""select_for_evaluation"":11}",d97a518f339174fd21c002e41617a80554d73facffc3c440584f32d7e9314b85
0.0,0,full_support_aware,10,support-final-b502ccb4f8782f2d8b1c3e47,3,Al-Lu-Pt-Rb-Sm,1,0,0,0,4,0,0,27,6,0,1,0,25,3,0,0,0,0,10,28,0,0,1,1,1,0,1,1,27,0,0,0,3,0,25,0,0,0,0,6,0,0,1,0,0,27,0.4993194043636322,0.5007086396217346,0,0.3,5,1672.494206934236,1018.1790748024359,46,143,143,"{""generate_structures"":9,""query_structures"":1,""score_buffer"":1,""select_for_evaluation"":16}",d97a518f339174fd21c002e41617a80554d73facffc3c440584f32d7e9314b85
0.43,3,full_support_aware,10,support-final-9bb7926ba1d6632718ebbc3a,4,Al-Lu-Pt-Rb-Sm,0,0,0,0,0,3,0,12,0,0,0,0,7,5,0,0,0,0,10,12,0,0,0,0,0,0,0,0,12,0,0,0,5,0,7,0,0,0,0,0,0,0,0,0,0,12,0.49946555495262146,0.5009248852729797,0,0.4,4,896.6372969672084,622.4171634092927,46,0,,"{""generate_structures"":2,""select_for_evaluation"":10}",d97a518f339174fd21c002e41617a80554d73facffc3c440584f32d7e9314b85
0.0,0,baseline_reference,10,component-final-b28b5fc4a83fc07263b11366,2,Ca-Fe-Gd-Pb-Tb,1,0,0,0,1,0,0,21,2,0,1,22,0,0,0,0,1,0,10,22,0,0,0,0,0,22,1,0,21,0,0,0,0,22,0,0,0,0,0,2,0,0,1,0,0,21,0.49987831711769104,0.5003252625465393,0,0.3,7,471.18553949985653,0,23,69,69,"{""generate_structures"":6,""score_buffer"":3,""select_for_evaluation"":12}",6a308686126804830c81a7d2a3495feda3b3a13b074b9958e0e6026759826516
0.0,0,baseline_reference,10,component-final-6abc8e718c069a146b0c5e5b,3,Ca-Fe-Gd-Pb-Tb,1,0,0,0,1,0,0,24,3,0,2,26,0,0,0,0,1,0,10,26,0,0,0,0,0,26,0,0,25,0,0,0,0,26,0,0,0,0,0,3,0,0,2,0,0,24,0.49986031651496887,0.500266432762146,0,0.3,7,676.4291878277436,0,23,228,228,"{""generate_structures"":9,""score_buffer"":2,""select_for_evaluation"":13}",6a308686126804830c81a7d2a3495feda3b3a13b074b9958e0e6026759826516
0.0,0,baseline_reference,10,component-final-532a361b05032f301afc1699,4,Ca-Fe-Gd-Pb-Tb,1,0,0,0,0,0,0,16,0,0,1,17,0,0,0,0,1,0,10,17,0,0,0,0,0,17,1,0,16,0,0,0,0,17,0,0,0,0,0,0,0,0,1,0,0,16,0.4998919665813446,0.5003138780593872,0,0.3,5,333.2459119623527,0,23,76,76,"{""generate_structures"":5,""score_buffer"":1,""select_for_evaluation"":10}",6a308686126804830c81a7d2a3495feda3b3a13b074b9958e0e6026759826516
0.0,0,full_support_aware,10,support-final-2bdf4f4539b5b6ae72a60fac,2,Ca-Fe-Gd-Pb-Tb,1,0,0,0,7,0,0,26,12,0,1,0,5,22,0,0,0,0,10,27,0,0,1,1,1,0,1,1,26,0,0,0,22,0,5,0,0,0,0,12,0,0,1,0,0,26,0.49909207224845886,0.500729501247406,0,0.5,3,1069.5308801373467,537.6780995605513,23,0,,"{""generate_structures"":3,""get_buffer_stats"":1,""select_for_evaluation"":22}",d97a518f339174fd21c002e41617a80554d73facffc3c440584f32d7e9314b85
0.0,0,full_support_aware,10,support-final-acda679def71028b23706c2f,3,Ca-Fe-Gd-Pb-Tb,0,0,0,0,0,0,0,16,1,0,0,0,7,9,0,0,0,0,10,16,0,0,0,0,0,0,0,0,16,0,0,0,9,0,7,0,0,0,0,1,0,0,0,0,0,16,0.4986880421638489,0.5008431673049927,0,0.5,4,694.0133038088679,364.88119189068675,23,0,,"{""generate_structures"":5,""select_for_evaluation"":11}",d97a518f339174fd21c002e41617a80554d73facffc3c440584f32d7e9314b85
0.0,0,full_support_aware,10,support-final-28b4fd45d1819442599e5943,4,Ca-Fe-Gd-Pb-Tb,2,0,0,0,2,0,0,20,4,0,2,0,8,14,0,0,0,0,10,22,0,0,2,2,2,0,2,2,20,0,0,0,14,0,8,0,0,0,0,4,0,0,2,0,0,20,0.4987800717353821,0.5008750557899475,0,0.3,5,879.1434437027201,412.6852700076997,23,52,52,"{""generate_structures"":3,""get_buffer_stats"":1,""query_structures"":1,""score_buffer"":1,""select_for_evaluation"":14}",d97a518f339174fd21c002e41617a80554d73facffc3c440584f32d7e9314b85
0.0,0,baseline_reference,10,component-final-a513710c85a55f372c5d8c88,2,Co-Hg-Mg-Sr-W,0,0,0,0,2,0,0,19,0,0,0,19,0,0,0,0,0,0,10,19,0,0,0,0,0,19,0,0,19,0,0,0,0,19,0,0,0,0,0,0,0,0,0,0,0,19,0.49989351630210876,0.500486433506012,0,0.3,5,577.71304147318,0,78,153,153,"{""generate_structures"":6,""score_buffer"":3,""select_for_evaluation"":10}",6a308686126804830c81a7d2a3495feda3b3a13b074b9958e0e6026759826516
0.0,0,baseline_reference,10,component-final-64e47eadb495964256adfe81,3,Co-Hg-Mg-Sr-W,2,0,0,0,2,0,0,27,0,0,2,29,0,0,0,0,2,0,10,29,0,0,0,0,0,29,2,0,27,0,0,0,0,29,0,0,0,0,0,1,0,0,2,0,0,27,0.49986281991004944,0.5006507039070129,0,0.4,5,570.6305083194748,0,78,135,135,"{""generate_structures"":13,""score_buffer"":4,""select_for_evaluation"":10}",6a308686126804830c81a7d2a3495feda3b3a13b074b9958e0e6026759826516
0.0,0,baseline_reference,10,component-final-224d04eaabe5456c3162051a,4,Co-Hg-Mg-Sr-W,0,0,0,0,1,0,0,14,1,0,0,14,0,0,0,0,0,0,10,14,0,0,0,0,0,14,0,0,14,0,0,0,0,14,0,0,0,0,0,1,0,0,0,0,0,14,0.4999803304672241,0.5002694725990295,0,0.3,5,248.3505577556789,0,78,0,,"{""generate_structures"":3,""select_for_evaluation"":11}",6a308686126804830c81a7d2a3495feda3b3a13b074b9958e0e6026759826516
0.0,0,full_support_aware,10,support-final-3a3a869a8793e7c692b548cd,2,Co-Hg-Mg-Sr-W,1,0,0,0,0,0,0,13,0,0,0,0,4,10,1,0,0,0,10,14,0,0,0,0,0,0,0,0,13,0,0,0,10,0,4,0,0,0,0,0,1,1,1,0,0,14,0.49970942735671997,0.5008549690246582,0,0.5,3,679.694156890735,395.3679600637406,78,31,31,"{""generate_structures"":2,""score_buffer"":1,""select_for_evaluation"":10}",d97a518f339174fd21c002e41617a80554d73facffc3c440584f32d7e9314b85
0.0,0,full_support_aware,10,support-final-f9c14019936954a64d23b95b,3,Co-Hg-Mg-Sr-W,0,0,0,0,4,0,0,22,4,0,0,0,14,8,0,0,0,0,10,22,0,0,0,0,0,0,0,0,22,0,0,0,8,0,14,0,0,0,0,4,0,0,0,0,0,22,0.4991922378540039,0.5008574724197388,0,0.5,4,1602.3809926565737,966.2197788963094,78,158,158,"{""generate_structures"":7,""score_buffer"":1,""select_for_evaluation"":14}",d97a518f339174fd21c002e41617a80554d73facffc3c440584f32d7e9314b85
0.0,0,full_support_aware,10,support-final-2102d03048df4cb242e0ff09,4,Co-Hg-Mg-Sr-W,0,0,0,0,0,0,0,15,1,0,0,0,9,6,0,0,0,0,10,15,0,0,0,0,0,0,0,0,15,0,0,0,6,0,9,0,0,0,0,1,0,0,0,0,0,15,0.49959632754325867,0.5007168054580688,0,0.5,3,936.3884960399009,605.7694544391707,78,47,47,"{""generate_structures"":3,""score_buffer"":1,""select_for_evaluation"":11}",d97a518f339174fd21c002e41617a80554d73facffc3c440584f32d7e9314b85
0.34,4,baseline_reference,10,component-final-9cf49217c4fb8cde38e7330c,2,Cr-Fe-Lu-Pt-Sc,1,0,0,0,1,4,0,25,7,0,2,27,0,0,0,0,1,0,10,27,0,0,0,0,0,27,0,0,26,0,0,0,0,27,0,0,0,0,0,10,0,0,2,0,0,25,0.4999278783798218,0.5006356835365295,0,0.3,6,414.9498953409493,0,32,0,,"{""generate_structures"":6,""score_buffer"":2,""select_for_evaluation"":17}",6a308686126804830c81a7d2a3495feda3b3a13b074b9958e0e6026759826516
0.0,0,baseline_reference,10,component-final-b9159a1f0378fcfcd0e1d667,3,Cr-Fe-Lu-Pt-Sc,0,0,0,0,3,0,0,22,1,0,0,22,0,0,0,0,0,0,10,22,0,0,0,0,0,22,0,0,22,0,0,0,0,22,0,0,0,0,0,1,0,0,0,0,0,22,0.4998612701892853,0.500237762928009,0,0.3,5,585.096407388337,0,32,227,227,"{""generate_structures"":8,""score_buffer"":3,""select_for_evaluation"":11}",6a308686126804830c81a7d2a3495feda3b3a13b074b9958e0e6026759826516
0.0,0,baseline_reference,10,component-final-fcda402ce1a7c8e4ecf13096,4,Cr-Fe-Lu-Pt-Sc,1,0,0,0,0,0,0,15,1,0,1,16,0,0,0,0,1,0,10,16,0,0,0,0,0,16,1,0,15,0,0,0,0,16,0,0,0,0,0,1,0,0,1,0,0,15,0.4999876022338867,0.5003406405448914,0,0.6,3,274.73577915597707,0,32,0,,"{""generate_structures"":4,""select_for_evaluation"":11}",6a308686126804830c81a7d2a3495feda3b3a13b074b9958e0e6026759826516
0.0,0,full_support_aware,10,support-final-9e8cef5805e83a07574eb99f,2,Cr-Fe-Lu-Pt-Sc,1,0,0,0,5,0,0,26,7,0,1,0,24,3,0,0,0,0,10,27,0,0,1,1,1,0,1,1,26,0,0,0,3,0,24,0,0,0,0,7,0,0,1,0,0,26,0.4990043342113495,0.5009847283363342,0,0.7,3,1504.2170715332031,954.9120373558253,32,89,89,"{""generate_structures"":5,""query_structures"":1,""score_buffer"":3,""select_for_evaluation"":17}",d97a518f339174fd21c002e41617a80554d73facffc3c440584f32d7e9314b85
0.0,0,full_support_aware,10,support-final-c34e04be300f0c5f430c387c,3,Cr-Fe-Lu-Pt-Sc,0,0,0,0,0,0,0,18,4,0,0,0,9,9,0,0,0,0,10,18,0,0,0,0,0,0,0,0,18,0,0,0,9,0,9,0,0,0,0,4,0,0,0,0,0,18,0.49899056553840637,0.5007819533348083,0,0.6,2,898.2964323200285,503.00319111160934,32,0,,"{""generate_structures"":4,""select_for_evaluation"":14}",d97a518f339174fd21c002e41617a80554d73facffc3c440584f32d7e9314b85
0.0,0,full_support_aware,10,support-final-1674c98146b1c7b360ca7907,4,Cr-Fe-Lu-Pt-Sc,0,0,0,0,1,0,0,12,1,0,0,0,4,8,0,0,0,0,10,12,0,0,0,0,0,0,0,0,12,0,0,0,8,0,4,0,0,0,0,1,0,0,0,0,0,12,0.4984667897224426,0.5007660984992981,0,0.9,2,680.0912990188226,368.413379133679,32,0,,"{""generate_structures"":1,""select_for_evaluation"":11}",d97a518f339174fd21c002e41617a80554d73facffc3c440584f32d7e9314b85
0.17,1,baseline_reference,10,component-final-6d5788088f572deb59826e4b,2,Ho-In-Mg-Pd-Zr,0,0,0,0,4,1,0,22,1,0,0,22,0,0,0,0,0,0,10,22,0,0,0,0,0,22,0,0,22,0,0,0,0,22,0,0,0,0,0,1,0,0,0,0,0,22,0.4998869001865387,0.5002959966659546,0,0.7,4,448.9155487380922,0,126,209,209,"{""generate_structures"":8,""score_buffer"":3,""select_for_evaluation"":11}",6a308686126804830c81a7d2a3495feda3b3a13b074b9958e0e6026759826516
0.07,1,baseline_reference,10,component-final-b6bb705f33cda63a3a660cac,3,Ho-In-Mg-Pd-Zr,1,0,0,0,2,1,0,25,3,0,1,26,0,0,0,0,1,0,10,26,0,0,0,0,0,26,1,0,25,0,0,0,0,26,0,0,0,0,0,3,0,0,1,0,0,25,0.49980637431144714,0.5002482533454895,0,0.4,6,597.1493658460677,0,126,200,200,"{""generate_structures"":8,""list_compositions"":1,""score_buffer"":3,""select_for_evaluation"":13}",6a308686126804830c81a7d2a3495feda3b3a13b074b9958e0e6026759826516
0.0,0,baseline_reference,10,component-final-c246d769152139fcab5c4e2b,4,Ho-In-Mg-Pd-Zr,0,0,0,0,1,0,0,19,2,0,0,19,0,0,0,0,0,0,10,19,0,0,0,0,0,19,0,0,19,0,0,0,0,19,0,0,0,0,0,2,0,0,0,0,0,19,0.49988725781440735,0.5002451539039612,0,0.2,9,474.7743704589084,0,126,146,146,"{""generate_structures"":5,""score_buffer"":2,""select_for_evaluation"":12}",6a308686126804830c81a7d2a3495feda3b3a13b074b9958e0e6026759826516
0.42,4,full_support_aware,10,support-final-9389374cf75d2e5afbad8e5b,2,Ho-In-Mg-Pd-Zr,1,0,0,0,1,4,0,20,4,0,1,0,15,6,0,0,0,0,10,21,0,0,1,1,1,0,1,1,20,0,0,0,6,0,15,0,0,0,0,4,0,0,1,0,0,20,0.4990334212779999,0.5009086728096008,0,0.3,5,1368.8649781621061,970.2894362569787,126,0,,"{""generate_structures"":6,""select_for_evaluation"":14}",d97a518f339174fd21c002e41617a80554d73facffc3c440584f32d7e9314b85
0.0,0,full_support_aware,10,support-final-6035442f1876211a63d2cc4e,3,Ho-In-Mg-Pd-Zr,1,0,0,0,2,0,0,18,1,0,0,0,10,9,1,0,0,0,10,19,0,0,0,0,0,0,0,0,18,0,0,0,9,0,10,0,0,0,0,1,1,1,1,0,0,19,0.4991784393787384,0.500639021396637,0,0.5,4,972.3828095369972,544.2099212300964,126,96,96,"{""generate_structures"":6,""score_buffer"":1,""select_for_evaluation"":11}",d97a518f339174fd21c002e41617a80554d73facffc3c440584f32d7e9314b85
0.0,0,full_support_aware,10,support-final-d1780b8b95311989d6038d2c,4,Ho-In-Mg-Pd-Zr,0,0,0,0,1,0,0,13,2,0,0,0,0,13,0,0,0,0,10,13,0,0,0,0,0,0,0,0,13,0,0,0,13,0,0,0,0,0,0,2,0,0,0,0,0,13,0.4990343749523163,0.5006453394889832,0,0.6,3,404.56281607970595,144.24671063758433,126,0,,"{""generate_structures"":1,""select_for_evaluation"":12}",d97a518f339174fd21c002e41617a80554d73facffc3c440584f32d7e9314b85
