task_id,seed,SUN_delta_full_minus_baseline,AUDC_delta_full_minus_baseline,baseline_job_id,baseline_official_SUN,baseline_official_AUDC,baseline_stable_new,baseline_stable,baseline_novel,baseline_non_novel,baseline_stable_non_novel,baseline_unstable_novel,baseline_unstable_non_novel,baseline_reclassified_loss,baseline_unique_formulas,baseline_formula_top1_fraction,baseline_exact_hash_repeated_in_episode,full_job_id,full_official_SUN,full_official_AUDC,full_stable_new,full_stable,full_novel,full_non_novel,full_stable_non_novel,full_unstable_novel,full_unstable_non_novel,full_reclassified_loss,full_unique_formulas,full_formula_top1_fraction,full_exact_hash_repeated_in_episode
Ag-Nd-Pd-Pt-Tb,1,9,0.11080000000000001,budget-final-made-553278be5f273fb812e92e50,10,0.1856,10,12,42,8,2,32,6,0,29,0.12,0,budget-final-made-a3a3592adc44012eb5ddeb3a,19,0.2964,19,30,34,16,11,15,5,0,10,0.26,0
Al-Hg-K-Mg-W,1,0,0.0,budget-final-made-a13f09c144491aaf6c5ae670,0,0.0,0,0,48,2,0,48,2,0,24,0.18,0,budget-final-made-e621dd32dab37ee731ce4f9a,0,0.0,0,0,50,0,0,50,0,0,17,0.18,0
Al-Li-V,1,-19,-0.3932,budget-final-made-6d233e5c4026401bfeed1cb5,22,0.4776,22,34,38,12,12,16,0,0,12,0.28,0,budget-final-made-eb1a75750247f9ba7198b375,3,0.0844,3,3,46,4,0,43,4,0,26,0.1,0
Al-Lu-Pt-Rb-Sm,1,3,0.1148,budget-final-made-56691d215b7bf0d1fb39ac0e,0,0.0,0,0,45,5,0,45,5,0,20,0.14,0,budget-final-made-187861cee7674983bd8790b2,3,0.1148,3,6,37,13,3,34,10,0,15,0.3,0
Al-V-Zn,1,-5,-0.10599999999999998,budget-final-made-ea0a4f6b50bab082d34b533f,22,0.5,22,42,29,21,20,7,1,0,9,0.3,0,budget-final-made-8aea41d2e366c782ee520a2b,17,0.394,18,30,37,13,12,19,1,1,12,0.2,0
Au-Cr-Cs-Dy,1,-14,-0.1224,budget-final-made-97d1fb7e98d5309331d50d42,14,0.1224,14,14,48,2,0,34,2,0,23,0.28,0,budget-final-made-8ca7d92576ad4c90ccffa3d0,0,0.0,0,0,41,9,0,41,9,0,10,0.32,0
Au-K-Tb,1,-6,-0.1328,budget-final-made-bf45d389db6c5a3804655cb7,8,0.1464,8,9,46,4,1,38,3,0,23,0.14,0,budget-final-made-8c995b568fd183ae5f7c6b0a,2,0.0136,2,12,29,21,10,27,11,0,2,0.72,0
Au-Tb-V-Y,1,0,0.0,budget-final-made-99ac8ae0e79f60c5b9a3d6ac,0,0.0,0,0,41,9,0,41,9,0,30,0.08,0,budget-final-made-371f12d508cc3c279aba7dd8,0,0.0,0,0,49,1,0,49,1,0,17,0.16,0
Ba-Be-Hf-Li,1,0,0.0,budget-final-made-b21b1bfa763e702ada5d4f06,0,0.0,0,0,46,4,0,46,4,0,27,0.12,0,budget-final-made-0a553a8fca3b3c1b6a1c0a7a,0,0.0,0,0,39,11,0,39,11,0,16,0.18,0
Ba-Nd-Ni-W,1,0,0.0,budget-final-made-27b340ac02680a520001fad4,0,0.0,0,0,48,2,0,48,2,0,18,0.18,0,budget-final-made-361749a605a9c1595ba3e5a1,0,0.0,0,0,22,28,0,22,28,0,1,1.0,0
Ca-Fe-Gd-Pb-Tb,1,-3,-0.05,budget-final-made-2a82fd8c529f1d994c979631,3,0.05,3,3,48,2,0,45,2,0,28,0.1,0,budget-final-made-59acc7bb234561ecbe03bebe,0,0.0,0,0,39,11,0,39,11,0,10,0.54,0
Ca-Pd-Sn-W,1,1,0.0396,budget-final-made-fbe5688a5197faa3a4f26367,0,0.0,0,0,44,6,0,44,6,0,16,0.2,0,budget-final-made-87d829b3213cc2ccb26373e1,1,0.0396,1,1,36,14,0,35,14,0,22,0.16,0
Cd-Gd-Mn-Na-Ta,1,0,0.0,budget-final-made-5cd0ddb780469e444a06fc62,0,0.0,0,0,48,2,0,48,2,0,21,0.12,0,budget-final-made-25d828a31bf2afcd937ff666,0,0.0,0,0,47,3,0,47,3,0,12,0.28,0
Cd-Li-Nd-Ti-W,1,1,0.0068000000000000005,budget-final-made-81de99ff284030717967ed76,2,0.0776,2,6,43,7,4,41,3,0,23,0.12,0,budget-final-made-a1d56889c767262394b770e2,3,0.0844,3,4,37,13,1,34,12,0,8,0.76,0
Ce-Er-Pb-Rh,1,6,0.11359999999999999,budget-final-made-442d6aac6d7fce0df3d1b5b9,3,0.0924,3,3,48,2,0,45,2,0,30,0.1,0,budget-final-made-a9f42a5c3df0697d731894c9,9,0.206,9,17,30,20,8,21,12,0,11,0.24,0
Ce-Ir-Pt-Sn,1,4,0.08080000000000001,budget-final-made-45365b504c0ac1b190013103,7,0.1644,8,11,37,13,3,29,10,1,18,0.12,0,budget-final-made-bb8159ca9a49151f7902da49,11,0.2452,11,23,37,13,12,26,1,0,10,0.3,0
Co-Dy-Ta-Y,1,11,0.1908,budget-final-made-d6fc96298c3f2bace02de4f1,0,0.0,0,0,49,1,0,49,1,0,33,0.08,0,budget-final-made-a69bf2fbb5e1c33fcc277477,11,0.1908,11,11,48,2,0,37,2,0,19,0.28,0
Co-Dy-W,1,-1,-0.034,budget-final-made-4852659a8da421cffe472868,1,0.034,1,2,40,10,1,39,9,0,24,0.12,0,budget-final-made-2aa23651070d557dd1798aaf,0,0.0,0,0,29,21,0,29,21,0,10,0.26,0
Co-Hf-In-Ru-Tm,1,0,0.0,budget-final-made-339cc9960fdb3dd15eb7a385,0,0.0,0,0,50,0,0,50,0,0,25,0.12,0,budget-final-made-696722e1920faee55ba5bb13,0,0.0,0,0,32,18,0,32,18,0,13,0.2,0
Co-Hg-Mg-Sr-W,1,4,0.1504,budget-final-made-4db6d3deb619f440b7b2c6e4,0,0.0,0,0,45,5,0,45,5,0,27,0.12,0,budget-final-made-b6f6d11565bd714bb5123b47,4,0.1504,4,5,28,22,1,24,21,0,18,0.14,0
Co-Mg-Na,1,0,0.0,budget-final-made-a4b419bfd299830e3ddd0ac9,0,0.0,0,0,46,4,0,46,4,0,20,0.28,0,budget-final-made-867bc3d2d51a6f76a133984a,0,0.0,0,0,36,14,0,36,14,0,17,0.26,0
Co-Pd-Tl,1,-27,-0.6547999999999999,budget-final-made-e5490b1842d80aa458d12c64,29,0.7068,29,36,43,7,7,14,0,0,18,0.14,0,budget-final-made-b9d3f700f718a9f5be723b23,2,0.052,2,2,42,8,0,40,8,0,19,0.14,0
Cr-Fe-Lu-Pt-Sc,1,0,0.0,budget-final-made-5580309187278a94e12a461b,0,0.0,0,0,44,6,0,44,6,0,15,0.28,0,budget-final-made-271c5a74480fa1c6c7400c98,0,0.0,0,0,34,16,0,34,16,0,1,1.0,0
Dy-K-Pd-Sm,1,0,0.0,budget-final-made-ce8c1d0d1e0ada7e7ba77722,0,0.0,0,0,47,3,0,47,3,0,18,0.18,0,budget-final-made-050eede50ef4209f220a4efa,0,0.0,0,0,42,8,0,42,8,0,18,0.14,0
Eu-Nb-Sn-Tl,1,0,0.0,budget-final-made-f4cbfacc7bbe6db828b0d13e,0,0.0,0,0,49,1,0,49,1,0,23,0.24,0,budget-final-made-5e63c3eda07bc06010145cf3,0,0.0,0,0,25,25,0,25,25,0,6,0.34,0
Ga-Ho-Lu,1,1,0.03159999999999996,budget-final-made-24b480a71e7c8ec3d54831ad,18,0.404,18,24,41,9,6,23,3,0,23,0.16,0,budget-final-made-3b2aabc82d30bd310fe51fa5,19,0.4356,19,23,41,9,4,22,5,0,19,0.16,0
Ga-Pt-Tm,1,-5,-0.066,budget-final-made-b6204e6724253ea7e4bf6271,18,0.3664,21,38,30,20,17,9,3,3,21,0.24,0,budget-final-made-393420e0fc1e90e5e8dfacef,13,0.3004,13,40,18,32,27,5,5,0,7,0.32,0
Hf-Ni-Zr,1,-1,0.03720000000000001,budget-final-made-81aef4f866f8676dc3cfc1ef,17,0.3236,17,18,46,4,1,29,3,0,20,0.12,0,budget-final-made-abfe69c6d613d729f001ae4c,16,0.3608,16,19,42,8,3,26,5,0,25,0.12,0
Ho-In-Mg-Pd-Zr,1,-18,-0.3392,budget-final-made-285f7a20c6d71c9f81b654b5,18,0.3392,18,21,44,6,3,26,3,0,19,0.16,0,budget-final-made-76df2600b6fe395bf48ab5d6,0,0.0,0,0,35,15,0,35,15,0,4,0.46,0
Mg-Sn-Sr,1,-27,-0.35960000000000003,budget-final-made-0e9440fea1447a2443ea9b28,41,0.7748,41,47,44,6,6,3,0,0,12,0.38,0,budget-final-made-10d466b36bfb2baaad28c932,14,0.4152,14,36,21,29,22,7,7,0,7,0.34,0
