arm,task_id,budget,metric,evaluation_seeds,complete_three_seeds,n,mean,sample_variance_ddof1,SD
baseline_reference,Al-Li-V,10,SUN,2;3;4,True,3,1.0,1.0,1.0
baseline_reference,Al-Li-V,10,AUDC,2;3;4,True,3,0.07666666666666666,0.005633333333333333,0.07505553499465135
baseline_reference,Al-Li-V,10,mSUN,2;3;4,True,3,0.10000000000000002,0.010000000000000002,0.1
baseline_reference,Al-Li-V,30,SUN,2;3,False,2,5.0,8.0,2.8284271247461903
baseline_reference,Al-Li-V,30,AUDC,2;3,False,2,0.12666666666666665,0.00019999999999999982,0.014142135623730944
baseline_reference,Al-Li-V,30,mSUN,2;3,False,2,0.16666666666666669,0.008888888888888889,0.09428090415820634
baseline_reference,Al-Li-V,50,SUN,2;3;4,True,3,9.0,31.0,5.5677643628300215
baseline_reference,Al-Li-V,50,AUDC,2;3;4,True,3,0.2292,0.01811152,0.13457904740337553
baseline_reference,Al-Li-V,50,mSUN,2;3;4,True,3,0.18000000000000002,0.012399999999999998,0.11135528725660043
baseline_reference,Al-V-Zn,10,SUN,2;3;4,True,3,5.0,1.0,1.0
baseline_reference,Al-V-Zn,10,AUDC,2;3;4,True,3,0.6166666666666667,0.010433333333333331,0.10214368964029708
baseline_reference,Al-V-Zn,10,mSUN,2;3;4,True,3,0.5,0.009999999999999995,0.09999999999999998
baseline_reference,Al-V-Zn,30,SUN,2;3,False,2,9.0,18.0,4.242640687119285
baseline_reference,Al-V-Zn,30,AUDC,2;3,False,2,0.31666666666666665,0.029335802469135797,0.17127697588740817
baseline_reference,Al-V-Zn,30,mSUN,2;3,False,2,0.30000000000000004,0.020000000000000004,0.14142135623730953
baseline_reference,Al-V-Zn,50,SUN,2;3;4,True,3,10.333333333333334,16.333333333333332,4.041451884327381
baseline_reference,Al-V-Zn,50,AUDC,2;3;4,True,3,0.22573333333333334,0.002251573333333334,0.04745074639384858
baseline_reference,Al-V-Zn,50,mSUN,2;3;4,True,3,0.20666666666666667,0.0065333333333333354,0.08082903768654762
baseline_reference,Au-K-Tb,10,SUN,2;3;4,True,3,1.3333333333333333,5.333333333333334,2.3094010767585034
baseline_reference,Au-K-Tb,10,AUDC,2;3;4,True,3,0.08666666666666667,0.022533333333333336,0.1501110699893027
baseline_reference,Au-K-Tb,10,mSUN,2;3;4,True,3,0.13333333333333333,0.053333333333333344,0.23094010767585033
baseline_reference,Au-K-Tb,30,SUN,2;3,False,2,13.0,98.0,9.899494936611665
baseline_reference,Au-K-Tb,30,AUDC,2;3,False,2,0.37222222222222223,0.11202222222222223,0.33469720976163253
baseline_reference,Au-K-Tb,30,mSUN,2;3,False,2,0.43333333333333335,0.10888888888888887,0.3299831645537222
baseline_reference,Au-K-Tb,50,SUN,2;3;4,True,3,12.666666666666666,12.333333333333332,3.511884584284246
baseline_reference,Au-K-Tb,50,AUDC,2;3;4,True,3,0.22453333333333333,0.004595573333333334,0.067790658156809
baseline_reference,Au-K-Tb,50,mSUN,2;3;4,True,3,0.25333333333333335,0.004933333333333335,0.07023769168568493
baseline_reference,Co-Dy-W,10,SUN,2;3;4,True,3,0.0,0.0,0.0
baseline_reference,Co-Dy-W,10,AUDC,2;3;4,True,3,0.0,0.0,0.0
baseline_reference,Co-Dy-W,10,mSUN,2;3;4,True,3,0.0,0.0,0.0
baseline_reference,Co-Dy-W,30,SUN,2;3,False,2,0.5,0.5,0.7071067811865476
baseline_reference,Co-Dy-W,30,AUDC,2;3,False,2,0.0038888888888888888,3.0246913580246912e-05,0.005499719409228703
baseline_reference,Co-Dy-W,30,mSUN,2;3,False,2,0.016666666666666666,0.0005555555555555556,0.023570226039551584
baseline_reference,Co-Dy-W,50,SUN,2;3;4,True,3,1.0,1.0,1.0
baseline_reference,Co-Dy-W,50,AUDC,2;3;4,True,3,0.027066666666666666,0.0009258133333333332,0.03042718083118009
baseline_reference,Co-Dy-W,50,mSUN,2;3;4,True,3,0.02,0.0004,0.02
baseline_reference,Co-Mg-Na,10,SUN,2;3;4,True,3,0.0,0.0,0.0
baseline_reference,Co-Mg-Na,10,AUDC,2;3;4,True,3,0.0,0.0,0.0
baseline_reference,Co-Mg-Na,10,mSUN,2;3;4,True,3,0.0,0.0,0.0
baseline_reference,Co-Mg-Na,30,SUN,2;3,False,2,0.0,0.0,0.0
baseline_reference,Co-Mg-Na,30,AUDC,2;3,False,2,0.0,0.0,0.0
baseline_reference,Co-Mg-Na,30,mSUN,2;3,False,2,0.0,0.0,0.0
baseline_reference,Co-Mg-Na,50,SUN,2,False,1,0.0,,
baseline_reference,Co-Mg-Na,50,AUDC,2,False,1,0.0,,
baseline_reference,Co-Mg-Na,50,mSUN,2,False,1,0.0,,
baseline_reference,Co-Pd-Tl,10,SUN,2;3;4,True,3,0.0,0.0,0.0
baseline_reference,Co-Pd-Tl,10,AUDC,2;3;4,True,3,0.0,0.0,0.0
baseline_reference,Co-Pd-Tl,10,mSUN,2;3;4,True,3,0.0,0.0,0.0
baseline_reference,Co-Pd-Tl,30,SUN,3,False,1,0.0,,
baseline_reference,Co-Pd-Tl,30,AUDC,3,False,1,0.0,,
baseline_reference,Co-Pd-Tl,30,mSUN,3,False,1,0.0,,
baseline_reference,Co-Pd-Tl,50,SUN,,False,0,,,
baseline_reference,Co-Pd-Tl,50,AUDC,,False,0,,,
baseline_reference,Co-Pd-Tl,50,mSUN,,False,0,,,
baseline_reference,Ga-Ho-Lu,10,SUN,2;3;4,True,3,4.666666666666667,0.33333333333333337,0.5773502691896258
baseline_reference,Ga-Ho-Lu,10,AUDC,2;3;4,True,3,0.43333333333333335,0.03523333333333334,0.1877054430040145
baseline_reference,Ga-Ho-Lu,10,mSUN,2;3;4,True,3,0.4666666666666666,0.003333333333333332,0.05773502691896256
baseline_reference,Ga-Ho-Lu,30,SUN,3,False,1,9.0,,
baseline_reference,Ga-Ho-Lu,30,AUDC,3,False,1,0.24333333333333335,,
baseline_reference,Ga-Ho-Lu,30,mSUN,3,False,1,0.3,,
baseline_reference,Ga-Ho-Lu,50,SUN,,False,0,,,
baseline_reference,Ga-Ho-Lu,50,AUDC,,False,0,,,
baseline_reference,Ga-Ho-Lu,50,mSUN,,False,0,,,
baseline_reference,Ga-Pt-Tm,10,SUN,2;3;4,True,3,4.0,3.0,1.7320508075688772
baseline_reference,Ga-Pt-Tm,10,AUDC,2;3;4,True,3,0.48666666666666664,0.012433333333333333,0.11150485789118487
baseline_reference,Ga-Pt-Tm,10,mSUN,2;3;4,True,3,0.39999999999999997,0.03,0.17320508075688773
baseline_reference,Ga-Pt-Tm,30,SUN,3,False,1,12.0,,
baseline_reference,Ga-Pt-Tm,30,AUDC,3,False,1,0.49333333333333335,,
baseline_reference,Ga-Pt-Tm,30,mSUN,3,False,1,0.4,,
baseline_reference,Ga-Pt-Tm,50,SUN,,False,0,,,
baseline_reference,Ga-Pt-Tm,50,AUDC,,False,0,,,
baseline_reference,Ga-Pt-Tm,50,mSUN,,False,0,,,
baseline_reference,Hf-Ni-Zr,10,SUN,2;3;4,True,3,6.0,4.0,2.0
baseline_reference,Hf-Ni-Zr,10,AUDC,2;3;4,True,3,0.7466666666666667,0.00893333333333333,0.09451631252505215
baseline_reference,Hf-Ni-Zr,10,mSUN,2;3;4,True,3,0.6,0.04000000000000001,0.2
baseline_reference,Hf-Ni-Zr,30,SUN,3,False,1,9.0,,
baseline_reference,Hf-Ni-Zr,30,AUDC,3,False,1,0.4077777777777778,,
baseline_reference,Hf-Ni-Zr,30,mSUN,3,False,1,0.3,,
baseline_reference,Hf-Ni-Zr,50,SUN,,False,0,,,
baseline_reference,Hf-Ni-Zr,50,AUDC,,False,0,,,
baseline_reference,Hf-Ni-Zr,50,mSUN,,False,0,,,
baseline_reference,Mg-Sn-Sr,10,SUN,2;3;4,True,3,4.666666666666667,5.333333333333333,2.309401076758503
baseline_reference,Mg-Sn-Sr,10,AUDC,2;3;4,True,3,0.45333333333333337,0.04973333333333334,0.22300971578236975
baseline_reference,Mg-Sn-Sr,10,mSUN,2;3;4,True,3,0.4666666666666666,0.05333333333333333,0.2309401076758503
baseline_reference,Mg-Sn-Sr,30,SUN,2;3,False,2,24.0,2.0,1.4142135623730951
baseline_reference,Mg-Sn-Sr,30,AUDC,2;3,False,2,0.7777777777777778,0.008022222222222227,0.08956685895029605
baseline_reference,Mg-Sn-Sr,30,mSUN,2;3,False,2,0.8,0.0022222222222222214,0.04714045207910316
baseline_reference,Mg-Sn-Sr,50,SUN,,False,0,,,
baseline_reference,Mg-Sn-Sr,50,AUDC,,False,0,,,
baseline_reference,Mg-Sn-Sr,50,mSUN,,False,0,,,
baseline_reference,Au-Cr-Cs-Dy,10,SUN,2;3;4,True,3,0.0,0.0,0.0
baseline_reference,Au-Cr-Cs-Dy,10,AUDC,2;3;4,True,3,0.0,0.0,0.0
baseline_reference,Au-Cr-Cs-Dy,10,mSUN,2;3;4,True,3,0.0,0.0,0.0
baseline_reference,Au-Cr-Cs-Dy,30,SUN,2;3,False,2,0.0,0.0,0.0
baseline_reference,Au-Cr-Cs-Dy,30,AUDC,2;3,False,2,0.0,0.0,0.0
baseline_reference,Au-Cr-Cs-Dy,30,mSUN,2;3,False,2,0.0,0.0,0.0
baseline_reference,Au-Cr-Cs-Dy,50,SUN,,False,0,,,
baseline_reference,Au-Cr-Cs-Dy,50,AUDC,,False,0,,,
baseline_reference,Au-Cr-Cs-Dy,50,mSUN,,False,0,,,
baseline_reference,Au-Tb-V-Y,10,SUN,2;3;4,True,3,1.0,1.0,1.0
baseline_reference,Au-Tb-V-Y,10,AUDC,2;3;4,True,3,0.09666666666666666,0.008233333333333332,0.09073771725877465
baseline_reference,Au-Tb-V-Y,10,mSUN,2;3;4,True,3,0.10000000000000002,0.010000000000000002,0.1
baseline_reference,Au-Tb-V-Y,30,SUN,2;3,False,2,2.0,8.0,2.8284271247461903
baseline_reference,Au-Tb-V-Y,30,AUDC,2;3,False,2,0.04555555555555556,0.004150617283950618,0.06442528450810767
baseline_reference,Au-Tb-V-Y,30,mSUN,2;3,False,2,0.06666666666666667,0.008888888888888889,0.09428090415820634
baseline_reference,Au-Tb-V-Y,50,SUN,,False,0,,,
baseline_reference,Au-Tb-V-Y,50,AUDC,,False,0,,,
baseline_reference,Au-Tb-V-Y,50,mSUN,,False,0,,,
baseline_reference,Ba-Be-Hf-Li,10,SUN,2;3;4,True,3,0.0,0.0,0.0
baseline_reference,Ba-Be-Hf-Li,10,AUDC,2;3;4,True,3,0.0,0.0,0.0
baseline_reference,Ba-Be-Hf-Li,10,mSUN,2;3;4,True,3,0.0,0.0,0.0
baseline_reference,Ba-Be-Hf-Li,30,SUN,2,False,1,0.0,,
baseline_reference,Ba-Be-Hf-Li,30,AUDC,2,False,1,0.0,,
baseline_reference,Ba-Be-Hf-Li,30,mSUN,2,False,1,0.0,,
baseline_reference,Ba-Be-Hf-Li,50,SUN,,False,0,,,
baseline_reference,Ba-Be-Hf-Li,50,AUDC,,False,0,,,
baseline_reference,Ba-Be-Hf-Li,50,mSUN,,False,0,,,
baseline_reference,Ba-Nd-Ni-W,10,SUN,2;3;4,True,3,0.0,0.0,0.0
baseline_reference,Ba-Nd-Ni-W,10,AUDC,2;3;4,True,3,0.0,0.0,0.0
baseline_reference,Ba-Nd-Ni-W,10,mSUN,2;3;4,True,3,0.0,0.0,0.0
baseline_reference,Ba-Nd-Ni-W,30,SUN,2,False,1,0.0,,
baseline_reference,Ba-Nd-Ni-W,30,AUDC,2,False,1,0.0,,
baseline_reference,Ba-Nd-Ni-W,30,mSUN,2,False,1,0.0,,
baseline_reference,Ba-Nd-Ni-W,50,SUN,,False,0,,,
baseline_reference,Ba-Nd-Ni-W,50,AUDC,,False,0,,,
baseline_reference,Ba-Nd-Ni-W,50,mSUN,,False,0,,,
baseline_reference,Ca-Pd-Sn-W,10,SUN,2;3;4,True,3,0.0,0.0,0.0
baseline_reference,Ca-Pd-Sn-W,10,AUDC,2;3;4,True,3,0.0,0.0,0.0
baseline_reference,Ca-Pd-Sn-W,10,mSUN,2;3;4,True,3,0.0,0.0,0.0
baseline_reference,Ca-Pd-Sn-W,30,SUN,2,False,1,0.0,,
baseline_reference,Ca-Pd-Sn-W,30,AUDC,2,False,1,0.0,,
baseline_reference,Ca-Pd-Sn-W,30,mSUN,2,False,1,0.0,,
baseline_reference,Ca-Pd-Sn-W,50,SUN,,False,0,,,
baseline_reference,Ca-Pd-Sn-W,50,AUDC,,False,0,,,
baseline_reference,Ca-Pd-Sn-W,50,mSUN,,False,0,,,
baseline_reference,Ce-Er-Pb-Rh,10,SUN,2;3;4,True,3,2.6666666666666665,2.3333333333333335,1.5275252316519468
baseline_reference,Ce-Er-Pb-Rh,10,AUDC,2;3;4,True,3,0.2333333333333333,0.002633333333333332,0.05131601439446883
baseline_reference,Ce-Er-Pb-Rh,10,mSUN,2;3;4,True,3,0.26666666666666666,0.023333333333333334,0.15275252316519466
baseline_reference,Ce-Er-Pb-Rh,30,SUN,2,False,1,10.0,,
baseline_reference,Ce-Er-Pb-Rh,30,AUDC,2,False,1,0.44222222222222224,,
baseline_reference,Ce-Er-Pb-Rh,30,mSUN,2,False,1,0.3333333333333333,,
baseline_reference,Ce-Er-Pb-Rh,50,SUN,,False,0,,,
baseline_reference,Ce-Er-Pb-Rh,50,AUDC,,False,0,,,
baseline_reference,Ce-Er-Pb-Rh,50,mSUN,,False,0,,,
baseline_reference,Ce-Ir-Pt-Sn,10,SUN,2;3;4,True,3,2.3333333333333335,5.333333333333334,2.3094010767585034
baseline_reference,Ce-Ir-Pt-Sn,10,AUDC,2;3;4,True,3,0.24333333333333337,0.07093333333333333,0.2663331247391757
baseline_reference,Ce-Ir-Pt-Sn,10,mSUN,2;3;4,True,3,0.2333333333333333,0.053333333333333344,0.23094010767585033
baseline_reference,Ce-Ir-Pt-Sn,30,SUN,2,False,1,4.0,,
baseline_reference,Ce-Ir-Pt-Sn,30,AUDC,2,False,1,0.11777777777777777,,
baseline_reference,Ce-Ir-Pt-Sn,30,mSUN,2,False,1,0.13333333333333333,,
baseline_reference,Ce-Ir-Pt-Sn,50,SUN,,False,0,,,
baseline_reference,Ce-Ir-Pt-Sn,50,AUDC,,False,0,,,
baseline_reference,Ce-Ir-Pt-Sn,50,mSUN,,False,0,,,
baseline_reference,Co-Dy-Ta-Y,10,SUN,2;3;4,True,3,0.6666666666666666,1.3333333333333335,1.1547005383792517
baseline_reference,Co-Dy-Ta-Y,10,AUDC,2;3;4,True,3,0.04,0.004799999999999999,0.06928203230275508
baseline_reference,Co-Dy-Ta-Y,10,mSUN,2;3;4,True,3,0.06666666666666667,0.013333333333333336,0.11547005383792516
baseline_reference,Co-Dy-Ta-Y,30,SUN,2,False,1,0.0,,
baseline_reference,Co-Dy-Ta-Y,30,AUDC,2,False,1,0.0,,
baseline_reference,Co-Dy-Ta-Y,30,mSUN,2,False,1,0.0,,
baseline_reference,Co-Dy-Ta-Y,50,SUN,,False,0,,,
baseline_reference,Co-Dy-Ta-Y,50,AUDC,,False,0,,,
baseline_reference,Co-Dy-Ta-Y,50,mSUN,,False,0,,,
baseline_reference,Dy-K-Pd-Sm,10,SUN,2;3;4,True,3,0.0,0.0,0.0
baseline_reference,Dy-K-Pd-Sm,10,AUDC,2;3;4,True,3,0.0,0.0,0.0
baseline_reference,Dy-K-Pd-Sm,10,mSUN,2;3;4,True,3,0.0,0.0,0.0
baseline_reference,Dy-K-Pd-Sm,30,SUN,2,False,1,0.0,,
baseline_reference,Dy-K-Pd-Sm,30,AUDC,2,False,1,0.0,,
baseline_reference,Dy-K-Pd-Sm,30,mSUN,2,False,1,0.0,,
baseline_reference,Dy-K-Pd-Sm,50,SUN,,False,0,,,
baseline_reference,Dy-K-Pd-Sm,50,AUDC,,False,0,,,
baseline_reference,Dy-K-Pd-Sm,50,mSUN,,False,0,,,
baseline_reference,Eu-Nb-Sn-Tl,10,SUN,2;3;4,True,3,0.0,0.0,0.0
baseline_reference,Eu-Nb-Sn-Tl,10,AUDC,2;3;4,True,3,0.0,0.0,0.0
baseline_reference,Eu-Nb-Sn-Tl,10,mSUN,2;3;4,True,3,0.0,0.0,0.0
baseline_reference,Eu-Nb-Sn-Tl,30,SUN,2,False,1,0.0,,
baseline_reference,Eu-Nb-Sn-Tl,30,AUDC,2,False,1,0.0,,
baseline_reference,Eu-Nb-Sn-Tl,30,mSUN,2,False,1,0.0,,
baseline_reference,Eu-Nb-Sn-Tl,50,SUN,,False,0,,,
baseline_reference,Eu-Nb-Sn-Tl,50,AUDC,,False,0,,,
baseline_reference,Eu-Nb-Sn-Tl,50,mSUN,,False,0,,,
baseline_reference,Ag-Nd-Pd-Pt-Tb,10,SUN,2;3;4,True,3,3.0,4.0,2.0
baseline_reference,Ag-Nd-Pd-Pt-Tb,10,AUDC,2;3;4,True,3,0.37666666666666665,0.027733333333333332,0.16653327995729061
baseline_reference,Ag-Nd-Pd-Pt-Tb,10,mSUN,2;3;4,True,3,0.3,0.04,0.2
baseline_reference,Ag-Nd-Pd-Pt-Tb,30,SUN,2,False,1,5.0,,
baseline_reference,Ag-Nd-Pd-Pt-Tb,30,AUDC,2,False,1,0.15222222222222223,,
baseline_reference,Ag-Nd-Pd-Pt-Tb,30,mSUN,2,False,1,0.16666666666666666,,
baseline_reference,Ag-Nd-Pd-Pt-Tb,50,SUN,,False,0,,,
baseline_reference,Ag-Nd-Pd-Pt-Tb,50,AUDC,,False,0,,,
baseline_reference,Ag-Nd-Pd-Pt-Tb,50,mSUN,,False,0,,,
baseline_reference,Al-Hg-K-Mg-W,10,SUN,2;3;4,True,3,2.3333333333333335,16.333333333333332,4.041451884327381
baseline_reference,Al-Hg-K-Mg-W,10,AUDC,2;3;4,True,3,0.25666666666666665,0.19763333333333338,0.4445597072760119
baseline_reference,Al-Hg-K-Mg-W,10,mSUN,2;3;4,True,3,0.2333333333333333,0.16333333333333333,0.40414518843273806
baseline_reference,Al-Hg-K-Mg-W,30,SUN,2,False,1,0.0,,
baseline_reference,Al-Hg-K-Mg-W,30,AUDC,2,False,1,0.0,,
baseline_reference,Al-Hg-K-Mg-W,30,mSUN,2,False,1,0.0,,
baseline_reference,Al-Hg-K-Mg-W,50,SUN,,False,0,,,
baseline_reference,Al-Hg-K-Mg-W,50,AUDC,,False,0,,,
baseline_reference,Al-Hg-K-Mg-W,50,mSUN,,False,0,,,
baseline_reference,Al-Lu-Pt-Rb-Sm,10,SUN,2;3;4,True,3,1.3333333333333333,2.3333333333333335,1.5275252316519468
baseline_reference,Al-Lu-Pt-Rb-Sm,10,AUDC,2;3;4,True,3,0.10000000000000002,0.013900000000000003,0.11789826122551597
baseline_reference,Al-Lu-Pt-Rb-Sm,10,mSUN,2;3;4,True,3,0.13333333333333333,0.02333333333333333,0.15275252316519466
baseline_reference,Al-Lu-Pt-Rb-Sm,30,SUN,2,False,1,0.0,,
baseline_reference,Al-Lu-Pt-Rb-Sm,30,AUDC,2,False,1,0.0,,
baseline_reference,Al-Lu-Pt-Rb-Sm,30,mSUN,2,False,1,0.0,,
baseline_reference,Al-Lu-Pt-Rb-Sm,50,SUN,,False,0,,,
baseline_reference,Al-Lu-Pt-Rb-Sm,50,AUDC,,False,0,,,
baseline_reference,Al-Lu-Pt-Rb-Sm,50,mSUN,,False,0,,,
baseline_reference,Ca-Fe-Gd-Pb-Tb,10,SUN,2;3;4,True,3,0.0,0.0,0.0
baseline_reference,Ca-Fe-Gd-Pb-Tb,10,AUDC,2;3;4,True,3,0.0,0.0,0.0
baseline_reference,Ca-Fe-Gd-Pb-Tb,10,mSUN,2;3;4,True,3,0.0,0.0,0.0
baseline_reference,Ca-Fe-Gd-Pb-Tb,30,SUN,2,False,1,0.0,,
baseline_reference,Ca-Fe-Gd-Pb-Tb,30,AUDC,2,False,1,0.0,,
baseline_reference,Ca-Fe-Gd-Pb-Tb,30,mSUN,2,False,1,0.0,,
baseline_reference,Ca-Fe-Gd-Pb-Tb,50,SUN,,False,0,,,
baseline_reference,Ca-Fe-Gd-Pb-Tb,50,AUDC,,False,0,,,
baseline_reference,Ca-Fe-Gd-Pb-Tb,50,mSUN,,False,0,,,
baseline_reference,Cd-Gd-Mn-Na-Ta,10,SUN,2;3;4,True,3,0.0,0.0,0.0
baseline_reference,Cd-Gd-Mn-Na-Ta,10,AUDC,2;3;4,True,3,0.0,0.0,0.0
baseline_reference,Cd-Gd-Mn-Na-Ta,10,mSUN,2;3;4,True,3,0.0,0.0,0.0
baseline_reference,Cd-Gd-Mn-Na-Ta,30,SUN,2,False,1,0.0,,
baseline_reference,Cd-Gd-Mn-Na-Ta,30,AUDC,2,False,1,0.0,,
baseline_reference,Cd-Gd-Mn-Na-Ta,30,mSUN,2,False,1,0.0,,
baseline_reference,Cd-Gd-Mn-Na-Ta,50,SUN,,False,0,,,
baseline_reference,Cd-Gd-Mn-Na-Ta,50,AUDC,,False,0,,,
baseline_reference,Cd-Gd-Mn-Na-Ta,50,mSUN,,False,0,,,
baseline_reference,Cd-Li-Nd-Ti-W,10,SUN,2;3;4,True,3,2.3333333333333335,16.333333333333332,4.041451884327381
baseline_reference,Cd-Li-Nd-Ti-W,10,AUDC,2;3;4,True,3,0.24333333333333332,0.17763333333333334,0.4214656965084268
baseline_reference,Cd-Li-Nd-Ti-W,10,mSUN,2;3;4,True,3,0.2333333333333333,0.16333333333333333,0.40414518843273806
baseline_reference,Cd-Li-Nd-Ti-W,30,SUN,2,False,1,0.0,,
baseline_reference,Cd-Li-Nd-Ti-W,30,AUDC,2,False,1,0.0,,
baseline_reference,Cd-Li-Nd-Ti-W,30,mSUN,2,False,1,0.0,,
baseline_reference,Cd-Li-Nd-Ti-W,50,SUN,,False,0,,,
baseline_reference,Cd-Li-Nd-Ti-W,50,AUDC,,False,0,,,
baseline_reference,Cd-Li-Nd-Ti-W,50,mSUN,,False,0,,,
baseline_reference,Co-Hf-In-Ru-Tm,10,SUN,2;3;4,True,3,2.0,1.0,1.0
baseline_reference,Co-Hf-In-Ru-Tm,10,AUDC,2;3;4,True,3,0.2866666666666667,0.010233333333333332,0.10115993936995678
baseline_reference,Co-Hf-In-Ru-Tm,10,mSUN,2;3;4,True,3,0.19999999999999998,0.009999999999999998,0.09999999999999999
baseline_reference,Co-Hf-In-Ru-Tm,30,SUN,2,False,1,4.0,,
baseline_reference,Co-Hf-In-Ru-Tm,30,AUDC,2,False,1,0.2088888888888889,,
baseline_reference,Co-Hf-In-Ru-Tm,30,mSUN,2,False,1,0.13333333333333333,,
baseline_reference,Co-Hf-In-Ru-Tm,50,SUN,,False,0,,,
baseline_reference,Co-Hf-In-Ru-Tm,50,AUDC,,False,0,,,
baseline_reference,Co-Hf-In-Ru-Tm,50,mSUN,,False,0,,,
baseline_reference,Co-Hg-Mg-Sr-W,10,SUN,2;3;4,True,3,0.0,0.0,0.0
baseline_reference,Co-Hg-Mg-Sr-W,10,AUDC,2;3;4,True,3,0.0,0.0,0.0
baseline_reference,Co-Hg-Mg-Sr-W,10,mSUN,2;3;4,True,3,0.0,0.0,0.0
baseline_reference,Co-Hg-Mg-Sr-W,30,SUN,2,False,1,0.0,,
baseline_reference,Co-Hg-Mg-Sr-W,30,AUDC,2,False,1,0.0,,
baseline_reference,Co-Hg-Mg-Sr-W,30,mSUN,2,False,1,0.0,,
baseline_reference,Co-Hg-Mg-Sr-W,50,SUN,,False,0,,,
baseline_reference,Co-Hg-Mg-Sr-W,50,AUDC,,False,0,,,
baseline_reference,Co-Hg-Mg-Sr-W,50,mSUN,,False,0,,,
baseline_reference,Cr-Fe-Lu-Pt-Sc,10,SUN,2;3;4,True,3,1.3333333333333333,5.333333333333334,2.3094010767585034
baseline_reference,Cr-Fe-Lu-Pt-Sc,10,AUDC,2;3;4,True,3,0.11333333333333334,0.038533333333333336,0.19629909152447278
baseline_reference,Cr-Fe-Lu-Pt-Sc,10,mSUN,2;3;4,True,3,0.13333333333333333,0.053333333333333344,0.23094010767585033
baseline_reference,Cr-Fe-Lu-Pt-Sc,30,SUN,2,False,1,0.0,,
baseline_reference,Cr-Fe-Lu-Pt-Sc,30,AUDC,2,False,1,0.0,,
baseline_reference,Cr-Fe-Lu-Pt-Sc,30,mSUN,2,False,1,0.0,,
baseline_reference,Cr-Fe-Lu-Pt-Sc,50,SUN,,False,0,,,
baseline_reference,Cr-Fe-Lu-Pt-Sc,50,AUDC,,False,0,,,
baseline_reference,Cr-Fe-Lu-Pt-Sc,50,mSUN,,False,0,,,
baseline_reference,Ho-In-Mg-Pd-Zr,10,SUN,2;3;4,True,3,0.6666666666666666,0.33333333333333337,0.5773502691896258
baseline_reference,Ho-In-Mg-Pd-Zr,10,AUDC,2;3;4,True,3,0.08,0.007300000000000001,0.08544003745317531
baseline_reference,Ho-In-Mg-Pd-Zr,10,mSUN,2;3;4,True,3,0.06666666666666667,0.003333333333333334,0.05773502691896258
baseline_reference,Ho-In-Mg-Pd-Zr,30,SUN,2,False,1,3.0,,
baseline_reference,Ho-In-Mg-Pd-Zr,30,AUDC,2,False,1,0.09222222222222222,,
baseline_reference,Ho-In-Mg-Pd-Zr,30,mSUN,2,False,1,0.1,,
baseline_reference,Ho-In-Mg-Pd-Zr,50,SUN,,False,0,,,
baseline_reference,Ho-In-Mg-Pd-Zr,50,AUDC,,False,0,,,
baseline_reference,Ho-In-Mg-Pd-Zr,50,mSUN,,False,0,,,
uq_only_support_aware,Al-Li-V,10,SUN,2;3;4,True,3,0.3333333333333333,0.33333333333333337,0.5773502691896258
uq_only_support_aware,Al-Li-V,10,AUDC,2;3;4,True,3,0.03,0.0027,0.05196152422706632
uq_only_support_aware,Al-Li-V,10,mSUN,2;3;4,True,3,0.03333333333333333,0.003333333333333334,0.05773502691896258
uq_only_support_aware,Al-Li-V,30,SUN,3;4,False,2,4.5,0.5,0.7071067811865476
uq_only_support_aware,Al-Li-V,30,AUDC,3;4,False,2,0.11833333333333332,0.0031117283950617284,0.05578286829360542
uq_only_support_aware,Al-Li-V,30,mSUN,3;4,False,2,0.15,0.0005555555555555553,0.02357022603955158
uq_only_support_aware,Al-Li-V,50,SUN,2;3,False,2,4.0,18.0,4.242640687119285
uq_only_support_aware,Al-Li-V,50,AUDC,2;3,False,2,0.1104,0.02315552,0.15216937931134503
uq_only_support_aware,Al-Li-V,50,mSUN,2;3,False,2,0.08,0.0072000000000000015,0.08485281374238571
uq_only_support_aware,Al-V-Zn,10,SUN,2;3;4,True,3,5.0,4.0,2.0
uq_only_support_aware,Al-V-Zn,10,AUDC,2;3;4,True,3,0.6166666666666666,0.03213333333333333,0.17925772879665003
uq_only_support_aware,Al-V-Zn,10,mSUN,2;3;4,True,3,0.5,0.039999999999999994,0.19999999999999998
uq_only_support_aware,Al-V-Zn,30,SUN,2;3;4,True,3,9.333333333333334,2.3333333333333335,1.5275252316519468
uq_only_support_aware,Al-V-Zn,30,AUDC,2;3;4,True,3,0.3948148148148148,0.0028497942386831285,0.053383464094072505
uq_only_support_aware,Al-V-Zn,30,mSUN,2;3;4,True,3,0.3111111111111111,0.0025925925925925912,0.05091750772173154
uq_only_support_aware,Al-V-Zn,50,SUN,2;3,False,2,18.0,0.0,0.0
uq_only_support_aware,Al-V-Zn,50,AUDC,2;3,False,2,0.33640000000000003,0.00019999999999999925,0.014142135623730925
uq_only_support_aware,Al-V-Zn,50,mSUN,2;3,False,2,0.36,0.0,0.0
uq_only_support_aware,Au-K-Tb,10,SUN,2;3;4,True,3,2.0,3.0,1.7320508075688772
uq_only_support_aware,Au-K-Tb,10,AUDC,2;3;4,True,3,0.20666666666666667,0.03563333333333333,0.1887679351302369
uq_only_support_aware,Au-K-Tb,10,mSUN,2;3;4,True,3,0.19999999999999998,0.03,0.17320508075688773
uq_only_support_aware,Au-K-Tb,30,SUN,2;3;4,True,3,11.0,9.0,3.0
uq_only_support_aware,Au-K-Tb,30,AUDC,2;3;4,True,3,0.2959259259259259,0.01479300411522634,0.12162649429802021
uq_only_support_aware,Au-K-Tb,30,mSUN,2;3;4,True,3,0.3666666666666667,0.010000000000000002,0.1
uq_only_support_aware,Au-K-Tb,50,SUN,3,False,1,14.0,,
uq_only_support_aware,Au-K-Tb,50,AUDC,3,False,1,0.308,,
uq_only_support_aware,Au-K-Tb,50,mSUN,3,False,1,0.28,,
uq_only_support_aware,Co-Dy-W,10,SUN,2;3;4,True,3,1.0,1.0,1.0
uq_only_support_aware,Co-Dy-W,10,AUDC,2;3;4,True,3,0.11,0.0091,0.09539392014169457
uq_only_support_aware,Co-Dy-W,10,mSUN,2;3;4,True,3,0.10000000000000002,0.010000000000000002,0.1
uq_only_support_aware,Co-Dy-W,30,SUN,2;3;4,True,3,0.6666666666666666,0.33333333333333337,0.5773502691896258
uq_only_support_aware,Co-Dy-W,30,AUDC,2;3;4,True,3,0.04296296296296296,0.0013855967078189302,0.03722360417556218
uq_only_support_aware,Co-Dy-W,30,mSUN,2;3;4,True,3,0.022222222222222223,0.00037037037037037035,0.019245008972987525
uq_only_support_aware,Co-Dy-W,50,SUN,3,False,1,0.0,,
uq_only_support_aware,Co-Dy-W,50,AUDC,3,False,1,0.0,,
uq_only_support_aware,Co-Dy-W,50,mSUN,3,False,1,0.0,,
uq_only_support_aware,Co-Mg-Na,10,SUN,2;3;4,True,3,0.0,0.0,0.0
uq_only_support_aware,Co-Mg-Na,10,AUDC,2;3;4,True,3,0.0,0.0,0.0
uq_only_support_aware,Co-Mg-Na,10,mSUN,2;3;4,True,3,0.0,0.0,0.0
uq_only_support_aware,Co-Mg-Na,30,SUN,2;3;4,True,3,0.0,0.0,0.0
uq_only_support_aware,Co-Mg-Na,30,AUDC,2;3;4,True,3,0.0,0.0,0.0
uq_only_support_aware,Co-Mg-Na,30,mSUN,2;3;4,True,3,0.0,0.0,0.0
uq_only_support_aware,Co-Mg-Na,50,SUN,3,False,1,0.0,,
uq_only_support_aware,Co-Mg-Na,50,AUDC,3,False,1,0.0,,
uq_only_support_aware,Co-Mg-Na,50,mSUN,3,False,1,0.0,,
uq_only_support_aware,Co-Pd-Tl,10,SUN,2;3;4,True,3,0.0,0.0,0.0
uq_only_support_aware,Co-Pd-Tl,10,AUDC,2;3;4,True,3,0.0,0.0,0.0
uq_only_support_aware,Co-Pd-Tl,10,mSUN,2;3;4,True,3,0.0,0.0,0.0
uq_only_support_aware,Co-Pd-Tl,30,SUN,2;3;4,True,3,0.0,0.0,0.0
uq_only_support_aware,Co-Pd-Tl,30,AUDC,2;3;4,True,3,0.0,0.0,0.0
uq_only_support_aware,Co-Pd-Tl,30,mSUN,2;3;4,True,3,0.0,0.0,0.0
uq_only_support_aware,Co-Pd-Tl,50,SUN,,False,0,,,
uq_only_support_aware,Co-Pd-Tl,50,AUDC,,False,0,,,
uq_only_support_aware,Co-Pd-Tl,50,mSUN,,False,0,,,
uq_only_support_aware,Ga-Ho-Lu,10,SUN,2;3;4,True,3,4.666666666666667,2.333333333333333,1.5275252316519465
uq_only_support_aware,Ga-Ho-Lu,10,AUDC,2;3;4,True,3,0.5866666666666666,0.04223333333333333,0.20550750189064468
uq_only_support_aware,Ga-Ho-Lu,10,mSUN,2;3;4,True,3,0.4666666666666666,0.02333333333333333,0.15275252316519466
uq_only_support_aware,Ga-Ho-Lu,30,SUN,2;3;4,True,3,13.333333333333334,6.333333333333333,2.516611478423583
uq_only_support_aware,Ga-Ho-Lu,30,AUDC,2;3;4,True,3,0.4222222222222222,0.0013370370370370374,0.036565517048676305
uq_only_support_aware,Ga-Ho-Lu,30,mSUN,2;3;4,True,3,0.4444444444444444,0.007037037037037039,0.08388704928078612
uq_only_support_aware,Ga-Ho-Lu,50,SUN,,False,0,,,
uq_only_support_aware,Ga-Ho-Lu,50,AUDC,,False,0,,,
uq_only_support_aware,Ga-Ho-Lu,50,mSUN,,False,0,,,
uq_only_support_aware,Ga-Pt-Tm,10,SUN,2;3;4,True,3,4.0,3.0,1.7320508075688772
uq_only_support_aware,Ga-Pt-Tm,10,AUDC,2;3;4,True,3,0.52,0.05230000000000001,0.22869193252058545
uq_only_support_aware,Ga-Pt-Tm,10,mSUN,2;3;4,True,3,0.39999999999999997,0.03,0.17320508075688773
uq_only_support_aware,Ga-Pt-Tm,30,SUN,2;3;4,True,3,12.333333333333334,17.333333333333332,4.163331998932265
uq_only_support_aware,Ga-Pt-Tm,30,AUDC,2;3;4,True,3,0.4062962962962963,0.006678189300411526,0.08172018906250478
uq_only_support_aware,Ga-Pt-Tm,30,mSUN,2;3;4,True,3,0.41111111111111115,0.01925925925925926,0.13877773329774218
uq_only_support_aware,Ga-Pt-Tm,50,SUN,,False,0,,,
uq_only_support_aware,Ga-Pt-Tm,50,AUDC,,False,0,,,
uq_only_support_aware,Ga-Pt-Tm,50,mSUN,,False,0,,,
uq_only_support_aware,Hf-Ni-Zr,10,SUN,2;3;4,True,3,4.333333333333333,0.33333333333333337,0.5773502691896258
uq_only_support_aware,Hf-Ni-Zr,10,AUDC,2;3;4,True,3,0.59,0.00030000000000000057,0.01732050807568879
uq_only_support_aware,Hf-Ni-Zr,10,mSUN,2;3;4,True,3,0.43333333333333335,0.0033333333333333322,0.05773502691896257
uq_only_support_aware,Hf-Ni-Zr,30,SUN,2;3;4,True,3,7.666666666666667,1.3333333333333335,1.1547005383792517
uq_only_support_aware,Hf-Ni-Zr,30,AUDC,2;3;4,True,3,0.28259259259259256,0.0007028806584362136,0.02651189654544189
uq_only_support_aware,Hf-Ni-Zr,30,mSUN,2;3;4,True,3,0.25555555555555554,0.0014814814814814808,0.03849001794597504
uq_only_support_aware,Hf-Ni-Zr,50,SUN,,False,0,,,
uq_only_support_aware,Hf-Ni-Zr,50,AUDC,,False,0,,,
uq_only_support_aware,Hf-Ni-Zr,50,mSUN,,False,0,,,
uq_only_support_aware,Mg-Sn-Sr,10,SUN,2;3;4,True,3,7.0,19.0,4.358898943540674
uq_only_support_aware,Mg-Sn-Sr,10,AUDC,2;3;4,True,3,0.69,0.1843,0.4293017586733136
uq_only_support_aware,Mg-Sn-Sr,10,mSUN,2;3;4,True,3,0.7000000000000001,0.18999999999999997,0.43588989435406733
uq_only_support_aware,Mg-Sn-Sr,30,SUN,2;3;4,True,3,11.0,4.0,2.0
uq_only_support_aware,Mg-Sn-Sr,30,AUDC,2;3;4,True,3,0.4425925925925926,0.012851028806584359,0.11336237826803193
uq_only_support_aware,Mg-Sn-Sr,30,mSUN,2;3;4,True,3,0.3666666666666667,0.004444444444444446,0.06666666666666668
uq_only_support_aware,Mg-Sn-Sr,50,SUN,,False,0,,,
uq_only_support_aware,Mg-Sn-Sr,50,AUDC,,False,0,,,
uq_only_support_aware,Mg-Sn-Sr,50,mSUN,,False,0,,,
uq_only_support_aware,Au-Cr-Cs-Dy,10,SUN,2;3;4,True,3,0.3333333333333333,0.33333333333333337,0.5773502691896258
uq_only_support_aware,Au-Cr-Cs-Dy,10,AUDC,2;3;4,True,3,0.06333333333333334,0.012033333333333333,0.1096965511460289
uq_only_support_aware,Au-Cr-Cs-Dy,10,mSUN,2;3;4,True,3,0.03333333333333333,0.003333333333333334,0.05773502691896258
uq_only_support_aware,Au-Cr-Cs-Dy,30,SUN,2;3;4,True,3,0.6666666666666666,0.33333333333333337,0.5773502691896258
uq_only_support_aware,Au-Cr-Cs-Dy,30,AUDC,2;3;4,True,3,0.035555555555555556,0.0009493827160493827,0.03081205471969344
uq_only_support_aware,Au-Cr-Cs-Dy,30,mSUN,2;3;4,True,3,0.022222222222222223,0.00037037037037037035,0.019245008972987525
uq_only_support_aware,Au-Cr-Cs-Dy,50,SUN,,False,0,,,
uq_only_support_aware,Au-Cr-Cs-Dy,50,AUDC,,False,0,,,
uq_only_support_aware,Au-Cr-Cs-Dy,50,mSUN,,False,0,,,
uq_only_support_aware,Au-Tb-V-Y,10,SUN,2;3;4,True,3,0.6666666666666666,0.33333333333333337,0.5773502691896258
uq_only_support_aware,Au-Tb-V-Y,10,AUDC,2;3;4,True,3,0.08,0.004900000000000001,0.07
uq_only_support_aware,Au-Tb-V-Y,10,mSUN,2;3;4,True,3,0.06666666666666667,0.003333333333333334,0.05773502691896258
uq_only_support_aware,Au-Tb-V-Y,30,SUN,2;3;4,True,3,0.3333333333333333,0.33333333333333337,0.5773502691896258
uq_only_support_aware,Au-Tb-V-Y,30,AUDC,2;3;4,True,3,0.02037037037037037,0.0012448559670781895,0.035282516450477135
uq_only_support_aware,Au-Tb-V-Y,30,mSUN,2;3;4,True,3,0.011111111111111112,0.0003703703703703703,0.019245008972987525
uq_only_support_aware,Au-Tb-V-Y,50,SUN,,False,0,,,
uq_only_support_aware,Au-Tb-V-Y,50,AUDC,,False,0,,,
uq_only_support_aware,Au-Tb-V-Y,50,mSUN,,False,0,,,
uq_only_support_aware,Ba-Be-Hf-Li,10,SUN,2;3;4,True,3,0.0,0.0,0.0
uq_only_support_aware,Ba-Be-Hf-Li,10,AUDC,2;3;4,True,3,0.0,0.0,0.0
uq_only_support_aware,Ba-Be-Hf-Li,10,mSUN,2;3;4,True,3,0.0,0.0,0.0
uq_only_support_aware,Ba-Be-Hf-Li,30,SUN,2;3;4,True,3,0.0,0.0,0.0
uq_only_support_aware,Ba-Be-Hf-Li,30,AUDC,2;3;4,True,3,0.0,0.0,0.0
uq_only_support_aware,Ba-Be-Hf-Li,30,mSUN,2;3;4,True,3,0.0,0.0,0.0
uq_only_support_aware,Ba-Be-Hf-Li,50,SUN,,False,0,,,
uq_only_support_aware,Ba-Be-Hf-Li,50,AUDC,,False,0,,,
uq_only_support_aware,Ba-Be-Hf-Li,50,mSUN,,False,0,,,
uq_only_support_aware,Ba-Nd-Ni-W,10,SUN,2;3;4,True,3,0.0,0.0,0.0
uq_only_support_aware,Ba-Nd-Ni-W,10,AUDC,2;3;4,True,3,0.0,0.0,0.0
uq_only_support_aware,Ba-Nd-Ni-W,10,mSUN,2;3;4,True,3,0.0,0.0,0.0
uq_only_support_aware,Ba-Nd-Ni-W,30,SUN,2;3;4,True,3,0.0,0.0,0.0
uq_only_support_aware,Ba-Nd-Ni-W,30,AUDC,2;3;4,True,3,0.0,0.0,0.0
uq_only_support_aware,Ba-Nd-Ni-W,30,mSUN,2;3;4,True,3,0.0,0.0,0.0
uq_only_support_aware,Ba-Nd-Ni-W,50,SUN,,False,0,,,
uq_only_support_aware,Ba-Nd-Ni-W,50,AUDC,,False,0,,,
uq_only_support_aware,Ba-Nd-Ni-W,50,mSUN,,False,0,,,
uq_only_support_aware,Ca-Pd-Sn-W,10,SUN,2;3;4,True,3,0.0,0.0,0.0
uq_only_support_aware,Ca-Pd-Sn-W,10,AUDC,2;3;4,True,3,0.0,0.0,0.0
uq_only_support_aware,Ca-Pd-Sn-W,10,mSUN,2;3;4,True,3,0.0,0.0,0.0
uq_only_support_aware,Ca-Pd-Sn-W,30,SUN,2;3;4,True,3,0.0,0.0,0.0
uq_only_support_aware,Ca-Pd-Sn-W,30,AUDC,2;3;4,True,3,0.0,0.0,0.0
uq_only_support_aware,Ca-Pd-Sn-W,30,mSUN,2;3;4,True,3,0.0,0.0,0.0
uq_only_support_aware,Ca-Pd-Sn-W,50,SUN,,False,0,,,
uq_only_support_aware,Ca-Pd-Sn-W,50,AUDC,,False,0,,,
uq_only_support_aware,Ca-Pd-Sn-W,50,mSUN,,False,0,,,
uq_only_support_aware,Ce-Er-Pb-Rh,10,SUN,2;3;4,True,3,1.6666666666666667,1.3333333333333335,1.1547005383792517
uq_only_support_aware,Ce-Er-Pb-Rh,10,AUDC,2;3;4,True,3,0.25,0.0108,0.10392304845413264
uq_only_support_aware,Ce-Er-Pb-Rh,10,mSUN,2;3;4,True,3,0.16666666666666666,0.013333333333333332,0.11547005383792515
uq_only_support_aware,Ce-Er-Pb-Rh,30,SUN,2;3;4,True,3,8.0,9.0,3.0
uq_only_support_aware,Ce-Er-Pb-Rh,30,AUDC,2;3;4,True,3,0.23185185185185184,0.0003954732510288066,0.01988650927208711
uq_only_support_aware,Ce-Er-Pb-Rh,30,mSUN,2;3;4,True,3,0.26666666666666666,0.009999999999999998,0.09999999999999999
uq_only_support_aware,Ce-Er-Pb-Rh,50,SUN,,False,0,,,
uq_only_support_aware,Ce-Er-Pb-Rh,50,AUDC,,False,0,,,
uq_only_support_aware,Ce-Er-Pb-Rh,50,mSUN,,False,0,,,
uq_only_support_aware,Ce-Ir-Pt-Sn,10,SUN,2;3;4,True,3,1.6666666666666667,4.333333333333333,2.0816659994661326
uq_only_support_aware,Ce-Ir-Pt-Sn,10,AUDC,2;3;4,True,3,0.09666666666666668,0.007233333333333334,0.08504900548115382
uq_only_support_aware,Ce-Ir-Pt-Sn,10,mSUN,2;3;4,True,3,0.16666666666666666,0.04333333333333334,0.2081665999466133
uq_only_support_aware,Ce-Ir-Pt-Sn,30,SUN,2;3;4,True,3,3.3333333333333335,4.333333333333334,2.081665999466133
uq_only_support_aware,Ce-Ir-Pt-Sn,30,AUDC,2;3;4,True,3,0.16222222222222224,0.010482716049382716,0.10238513588105803
uq_only_support_aware,Ce-Ir-Pt-Sn,30,mSUN,2;3;4,True,3,0.1111111111111111,0.004814814814814815,0.06938886664887109
uq_only_support_aware,Ce-Ir-Pt-Sn,50,SUN,,False,0,,,
uq_only_support_aware,Ce-Ir-Pt-Sn,50,AUDC,,False,0,,,
uq_only_support_aware,Ce-Ir-Pt-Sn,50,mSUN,,False,0,,,
uq_only_support_aware,Co-Dy-Ta-Y,10,SUN,2;3,False,2,0.0,0.0,0.0
uq_only_support_aware,Co-Dy-Ta-Y,10,AUDC,2;3,False,2,0.0,0.0,0.0
uq_only_support_aware,Co-Dy-Ta-Y,10,mSUN,2;3,False,2,0.0,0.0,0.0
uq_only_support_aware,Co-Dy-Ta-Y,30,SUN,2;3;4,True,3,1.0,0.0,0.0
uq_only_support_aware,Co-Dy-Ta-Y,30,AUDC,2;3;4,True,3,0.027037037037037037,0.0002781893004115227,0.01667900777658919
uq_only_support_aware,Co-Dy-Ta-Y,30,mSUN,2;3;4,True,3,0.03333333333333333,0.0,0.0
uq_only_support_aware,Co-Dy-Ta-Y,50,SUN,,False,0,,,
uq_only_support_aware,Co-Dy-Ta-Y,50,AUDC,,False,0,,,
uq_only_support_aware,Co-Dy-Ta-Y,50,mSUN,,False,0,,,
uq_only_support_aware,Dy-K-Pd-Sm,10,SUN,2;3;4,True,3,0.0,0.0,0.0
uq_only_support_aware,Dy-K-Pd-Sm,10,AUDC,2;3;4,True,3,0.0,0.0,0.0
uq_only_support_aware,Dy-K-Pd-Sm,10,mSUN,2;3;4,True,3,0.0,0.0,0.0
uq_only_support_aware,Dy-K-Pd-Sm,30,SUN,2;3;4,True,3,0.0,0.0,0.0
uq_only_support_aware,Dy-K-Pd-Sm,30,AUDC,2;3;4,True,3,0.0,0.0,0.0
uq_only_support_aware,Dy-K-Pd-Sm,30,mSUN,2;3;4,True,3,0.0,0.0,0.0
uq_only_support_aware,Dy-K-Pd-Sm,50,SUN,,False,0,,,
uq_only_support_aware,Dy-K-Pd-Sm,50,AUDC,,False,0,,,
uq_only_support_aware,Dy-K-Pd-Sm,50,mSUN,,False,0,,,
uq_only_support_aware,Eu-Nb-Sn-Tl,10,SUN,2;3,False,2,0.0,0.0,0.0
uq_only_support_aware,Eu-Nb-Sn-Tl,10,AUDC,2;3,False,2,0.0,0.0,0.0
uq_only_support_aware,Eu-Nb-Sn-Tl,10,mSUN,2;3,False,2,0.0,0.0,0.0
uq_only_support_aware,Eu-Nb-Sn-Tl,30,SUN,2;3;4,True,3,0.0,0.0,0.0
uq_only_support_aware,Eu-Nb-Sn-Tl,30,AUDC,2;3;4,True,3,0.0,0.0,0.0
uq_only_support_aware,Eu-Nb-Sn-Tl,30,mSUN,2;3;4,True,3,0.0,0.0,0.0
uq_only_support_aware,Eu-Nb-Sn-Tl,50,SUN,,False,0,,,
uq_only_support_aware,Eu-Nb-Sn-Tl,50,AUDC,,False,0,,,
uq_only_support_aware,Eu-Nb-Sn-Tl,50,mSUN,,False,0,,,
uq_only_support_aware,Ag-Nd-Pd-Pt-Tb,10,SUN,2;3,False,2,3.0,8.0,2.8284271247461903
uq_only_support_aware,Ag-Nd-Pd-Pt-Tb,10,AUDC,2;3,False,2,0.32999999999999996,0.03919999999999999,0.1979898987322333
uq_only_support_aware,Ag-Nd-Pd-Pt-Tb,10,mSUN,2;3,False,2,0.3,0.08,0.282842712474619
uq_only_support_aware,Ag-Nd-Pd-Pt-Tb,30,SUN,2;3;4,True,3,13.0,1.0,1.0
uq_only_support_aware,Ag-Nd-Pd-Pt-Tb,30,AUDC,2;3;4,True,3,0.3848148148148149,0.006111522633744856,0.0781762280603564
uq_only_support_aware,Ag-Nd-Pd-Pt-Tb,30,mSUN,2;3;4,True,3,0.43333333333333335,0.0011111111111111107,0.033333333333333326
uq_only_support_aware,Ag-Nd-Pd-Pt-Tb,50,SUN,,False,0,,,
uq_only_support_aware,Ag-Nd-Pd-Pt-Tb,50,AUDC,,False,0,,,
uq_only_support_aware,Ag-Nd-Pd-Pt-Tb,50,mSUN,,False,0,,,
uq_only_support_aware,Al-Hg-K-Mg-W,10,SUN,2;3,False,2,1.5,4.5,2.1213203435596424
uq_only_support_aware,Al-Hg-K-Mg-W,10,AUDC,2;3,False,2,0.145,0.04205,0.20506096654409878
uq_only_support_aware,Al-Hg-K-Mg-W,10,mSUN,2;3,False,2,0.15,0.045,0.21213203435596426
uq_only_support_aware,Al-Hg-K-Mg-W,30,SUN,2;3;4,True,3,0.3333333333333333,0.33333333333333337,0.5773502691896258
uq_only_support_aware,Al-Hg-K-Mg-W,30,AUDC,2;3;4,True,3,0.004814814814814814,6.954732510288067e-05,0.008339503888294596
uq_only_support_aware,Al-Hg-K-Mg-W,30,mSUN,2;3;4,True,3,0.011111111111111112,0.0003703703703703703,0.019245008972987525
uq_only_support_aware,Al-Hg-K-Mg-W,50,SUN,,False,0,,,
uq_only_support_aware,Al-Hg-K-Mg-W,50,AUDC,,False,0,,,
uq_only_support_aware,Al-Hg-K-Mg-W,50,mSUN,,False,0,,,
uq_only_support_aware,Al-Lu-Pt-Rb-Sm,10,SUN,2;3;4,True,3,0.0,0.0,0.0
uq_only_support_aware,Al-Lu-Pt-Rb-Sm,10,AUDC,2;3;4,True,3,0.0,0.0,0.0
uq_only_support_aware,Al-Lu-Pt-Rb-Sm,10,mSUN,2;3;4,True,3,0.0,0.0,0.0
uq_only_support_aware,Al-Lu-Pt-Rb-Sm,30,SUN,2;3;4,True,3,0.0,0.0,0.0
uq_only_support_aware,Al-Lu-Pt-Rb-Sm,30,AUDC,2;3;4,True,3,0.0,0.0,0.0
uq_only_support_aware,Al-Lu-Pt-Rb-Sm,30,mSUN,2;3;4,True,3,0.0,0.0,0.0
uq_only_support_aware,Al-Lu-Pt-Rb-Sm,50,SUN,,False,0,,,
uq_only_support_aware,Al-Lu-Pt-Rb-Sm,50,AUDC,,False,0,,,
uq_only_support_aware,Al-Lu-Pt-Rb-Sm,50,mSUN,,False,0,,,
uq_only_support_aware,Ca-Fe-Gd-Pb-Tb,10,SUN,2;3;4,True,3,0.3333333333333333,0.33333333333333337,0.5773502691896258
uq_only_support_aware,Ca-Fe-Gd-Pb-Tb,10,AUDC,2;3;4,True,3,0.049999999999999996,0.007500000000000001,0.08660254037844387
uq_only_support_aware,Ca-Fe-Gd-Pb-Tb,10,mSUN,2;3;4,True,3,0.03333333333333333,0.003333333333333334,0.05773502691896258
uq_only_support_aware,Ca-Fe-Gd-Pb-Tb,30,SUN,2;3;4,True,3,1.6666666666666667,4.333333333333333,2.0816659994661326
uq_only_support_aware,Ca-Fe-Gd-Pb-Tb,30,AUDC,2;3;4,True,3,0.011481481481481481,0.0001065843621399177,0.010323970270197299
uq_only_support_aware,Ca-Fe-Gd-Pb-Tb,30,mSUN,2;3;4,True,3,0.05555555555555555,0.004814814814814815,0.06938886664887109
uq_only_support_aware,Ca-Fe-Gd-Pb-Tb,50,SUN,,False,0,,,
uq_only_support_aware,Ca-Fe-Gd-Pb-Tb,50,AUDC,,False,0,,,
uq_only_support_aware,Ca-Fe-Gd-Pb-Tb,50,mSUN,,False,0,,,
uq_only_support_aware,Cd-Gd-Mn-Na-Ta,10,SUN,2;3,False,2,0.0,0.0,0.0
uq_only_support_aware,Cd-Gd-Mn-Na-Ta,10,AUDC,2;3,False,2,0.0,0.0,0.0
uq_only_support_aware,Cd-Gd-Mn-Na-Ta,10,mSUN,2;3,False,2,0.0,0.0,0.0
uq_only_support_aware,Cd-Gd-Mn-Na-Ta,30,SUN,2;3;4,True,3,0.0,0.0,0.0
uq_only_support_aware,Cd-Gd-Mn-Na-Ta,30,AUDC,2;3;4,True,3,0.0,0.0,0.0
uq_only_support_aware,Cd-Gd-Mn-Na-Ta,30,mSUN,2;3;4,True,3,0.0,0.0,0.0
uq_only_support_aware,Cd-Gd-Mn-Na-Ta,50,SUN,,False,0,,,
uq_only_support_aware,Cd-Gd-Mn-Na-Ta,50,AUDC,,False,0,,,
uq_only_support_aware,Cd-Gd-Mn-Na-Ta,50,mSUN,,False,0,,,
uq_only_support_aware,Cd-Li-Nd-Ti-W,10,SUN,2;3,False,2,0.0,0.0,0.0
uq_only_support_aware,Cd-Li-Nd-Ti-W,10,AUDC,2;3,False,2,0.0,0.0,0.0
uq_only_support_aware,Cd-Li-Nd-Ti-W,10,mSUN,2;3,False,2,0.0,0.0,0.0
uq_only_support_aware,Cd-Li-Nd-Ti-W,30,SUN,2;3;4,True,3,0.6666666666666666,1.3333333333333335,1.1547005383792517
uq_only_support_aware,Cd-Li-Nd-Ti-W,30,AUDC,2;3;4,True,3,0.04296296296296296,0.005537448559670782,0.07441403469555177
uq_only_support_aware,Cd-Li-Nd-Ti-W,30,mSUN,2;3;4,True,3,0.022222222222222223,0.0014814814814814812,0.03849001794597505
uq_only_support_aware,Cd-Li-Nd-Ti-W,50,SUN,,False,0,,,
uq_only_support_aware,Cd-Li-Nd-Ti-W,50,AUDC,,False,0,,,
uq_only_support_aware,Cd-Li-Nd-Ti-W,50,mSUN,,False,0,,,
uq_only_support_aware,Co-Hf-In-Ru-Tm,10,SUN,2;3,False,2,1.5,4.5,2.1213203435596424
uq_only_support_aware,Co-Hf-In-Ru-Tm,10,AUDC,2;3,False,2,0.195,0.07605,0.27577164466275356
uq_only_support_aware,Co-Hf-In-Ru-Tm,10,mSUN,2;3,False,2,0.15,0.045,0.21213203435596426
uq_only_support_aware,Co-Hf-In-Ru-Tm,30,SUN,2;3;4,True,3,3.3333333333333335,12.333333333333334,3.5118845842842465
uq_only_support_aware,Co-Hf-In-Ru-Tm,30,AUDC,2;3;4,True,3,0.15481481481481482,0.020153497942386835,0.14196301610767093
uq_only_support_aware,Co-Hf-In-Ru-Tm,30,mSUN,2;3;4,True,3,0.11111111111111112,0.013703703703703704,0.11706281947614154
uq_only_support_aware,Co-Hf-In-Ru-Tm,50,SUN,,False,0,,,
uq_only_support_aware,Co-Hf-In-Ru-Tm,50,AUDC,,False,0,,,
uq_only_support_aware,Co-Hf-In-Ru-Tm,50,mSUN,,False,0,,,
uq_only_support_aware,Co-Hg-Mg-Sr-W,10,SUN,2;3;4,True,3,0.0,0.0,0.0
uq_only_support_aware,Co-Hg-Mg-Sr-W,10,AUDC,2;3;4,True,3,0.0,0.0,0.0
uq_only_support_aware,Co-Hg-Mg-Sr-W,10,mSUN,2;3;4,True,3,0.0,0.0,0.0
uq_only_support_aware,Co-Hg-Mg-Sr-W,30,SUN,2;3;4,True,3,0.0,0.0,0.0
uq_only_support_aware,Co-Hg-Mg-Sr-W,30,AUDC,2;3;4,True,3,0.0,0.0,0.0
uq_only_support_aware,Co-Hg-Mg-Sr-W,30,mSUN,2;3;4,True,3,0.0,0.0,0.0
uq_only_support_aware,Co-Hg-Mg-Sr-W,50,SUN,,False,0,,,
uq_only_support_aware,Co-Hg-Mg-Sr-W,50,AUDC,,False,0,,,
uq_only_support_aware,Co-Hg-Mg-Sr-W,50,mSUN,,False,0,,,
uq_only_support_aware,Cr-Fe-Lu-Pt-Sc,10,SUN,2;3;4,True,3,0.0,0.0,0.0
uq_only_support_aware,Cr-Fe-Lu-Pt-Sc,10,AUDC,2;3;4,True,3,0.0,0.0,0.0
uq_only_support_aware,Cr-Fe-Lu-Pt-Sc,10,mSUN,2;3;4,True,3,0.0,0.0,0.0
uq_only_support_aware,Cr-Fe-Lu-Pt-Sc,30,SUN,2;3;4,True,3,0.0,0.0,0.0
uq_only_support_aware,Cr-Fe-Lu-Pt-Sc,30,AUDC,2;3;4,True,3,0.0,0.0,0.0
uq_only_support_aware,Cr-Fe-Lu-Pt-Sc,30,mSUN,2;3;4,True,3,0.0,0.0,0.0
uq_only_support_aware,Cr-Fe-Lu-Pt-Sc,50,SUN,,False,0,,,
uq_only_support_aware,Cr-Fe-Lu-Pt-Sc,50,AUDC,,False,0,,,
uq_only_support_aware,Cr-Fe-Lu-Pt-Sc,50,mSUN,,False,0,,,
uq_only_support_aware,Ho-In-Mg-Pd-Zr,10,SUN,2;3;4,True,3,2.3333333333333335,5.333333333333334,2.3094010767585034
uq_only_support_aware,Ho-In-Mg-Pd-Zr,10,AUDC,2;3;4,True,3,0.21666666666666667,0.040933333333333335,0.20231987873991358
uq_only_support_aware,Ho-In-Mg-Pd-Zr,10,mSUN,2;3;4,True,3,0.2333333333333333,0.053333333333333344,0.23094010767585033
uq_only_support_aware,Ho-In-Mg-Pd-Zr,30,SUN,2;3;4,True,3,2.0,4.0,2.0
uq_only_support_aware,Ho-In-Mg-Pd-Zr,30,AUDC,2;3;4,True,3,0.10296296296296296,0.014530041152263374,0.12054062034129148
uq_only_support_aware,Ho-In-Mg-Pd-Zr,30,mSUN,2;3;4,True,3,0.06666666666666667,0.0044444444444444444,0.06666666666666667
uq_only_support_aware,Ho-In-Mg-Pd-Zr,50,SUN,,False,0,,,
uq_only_support_aware,Ho-In-Mg-Pd-Zr,50,AUDC,,False,0,,,
uq_only_support_aware,Ho-In-Mg-Pd-Zr,50,mSUN,,False,0,,,
es_only_independent,Al-Li-V,10,SUN,2;3;4,True,3,0.3333333333333333,0.33333333333333337,0.5773502691896258
es_only_independent,Al-Li-V,10,AUDC,2;3;4,True,3,0.049999999999999996,0.007500000000000001,0.08660254037844387
es_only_independent,Al-Li-V,10,mSUN,2;3;4,True,3,0.03333333333333333,0.003333333333333334,0.05773502691896258
es_only_independent,Al-Li-V,30,SUN,2;3,False,2,4.5,0.5,0.7071067811865476
es_only_independent,Al-Li-V,30,AUDC,2;3,False,2,0.12944444444444445,0.0006722222222222227,0.02592724864350675
es_only_independent,Al-Li-V,30,mSUN,2;3,False,2,0.15,0.0005555555555555553,0.02357022603955158
es_only_independent,Al-Li-V,50,SUN,2;3;4,True,3,8.0,21.0,4.58257569495584
es_only_independent,Al-Li-V,50,AUDC,2;3;4,True,3,0.16453333333333334,0.006424693333333333,0.08015418475247149
es_only_independent,Al-Li-V,50,mSUN,2;3;4,True,3,0.16,0.0084,0.0916515138991168
es_only_independent,Al-V-Zn,10,SUN,2;3;4,True,3,4.0,1.0,1.0
es_only_independent,Al-V-Zn,10,AUDC,2;3;4,True,3,0.48,0.019900000000000004,0.14106735979665885
es_only_independent,Al-V-Zn,10,mSUN,2;3;4,True,3,0.39999999999999997,0.010000000000000002,0.1
es_only_independent,Al-V-Zn,30,SUN,2;3,False,2,5.0,2.0,1.4142135623730951
es_only_independent,Al-V-Zn,30,AUDC,2;3,False,2,0.22333333333333333,0.009800000000000001,0.09899494936611666
es_only_independent,Al-V-Zn,30,mSUN,2;3,False,2,0.16666666666666669,0.002222222222222223,0.047140452079103175
es_only_independent,Al-V-Zn,50,SUN,2;3;4,True,3,12.666666666666666,16.333333333333332,4.041451884327381
es_only_independent,Al-V-Zn,50,AUDC,2;3;4,True,3,0.27946666666666664,0.0064086933333333315,0.08005431489515935
es_only_independent,Al-V-Zn,50,mSUN,2;3;4,True,3,0.25333333333333335,0.006533333333333332,0.0808290376865476
es_only_independent,Au-K-Tb,10,SUN,2;3;4,True,3,1.0,0.0,0.0
es_only_independent,Au-K-Tb,10,AUDC,2;3;4,True,3,0.12333333333333334,0.009733333333333335,0.09865765724632496
es_only_independent,Au-K-Tb,10,mSUN,2;3;4,True,3,0.10000000000000002,2.8888949165808538e-34,1.6996749443881478e-17
es_only_independent,Au-K-Tb,30,SUN,2;3,False,2,8.0,72.0,8.48528137423857
es_only_independent,Au-K-Tb,30,AUDC,2;3,False,2,0.2577777777777778,0.07135802469135802,0.26712922844825127
es_only_independent,Au-K-Tb,30,mSUN,2;3,False,2,0.26666666666666666,0.08000000000000002,0.28284271247461906
es_only_independent,Au-K-Tb,50,SUN,,False,0,,,
es_only_independent,Au-K-Tb,50,AUDC,,False,0,,,
es_only_independent,Au-K-Tb,50,mSUN,,False,0,,,
es_only_independent,Co-Dy-W,10,SUN,2;3;4,True,3,0.0,0.0,0.0
es_only_independent,Co-Dy-W,10,AUDC,2;3;4,True,3,0.0,0.0,0.0
es_only_independent,Co-Dy-W,10,mSUN,2;3;4,True,3,0.0,0.0,0.0
es_only_independent,Co-Dy-W,30,SUN,2;3,False,2,0.5,0.5,0.7071067811865476
es_only_independent,Co-Dy-W,30,AUDC,2;3,False,2,0.029444444444444443,0.0017339506172839505,0.04164073266987446
es_only_independent,Co-Dy-W,30,mSUN,2;3,False,2,0.016666666666666666,0.0005555555555555556,0.023570226039551584
es_only_independent,Co-Dy-W,50,SUN,,False,0,,,
es_only_independent,Co-Dy-W,50,AUDC,,False,0,,,
es_only_independent,Co-Dy-W,50,mSUN,,False,0,,,
es_only_independent,Co-Mg-Na,10,SUN,2;3;4,True,3,0.3333333333333333,0.33333333333333337,0.5773502691896258
es_only_independent,Co-Mg-Na,10,AUDC,2;3;4,True,3,0.0033333333333333335,3.3333333333333335e-05,0.005773502691896258
es_only_independent,Co-Mg-Na,10,mSUN,2;3;4,True,3,0.03333333333333333,0.003333333333333334,0.05773502691896258
es_only_independent,Co-Mg-Na,30,SUN,2;3,False,2,0.0,0.0,0.0
es_only_independent,Co-Mg-Na,30,AUDC,2;3,False,2,0.0,0.0,0.0
es_only_independent,Co-Mg-Na,30,mSUN,2;3,False,2,0.0,0.0,0.0
es_only_independent,Co-Mg-Na,50,SUN,,False,0,,,
es_only_independent,Co-Mg-Na,50,AUDC,,False,0,,,
es_only_independent,Co-Mg-Na,50,mSUN,,False,0,,,
es_only_independent,Co-Pd-Tl,10,SUN,2;3;4,True,3,0.0,0.0,0.0
es_only_independent,Co-Pd-Tl,10,AUDC,2;3;4,True,3,0.0,0.0,0.0
es_only_independent,Co-Pd-Tl,10,mSUN,2;3;4,True,3,0.0,0.0,0.0
es_only_independent,Co-Pd-Tl,30,SUN,2;3,False,2,0.0,0.0,0.0
es_only_independent,Co-Pd-Tl,30,AUDC,2;3,False,2,0.0,0.0,0.0
es_only_independent,Co-Pd-Tl,30,mSUN,2;3,False,2,0.0,0.0,0.0
es_only_independent,Co-Pd-Tl,50,SUN,,False,0,,,
es_only_independent,Co-Pd-Tl,50,AUDC,,False,0,,,
es_only_independent,Co-Pd-Tl,50,mSUN,,False,0,,,
es_only_independent,Ga-Ho-Lu,10,SUN,2;3;4,True,3,3.0,1.0,1.0
es_only_independent,Ga-Ho-Lu,10,AUDC,2;3;4,True,3,0.4633333333333334,0.008033333333333337,0.08962886439832503
es_only_independent,Ga-Ho-Lu,10,mSUN,2;3;4,True,3,0.3,0.010000000000000002,0.1
es_only_independent,Ga-Ho-Lu,30,SUN,3,False,1,7.0,,
es_only_independent,Ga-Ho-Lu,30,AUDC,3,False,1,0.2477777777777778,,
es_only_independent,Ga-Ho-Lu,30,mSUN,3,False,1,0.23333333333333334,,
es_only_independent,Ga-Ho-Lu,50,SUN,,False,0,,,
es_only_independent,Ga-Ho-Lu,50,AUDC,,False,0,,,
es_only_independent,Ga-Ho-Lu,50,mSUN,,False,0,,,
es_only_independent,Ga-Pt-Tm,10,SUN,2;3;4,True,3,4.0,7.0,2.6457513110645907
es_only_independent,Ga-Pt-Tm,10,AUDC,2;3;4,True,3,0.46,0.034300000000000004,0.18520259177452136
es_only_independent,Ga-Pt-Tm,10,mSUN,2;3;4,True,3,0.39999999999999997,0.06999999999999998,0.264575131106459
es_only_independent,Ga-Pt-Tm,30,SUN,2;3,False,2,12.5,24.5,4.949747468305833
es_only_independent,Ga-Pt-Tm,30,AUDC,2;3,False,2,0.4527777777777778,0.012978395061728392,0.11392275919116597
es_only_independent,Ga-Pt-Tm,30,mSUN,2;3,False,2,0.41666666666666663,0.027222222222222224,0.1649915822768611
es_only_independent,Ga-Pt-Tm,50,SUN,,False,0,,,
es_only_independent,Ga-Pt-Tm,50,AUDC,,False,0,,,
es_only_independent,Ga-Pt-Tm,50,mSUN,,False,0,,,
es_only_independent,Hf-Ni-Zr,10,SUN,2;3;4,True,3,3.3333333333333335,0.33333333333333337,0.5773502691896258
es_only_independent,Hf-Ni-Zr,10,AUDC,2;3;4,True,3,0.4266666666666667,0.006633333333333335,0.08144527815247078
es_only_independent,Hf-Ni-Zr,10,mSUN,2;3;4,True,3,0.3333333333333333,0.0033333333333333357,0.057735026918962595
es_only_independent,Hf-Ni-Zr,30,SUN,2;3,False,2,6.5,0.5,0.7071067811865476
es_only_independent,Hf-Ni-Zr,30,AUDC,2;3,False,2,0.2538888888888889,0.0001388888888888893,0.01178511301977581
es_only_independent,Hf-Ni-Zr,30,mSUN,2;3,False,2,0.21666666666666667,0.0005555555555555553,0.02357022603955158
es_only_independent,Hf-Ni-Zr,50,SUN,,False,0,,,
es_only_independent,Hf-Ni-Zr,50,AUDC,,False,0,,,
es_only_independent,Hf-Ni-Zr,50,mSUN,,False,0,,,
es_only_independent,Mg-Sn-Sr,10,SUN,2;3;4,True,3,6.0,3.0,1.7320508075688772
es_only_independent,Mg-Sn-Sr,10,AUDC,2;3;4,True,3,0.6733333333333333,0.0024333333333333316,0.04932882862316246
es_only_independent,Mg-Sn-Sr,10,mSUN,2;3;4,True,3,0.6,0.029999999999999985,0.17320508075688767
es_only_independent,Mg-Sn-Sr,30,SUN,3,False,1,21.0,,
es_only_independent,Mg-Sn-Sr,30,AUDC,3,False,1,0.7655555555555555,,
es_only_independent,Mg-Sn-Sr,30,mSUN,3,False,1,0.7,,
es_only_independent,Mg-Sn-Sr,50,SUN,,False,0,,,
es_only_independent,Mg-Sn-Sr,50,AUDC,,False,0,,,
es_only_independent,Mg-Sn-Sr,50,mSUN,,False,0,,,
es_only_independent,Au-Cr-Cs-Dy,10,SUN,2;3;4,True,3,1.3333333333333333,5.333333333333334,2.3094010767585034
es_only_independent,Au-Cr-Cs-Dy,10,AUDC,2;3;4,True,3,0.19333333333333333,0.11213333333333331,0.3348631561299829
es_only_independent,Au-Cr-Cs-Dy,10,mSUN,2;3;4,True,3,0.13333333333333333,0.053333333333333344,0.23094010767585033
es_only_independent,Au-Cr-Cs-Dy,30,SUN,3,False,1,0.0,,
es_only_independent,Au-Cr-Cs-Dy,30,AUDC,3,False,1,0.0,,
es_only_independent,Au-Cr-Cs-Dy,30,mSUN,3,False,1,0.0,,
es_only_independent,Au-Cr-Cs-Dy,50,SUN,,False,0,,,
es_only_independent,Au-Cr-Cs-Dy,50,AUDC,,False,0,,,
es_only_independent,Au-Cr-Cs-Dy,50,mSUN,,False,0,,,
es_only_independent,Au-Tb-V-Y,10,SUN,2;3;4,True,3,0.3333333333333333,0.33333333333333337,0.5773502691896258
es_only_independent,Au-Tb-V-Y,10,AUDC,2;3;4,True,3,0.049999999999999996,0.007500000000000001,0.08660254037844387
es_only_independent,Au-Tb-V-Y,10,mSUN,2;3;4,True,3,0.03333333333333333,0.003333333333333334,0.05773502691896258
es_only_independent,Au-Tb-V-Y,30,SUN,3,False,1,0.0,,
es_only_independent,Au-Tb-V-Y,30,AUDC,3,False,1,0.0,,
es_only_independent,Au-Tb-V-Y,30,mSUN,3,False,1,0.0,,
es_only_independent,Au-Tb-V-Y,50,SUN,,False,0,,,
es_only_independent,Au-Tb-V-Y,50,AUDC,,False,0,,,
es_only_independent,Au-Tb-V-Y,50,mSUN,,False,0,,,
es_only_independent,Ba-Be-Hf-Li,10,SUN,2;3;4,True,3,0.0,0.0,0.0
es_only_independent,Ba-Be-Hf-Li,10,AUDC,2;3;4,True,3,0.0,0.0,0.0
es_only_independent,Ba-Be-Hf-Li,10,mSUN,2;3;4,True,3,0.0,0.0,0.0
es_only_independent,Ba-Be-Hf-Li,30,SUN,3,False,1,0.0,,
es_only_independent,Ba-Be-Hf-Li,30,AUDC,3,False,1,0.0,,
es_only_independent,Ba-Be-Hf-Li,30,mSUN,3,False,1,0.0,,
es_only_independent,Ba-Be-Hf-Li,50,SUN,,False,0,,,
es_only_independent,Ba-Be-Hf-Li,50,AUDC,,False,0,,,
es_only_independent,Ba-Be-Hf-Li,50,mSUN,,False,0,,,
es_only_independent,Ba-Nd-Ni-W,10,SUN,2;3;4,True,3,0.0,0.0,0.0
es_only_independent,Ba-Nd-Ni-W,10,AUDC,2;3;4,True,3,0.0,0.0,0.0
es_only_independent,Ba-Nd-Ni-W,10,mSUN,2;3;4,True,3,0.0,0.0,0.0
es_only_independent,Ba-Nd-Ni-W,30,SUN,2;3,False,2,0.0,0.0,0.0
es_only_independent,Ba-Nd-Ni-W,30,AUDC,2;3,False,2,0.0,0.0,0.0
es_only_independent,Ba-Nd-Ni-W,30,mSUN,2;3,False,2,0.0,0.0,0.0
es_only_independent,Ba-Nd-Ni-W,50,SUN,,False,0,,,
es_only_independent,Ba-Nd-Ni-W,50,AUDC,,False,0,,,
es_only_independent,Ba-Nd-Ni-W,50,mSUN,,False,0,,,
es_only_independent,Ca-Pd-Sn-W,10,SUN,2;3;4,True,3,0.0,0.0,0.0
es_only_independent,Ca-Pd-Sn-W,10,AUDC,2;3;4,True,3,0.0,0.0,0.0
es_only_independent,Ca-Pd-Sn-W,10,mSUN,2;3;4,True,3,0.0,0.0,0.0
es_only_independent,Ca-Pd-Sn-W,30,SUN,2;3,False,2,0.0,0.0,0.0
es_only_independent,Ca-Pd-Sn-W,30,AUDC,2;3,False,2,0.0,0.0,0.0
es_only_independent,Ca-Pd-Sn-W,30,mSUN,2;3,False,2,0.0,0.0,0.0
es_only_independent,Ca-Pd-Sn-W,50,SUN,,False,0,,,
es_only_independent,Ca-Pd-Sn-W,50,AUDC,,False,0,,,
es_only_independent,Ca-Pd-Sn-W,50,mSUN,,False,0,,,
es_only_independent,Ce-Er-Pb-Rh,10,SUN,2;3;4,True,3,1.0,0.0,0.0
es_only_independent,Ce-Er-Pb-Rh,10,AUDC,2;3;4,True,3,0.19000000000000003,1.1555579666323415e-33,3.3993498887762956e-17
es_only_independent,Ce-Er-Pb-Rh,10,mSUN,2;3;4,True,3,0.10000000000000002,2.8888949165808538e-34,1.6996749443881478e-17
es_only_independent,Ce-Er-Pb-Rh,30,SUN,2;3,False,2,3.5,0.5,0.7071067811865476
es_only_independent,Ce-Er-Pb-Rh,30,AUDC,2;3,False,2,0.15055555555555555,5.555555555555627e-06,0.0023570226039551735
es_only_independent,Ce-Er-Pb-Rh,30,mSUN,2;3,False,2,0.11666666666666667,0.0005555555555555553,0.02357022603955158
es_only_independent,Ce-Er-Pb-Rh,50,SUN,,False,0,,,
es_only_independent,Ce-Er-Pb-Rh,50,AUDC,,False,0,,,
es_only_independent,Ce-Er-Pb-Rh,50,mSUN,,False,0,,,
es_only_independent,Ce-Ir-Pt-Sn,10,SUN,2;3;4,True,3,0.0,0.0,0.0
es_only_independent,Ce-Ir-Pt-Sn,10,AUDC,2;3;4,True,3,0.0,0.0,0.0
es_only_independent,Ce-Ir-Pt-Sn,10,mSUN,2;3;4,True,3,0.0,0.0,0.0
es_only_independent,Ce-Ir-Pt-Sn,30,SUN,2;3,False,2,0.0,0.0,0.0
es_only_independent,Ce-Ir-Pt-Sn,30,AUDC,2;3,False,2,0.0,0.0,0.0
es_only_independent,Ce-Ir-Pt-Sn,30,mSUN,2;3,False,2,0.0,0.0,0.0
es_only_independent,Ce-Ir-Pt-Sn,50,SUN,,False,0,,,
es_only_independent,Ce-Ir-Pt-Sn,50,AUDC,,False,0,,,
es_only_independent,Ce-Ir-Pt-Sn,50,mSUN,,False,0,,,
es_only_independent,Co-Dy-Ta-Y,10,SUN,2;3;4,True,3,0.3333333333333333,0.33333333333333337,0.5773502691896258
es_only_independent,Co-Dy-Ta-Y,10,AUDC,2;3;4,True,3,0.03,0.0027,0.05196152422706632
es_only_independent,Co-Dy-Ta-Y,10,mSUN,2;3;4,True,3,0.03333333333333333,0.003333333333333334,0.05773502691896258
es_only_independent,Co-Dy-Ta-Y,30,SUN,2;3,False,2,2.5,0.5,0.7071067811865476
es_only_independent,Co-Dy-Ta-Y,30,AUDC,2;3,False,2,0.05944444444444445,0.00013888888888888894,0.011785113019775794
es_only_independent,Co-Dy-Ta-Y,30,mSUN,2;3,False,2,0.08333333333333334,0.0005555555555555558,0.023570226039551587
es_only_independent,Co-Dy-Ta-Y,50,SUN,,False,0,,,
es_only_independent,Co-Dy-Ta-Y,50,AUDC,,False,0,,,
es_only_independent,Co-Dy-Ta-Y,50,mSUN,,False,0,,,
es_only_independent,Dy-K-Pd-Sm,10,SUN,2;3;4,True,3,0.0,0.0,0.0
es_only_independent,Dy-K-Pd-Sm,10,AUDC,2;3;4,True,3,0.0,0.0,0.0
es_only_independent,Dy-K-Pd-Sm,10,mSUN,2;3;4,True,3,0.0,0.0,0.0
es_only_independent,Dy-K-Pd-Sm,30,SUN,2;3,False,2,0.0,0.0,0.0
es_only_independent,Dy-K-Pd-Sm,30,AUDC,2;3,False,2,0.0,0.0,0.0
es_only_independent,Dy-K-Pd-Sm,30,mSUN,2;3,False,2,0.0,0.0,0.0
es_only_independent,Dy-K-Pd-Sm,50,SUN,,False,0,,,
es_only_independent,Dy-K-Pd-Sm,50,AUDC,,False,0,,,
es_only_independent,Dy-K-Pd-Sm,50,mSUN,,False,0,,,
es_only_independent,Eu-Nb-Sn-Tl,10,SUN,2;3;4,True,3,0.0,0.0,0.0
es_only_independent,Eu-Nb-Sn-Tl,10,AUDC,2;3;4,True,3,0.0,0.0,0.0
es_only_independent,Eu-Nb-Sn-Tl,10,mSUN,2;3;4,True,3,0.0,0.0,0.0
es_only_independent,Eu-Nb-Sn-Tl,30,SUN,2;3,False,2,0.0,0.0,0.0
es_only_independent,Eu-Nb-Sn-Tl,30,AUDC,2;3,False,2,0.0,0.0,0.0
es_only_independent,Eu-Nb-Sn-Tl,30,mSUN,2;3,False,2,0.0,0.0,0.0
es_only_independent,Eu-Nb-Sn-Tl,50,SUN,,False,0,,,
es_only_independent,Eu-Nb-Sn-Tl,50,AUDC,,False,0,,,
es_only_independent,Eu-Nb-Sn-Tl,50,mSUN,,False,0,,,
es_only_independent,Ag-Nd-Pd-Pt-Tb,10,SUN,2;3;4,True,3,4.333333333333333,6.333333333333333,2.516611478423583
es_only_independent,Ag-Nd-Pd-Pt-Tb,10,AUDC,2;3;4,True,3,0.47666666666666674,0.05143333333333333,0.226789182575654
es_only_independent,Ag-Nd-Pd-Pt-Tb,10,mSUN,2;3;4,True,3,0.43333333333333335,0.06333333333333332,0.2516611478423583
es_only_independent,Ag-Nd-Pd-Pt-Tb,30,SUN,2;3,False,2,8.5,112.5,10.606601717798213
es_only_independent,Ag-Nd-Pd-Pt-Tb,30,AUDC,2;3,False,2,0.335,0.14520061728395062,0.3810519876394173
es_only_independent,Ag-Nd-Pd-Pt-Tb,30,mSUN,2;3,False,2,0.2833333333333333,0.125,0.3535533905932738
es_only_independent,Ag-Nd-Pd-Pt-Tb,50,SUN,,False,0,,,
es_only_independent,Ag-Nd-Pd-Pt-Tb,50,AUDC,,False,0,,,
es_only_independent,Ag-Nd-Pd-Pt-Tb,50,mSUN,,False,0,,,
es_only_independent,Al-Hg-K-Mg-W,10,SUN,2;3;4,True,3,0.0,0.0,0.0
es_only_independent,Al-Hg-K-Mg-W,10,AUDC,2;3;4,True,3,0.0,0.0,0.0
es_only_independent,Al-Hg-K-Mg-W,10,mSUN,2;3;4,True,3,0.0,0.0,0.0
es_only_independent,Al-Hg-K-Mg-W,30,SUN,2;3,False,2,0.0,0.0,0.0
es_only_independent,Al-Hg-K-Mg-W,30,AUDC,2;3,False,2,0.0,0.0,0.0
es_only_independent,Al-Hg-K-Mg-W,30,mSUN,2;3,False,2,0.0,0.0,0.0
es_only_independent,Al-Hg-K-Mg-W,50,SUN,,False,0,,,
es_only_independent,Al-Hg-K-Mg-W,50,AUDC,,False,0,,,
es_only_independent,Al-Hg-K-Mg-W,50,mSUN,,False,0,,,
es_only_independent,Al-Lu-Pt-Rb-Sm,10,SUN,2;3;4,True,3,0.0,0.0,0.0
es_only_independent,Al-Lu-Pt-Rb-Sm,10,AUDC,2;3;4,True,3,0.0,0.0,0.0
es_only_independent,Al-Lu-Pt-Rb-Sm,10,mSUN,2;3;4,True,3,0.0,0.0,0.0
es_only_independent,Al-Lu-Pt-Rb-Sm,30,SUN,2;3,False,2,0.0,0.0,0.0
es_only_independent,Al-Lu-Pt-Rb-Sm,30,AUDC,2;3,False,2,0.0,0.0,0.0
es_only_independent,Al-Lu-Pt-Rb-Sm,30,mSUN,2;3,False,2,0.0,0.0,0.0
es_only_independent,Al-Lu-Pt-Rb-Sm,50,SUN,,False,0,,,
es_only_independent,Al-Lu-Pt-Rb-Sm,50,AUDC,,False,0,,,
es_only_independent,Al-Lu-Pt-Rb-Sm,50,mSUN,,False,0,,,
es_only_independent,Ca-Fe-Gd-Pb-Tb,10,SUN,2;3;4,True,3,0.3333333333333333,0.33333333333333337,0.5773502691896258
es_only_independent,Ca-Fe-Gd-Pb-Tb,10,AUDC,2;3;4,True,3,0.016666666666666666,0.0008333333333333335,0.02886751345948129
es_only_independent,Ca-Fe-Gd-Pb-Tb,10,mSUN,2;3;4,True,3,0.03333333333333333,0.003333333333333334,0.05773502691896258
es_only_independent,Ca-Fe-Gd-Pb-Tb,30,SUN,2,False,1,0.0,,
es_only_independent,Ca-Fe-Gd-Pb-Tb,30,AUDC,2,False,1,0.0,,
es_only_independent,Ca-Fe-Gd-Pb-Tb,30,mSUN,2,False,1,0.0,,
es_only_independent,Ca-Fe-Gd-Pb-Tb,50,SUN,,False,0,,,
es_only_independent,Ca-Fe-Gd-Pb-Tb,50,AUDC,,False,0,,,
es_only_independent,Ca-Fe-Gd-Pb-Tb,50,mSUN,,False,0,,,
es_only_independent,Cd-Gd-Mn-Na-Ta,10,SUN,2;3;4,True,3,0.0,0.0,0.0
es_only_independent,Cd-Gd-Mn-Na-Ta,10,AUDC,2;3;4,True,3,0.0,0.0,0.0
es_only_independent,Cd-Gd-Mn-Na-Ta,10,mSUN,2;3;4,True,3,0.0,0.0,0.0
es_only_independent,Cd-Gd-Mn-Na-Ta,30,SUN,2,False,1,0.0,,
es_only_independent,Cd-Gd-Mn-Na-Ta,30,AUDC,2,False,1,0.0,,
es_only_independent,Cd-Gd-Mn-Na-Ta,30,mSUN,2,False,1,0.0,,
es_only_independent,Cd-Gd-Mn-Na-Ta,50,SUN,,False,0,,,
es_only_independent,Cd-Gd-Mn-Na-Ta,50,AUDC,,False,0,,,
es_only_independent,Cd-Gd-Mn-Na-Ta,50,mSUN,,False,0,,,
es_only_independent,Cd-Li-Nd-Ti-W,10,SUN,2;3;4,True,3,0.0,0.0,0.0
es_only_independent,Cd-Li-Nd-Ti-W,10,AUDC,2;3;4,True,3,0.0,0.0,0.0
es_only_independent,Cd-Li-Nd-Ti-W,10,mSUN,2;3;4,True,3,0.0,0.0,0.0
es_only_independent,Cd-Li-Nd-Ti-W,30,SUN,2,False,1,0.0,,
es_only_independent,Cd-Li-Nd-Ti-W,30,AUDC,2,False,1,0.0,,
es_only_independent,Cd-Li-Nd-Ti-W,30,mSUN,2,False,1,0.0,,
es_only_independent,Cd-Li-Nd-Ti-W,50,SUN,,False,0,,,
es_only_independent,Cd-Li-Nd-Ti-W,50,AUDC,,False,0,,,
es_only_independent,Cd-Li-Nd-Ti-W,50,mSUN,,False,0,,,
es_only_independent,Co-Hf-In-Ru-Tm,10,SUN,2;3;4,True,3,1.0,1.0,1.0
es_only_independent,Co-Hf-In-Ru-Tm,10,AUDC,2;3;4,True,3,0.043333333333333335,0.0016333333333333334,0.0404145188432738
es_only_independent,Co-Hf-In-Ru-Tm,10,mSUN,2;3;4,True,3,0.10000000000000002,0.010000000000000002,0.1
es_only_independent,Co-Hf-In-Ru-Tm,30,SUN,2,False,1,1.0,,
es_only_independent,Co-Hf-In-Ru-Tm,30,AUDC,2,False,1,0.05444444444444444,,
es_only_independent,Co-Hf-In-Ru-Tm,30,mSUN,2,False,1,0.03333333333333333,,
es_only_independent,Co-Hf-In-Ru-Tm,50,SUN,,False,0,,,
es_only_independent,Co-Hf-In-Ru-Tm,50,AUDC,,False,0,,,
es_only_independent,Co-Hf-In-Ru-Tm,50,mSUN,,False,0,,,
es_only_independent,Co-Hg-Mg-Sr-W,10,SUN,2;3;4,True,3,0.0,0.0,0.0
es_only_independent,Co-Hg-Mg-Sr-W,10,AUDC,2;3;4,True,3,0.0,0.0,0.0
es_only_independent,Co-Hg-Mg-Sr-W,10,mSUN,2;3;4,True,3,0.0,0.0,0.0
es_only_independent,Co-Hg-Mg-Sr-W,30,SUN,2,False,1,0.0,,
es_only_independent,Co-Hg-Mg-Sr-W,30,AUDC,2,False,1,0.0,,
es_only_independent,Co-Hg-Mg-Sr-W,30,mSUN,2,False,1,0.0,,
es_only_independent,Co-Hg-Mg-Sr-W,50,SUN,,False,0,,,
es_only_independent,Co-Hg-Mg-Sr-W,50,AUDC,,False,0,,,
es_only_independent,Co-Hg-Mg-Sr-W,50,mSUN,,False,0,,,
es_only_independent,Cr-Fe-Lu-Pt-Sc,10,SUN,2;3;4,True,3,0.0,0.0,0.0
es_only_independent,Cr-Fe-Lu-Pt-Sc,10,AUDC,2;3;4,True,3,0.0,0.0,0.0
es_only_independent,Cr-Fe-Lu-Pt-Sc,10,mSUN,2;3;4,True,3,0.0,0.0,0.0
es_only_independent,Cr-Fe-Lu-Pt-Sc,30,SUN,2,False,1,0.0,,
es_only_independent,Cr-Fe-Lu-Pt-Sc,30,AUDC,2,False,1,0.0,,
es_only_independent,Cr-Fe-Lu-Pt-Sc,30,mSUN,2,False,1,0.0,,
es_only_independent,Cr-Fe-Lu-Pt-Sc,50,SUN,,False,0,,,
es_only_independent,Cr-Fe-Lu-Pt-Sc,50,AUDC,,False,0,,,
es_only_independent,Cr-Fe-Lu-Pt-Sc,50,mSUN,,False,0,,,
es_only_independent,Ho-In-Mg-Pd-Zr,10,SUN,2;3;4,True,3,0.3333333333333333,0.33333333333333337,0.5773502691896258
es_only_independent,Ho-In-Mg-Pd-Zr,10,AUDC,2;3;4,True,3,0.0033333333333333335,3.3333333333333335e-05,0.005773502691896258
es_only_independent,Ho-In-Mg-Pd-Zr,10,mSUN,2;3;4,True,3,0.03333333333333333,0.003333333333333334,0.05773502691896258
es_only_independent,Ho-In-Mg-Pd-Zr,30,SUN,2,False,1,1.0,,
es_only_independent,Ho-In-Mg-Pd-Zr,30,AUDC,2,False,1,0.058888888888888886,,
es_only_independent,Ho-In-Mg-Pd-Zr,30,mSUN,2,False,1,0.03333333333333333,,
es_only_independent,Ho-In-Mg-Pd-Zr,50,SUN,,False,0,,,
es_only_independent,Ho-In-Mg-Pd-Zr,50,AUDC,,False,0,,,
es_only_independent,Ho-In-Mg-Pd-Zr,50,mSUN,,False,0,,,
full_support_aware,Al-Li-V,10,SUN,2;3;4,True,3,0.6666666666666666,1.3333333333333335,1.1547005383792517
full_support_aware,Al-Li-V,10,AUDC,2;3;4,True,3,0.09333333333333334,0.026133333333333342,0.16165807537309523
full_support_aware,Al-Li-V,10,mSUN,2;3;4,True,3,0.06666666666666667,0.013333333333333336,0.11547005383792516
full_support_aware,Al-Li-V,30,SUN,2;3;4,True,3,0.6666666666666666,0.33333333333333337,0.5773502691896258
full_support_aware,Al-Li-V,30,AUDC,2;3;4,True,3,0.02962962962962963,0.0006596707818930042,0.025684056959386387
full_support_aware,Al-Li-V,30,mSUN,2;3;4,True,3,0.022222222222222223,0.00037037037037037035,0.019245008972987525
full_support_aware,Al-Li-V,50,SUN,2;3,False,2,4.0,8.0,2.8284271247461903
full_support_aware,Al-Li-V,50,AUDC,2;3,False,2,0.08439999999999999,0.004232,0.06505382386916236
full_support_aware,Al-Li-V,50,mSUN,2;3,False,2,0.08,0.0031999999999999997,0.0565685424949238
full_support_aware,Al-V-Zn,10,SUN,2;3;4,True,3,3.6666666666666665,0.33333333333333337,0.5773502691896258
full_support_aware,Al-V-Zn,10,AUDC,2;3;4,True,3,0.41,0.0042999999999999965,0.06557438524301998
full_support_aware,Al-V-Zn,10,mSUN,2;3;4,True,3,0.3666666666666667,0.0033333333333333357,0.057735026918962595
full_support_aware,Al-V-Zn,30,SUN,2;3;4,True,3,11.333333333333334,8.333333333333332,2.8867513459481287
full_support_aware,Al-V-Zn,30,AUDC,2;3;4,True,3,0.3985185185185185,0.009595473251028804,0.09795648651839654
full_support_aware,Al-V-Zn,30,mSUN,2;3;4,True,3,0.37777777777777777,0.009259259259259262,0.09622504486493764
full_support_aware,Al-V-Zn,50,SUN,2;3,False,2,12.0,0.0,0.0
full_support_aware,Al-V-Zn,50,AUDC,2;3,False,2,0.2784,0.0004147199999999998,0.020364675298172565
full_support_aware,Al-V-Zn,50,mSUN,2;3,False,2,0.24,0.0,0.0
full_support_aware,Au-K-Tb,10,SUN,2;3;4,True,3,1.3333333333333333,2.3333333333333335,1.5275252316519468
full_support_aware,Au-K-Tb,10,AUDC,2;3;4,True,3,0.14666666666666667,0.03863333333333333,0.19655363983740756
full_support_aware,Au-K-Tb,10,mSUN,2;3;4,True,3,0.13333333333333333,0.02333333333333333,0.15275252316519466
full_support_aware,Au-K-Tb,30,SUN,2;3;4,True,3,2.0,1.0,1.0
full_support_aware,Au-K-Tb,30,AUDC,2;3;4,True,3,0.062222222222222213,0.001297530864197531,0.03602125572766073
full_support_aware,Au-K-Tb,30,mSUN,2;3;4,True,3,0.06666666666666667,0.0011111111111111113,0.03333333333333334
full_support_aware,Au-K-Tb,50,SUN,2;3,False,2,2.0,2.0,1.4142135623730951
full_support_aware,Au-K-Tb,50,AUDC,2;3,False,2,0.0424,0.00039199999999999993,0.01979898987322333
full_support_aware,Au-K-Tb,50,mSUN,2;3,False,2,0.04,0.0007999999999999999,0.0282842712474619
full_support_aware,Co-Dy-W,10,SUN,2;3;4,True,3,0.3333333333333333,0.33333333333333337,0.5773502691896258
full_support_aware,Co-Dy-W,10,AUDC,2;3;4,True,3,0.043333333333333335,0.005633333333333334,0.07505553499465135
full_support_aware,Co-Dy-W,10,mSUN,2;3;4,True,3,0.03333333333333333,0.003333333333333334,0.05773502691896258
full_support_aware,Co-Dy-W,30,SUN,2;3;4,True,3,0.3333333333333333,0.33333333333333337,0.5773502691896258
full_support_aware,Co-Dy-W,30,AUDC,2;3;4,True,3,0.02037037037037037,0.0012448559670781895,0.035282516450477135
full_support_aware,Co-Dy-W,30,mSUN,2;3;4,True,3,0.011111111111111112,0.0003703703703703703,0.019245008972987525
full_support_aware,Co-Dy-W,50,SUN,2;3,False,2,1.5,0.5,0.7071067811865476
full_support_aware,Co-Dy-W,50,AUDC,2;3,False,2,0.0374,8.00000000000018e-08,0.0002828427124746222
full_support_aware,Co-Dy-W,50,mSUN,2;3,False,2,0.03,0.0002,0.01414213562373095
full_support_aware,Co-Mg-Na,10,SUN,2;3;4,True,3,0.6666666666666666,1.3333333333333335,1.1547005383792517
full_support_aware,Co-Mg-Na,10,AUDC,2;3;4,True,3,0.02666666666666667,0.0021333333333333334,0.046188021535170064
full_support_aware,Co-Mg-Na,10,mSUN,2;3;4,True,3,0.06666666666666667,0.013333333333333336,0.11547005383792516
full_support_aware,Co-Mg-Na,30,SUN,2;3;4,True,3,0.6666666666666666,1.3333333333333335,1.1547005383792517
full_support_aware,Co-Mg-Na,30,AUDC,2;3;4,True,3,0.023703703703703703,0.0016855967078189303,0.04105601914237339
full_support_aware,Co-Mg-Na,30,mSUN,2;3;4,True,3,0.022222222222222223,0.0014814814814814812,0.03849001794597505
full_support_aware,Co-Mg-Na,50,SUN,2;3,False,2,1.0,2.0,1.4142135623730951
full_support_aware,Co-Mg-Na,50,AUDC,2;3,False,2,0.032,0.002048,0.04525483399593904
full_support_aware,Co-Mg-Na,50,mSUN,2;3,False,2,0.02,0.0008,0.0282842712474619
full_support_aware,Co-Pd-Tl,10,SUN,2;3;4,True,3,0.0,0.0,0.0
full_support_aware,Co-Pd-Tl,10,AUDC,2;3;4,True,3,0.0,0.0,0.0
full_support_aware,Co-Pd-Tl,10,mSUN,2;3;4,True,3,0.0,0.0,0.0
full_support_aware,Co-Pd-Tl,30,SUN,2;3;4,True,3,0.0,0.0,0.0
full_support_aware,Co-Pd-Tl,30,AUDC,2;3;4,True,3,0.0,0.0,0.0
full_support_aware,Co-Pd-Tl,30,mSUN,2;3;4,True,3,0.0,0.0,0.0
full_support_aware,Co-Pd-Tl,50,SUN,2,False,1,0.0,,
full_support_aware,Co-Pd-Tl,50,AUDC,2,False,1,0.0,,
full_support_aware,Co-Pd-Tl,50,mSUN,2,False,1,0.0,,
full_support_aware,Ga-Ho-Lu,10,SUN,2;3;4,True,3,2.6666666666666665,0.33333333333333337,0.5773502691896258
full_support_aware,Ga-Ho-Lu,10,AUDC,2;3;4,True,3,0.4266666666666667,0.006033333333333331,0.07767453465154027
full_support_aware,Ga-Ho-Lu,10,mSUN,2;3;4,True,3,0.26666666666666666,0.0033333333333333322,0.05773502691896257
full_support_aware,Ga-Ho-Lu,30,SUN,2;3;4,True,3,7.666666666666667,0.33333333333333337,0.5773502691896258
full_support_aware,Ga-Ho-Lu,30,AUDC,2;3;4,True,3,0.3351851851851852,0.0010078189300411528,0.03174616402088846
full_support_aware,Ga-Ho-Lu,30,mSUN,2;3;4,True,3,0.25555555555555554,0.0003703703703703702,0.01924500897298752
full_support_aware,Ga-Ho-Lu,50,SUN,2,False,1,15.0,,
full_support_aware,Ga-Ho-Lu,50,AUDC,2,False,1,0.3676,,
full_support_aware,Ga-Ho-Lu,50,mSUN,2,False,1,0.3,,
full_support_aware,Ga-Pt-Tm,10,SUN,2;3;4,True,3,4.333333333333333,1.3333333333333335,1.1547005383792517
full_support_aware,Ga-Pt-Tm,10,AUDC,2;3;4,True,3,0.4766666666666666,0.017733333333333327,0.13316656236958782
full_support_aware,Ga-Pt-Tm,10,mSUN,2;3;4,True,3,0.43333333333333335,0.013333333333333336,0.11547005383792516
full_support_aware,Ga-Pt-Tm,30,SUN,2;3;4,True,3,10.333333333333334,2.3333333333333335,1.5275252316519468
full_support_aware,Ga-Pt-Tm,30,AUDC,2;3;4,True,3,0.36185185185185187,0.0031880658436213966,0.056462959926144474
full_support_aware,Ga-Pt-Tm,30,mSUN,2;3;4,True,3,0.3444444444444444,0.0025925925925925947,0.05091750772173158
full_support_aware,Ga-Pt-Tm,50,SUN,2,False,1,13.0,,
full_support_aware,Ga-Pt-Tm,50,AUDC,2,False,1,0.3732,,
full_support_aware,Ga-Pt-Tm,50,mSUN,2,False,1,0.26,,
full_support_aware,Hf-Ni-Zr,10,SUN,2;3;4,True,3,5.0,1.0,1.0
full_support_aware,Hf-Ni-Zr,10,AUDC,2;3;4,True,3,0.5966666666666667,0.004233333333333334,0.06506407098647712
full_support_aware,Hf-Ni-Zr,10,mSUN,2;3;4,True,3,0.5,0.009999999999999995,0.09999999999999998
full_support_aware,Hf-Ni-Zr,30,SUN,2;3;4,True,3,9.333333333333334,9.333333333333332,3.055050463303893
full_support_aware,Hf-Ni-Zr,30,AUDC,2;3;4,True,3,0.34074074074074073,0.0033448559670781904,0.057834729765757445
full_support_aware,Hf-Ni-Zr,30,mSUN,2;3;4,True,3,0.3111111111111111,0.010370370370370372,0.10183501544346311
full_support_aware,Hf-Ni-Zr,50,SUN,2,False,1,17.0,,
full_support_aware,Hf-Ni-Zr,50,AUDC,2,False,1,0.4428,,
full_support_aware,Hf-Ni-Zr,50,mSUN,2,False,1,0.34,,
full_support_aware,Mg-Sn-Sr,10,SUN,2;3;4,True,3,5.0,7.0,2.6457513110645907
full_support_aware,Mg-Sn-Sr,10,AUDC,2;3;4,True,3,0.5366666666666667,0.16403333333333334,0.40501028793517496
full_support_aware,Mg-Sn-Sr,10,mSUN,2;3;4,True,3,0.5,0.07,0.2645751311064591
full_support_aware,Mg-Sn-Sr,30,SUN,2;3;4,True,3,15.333333333333334,44.333333333333336,6.658328118479393
full_support_aware,Mg-Sn-Sr,30,AUDC,2;3;4,True,3,0.4822222222222223,0.04860123456790123,0.22045687688956594
full_support_aware,Mg-Sn-Sr,30,mSUN,2;3;4,True,3,0.5111111111111112,0.04925925925925927,0.2219442706159798
full_support_aware,Mg-Sn-Sr,50,SUN,2,False,1,19.0,,
full_support_aware,Mg-Sn-Sr,50,AUDC,2,False,1,0.3764,,
full_support_aware,Mg-Sn-Sr,50,mSUN,2,False,1,0.38,,
full_support_aware,Au-Cr-Cs-Dy,10,SUN,2;3;4,True,3,0.0,0.0,0.0
full_support_aware,Au-Cr-Cs-Dy,10,AUDC,2;3;4,True,3,0.0,0.0,0.0
full_support_aware,Au-Cr-Cs-Dy,10,mSUN,2;3;4,True,3,0.0,0.0,0.0
full_support_aware,Au-Cr-Cs-Dy,30,SUN,2;3;4,True,3,0.0,0.0,0.0
full_support_aware,Au-Cr-Cs-Dy,30,AUDC,2;3;4,True,3,0.0,0.0,0.0
full_support_aware,Au-Cr-Cs-Dy,30,mSUN,2;3;4,True,3,0.0,0.0,0.0
full_support_aware,Au-Cr-Cs-Dy,50,SUN,2,False,1,0.0,,
full_support_aware,Au-Cr-Cs-Dy,50,AUDC,2,False,1,0.0,,
full_support_aware,Au-Cr-Cs-Dy,50,mSUN,2,False,1,0.0,,
full_support_aware,Au-Tb-V-Y,10,SUN,2;3;4,True,3,0.0,0.0,0.0
full_support_aware,Au-Tb-V-Y,10,AUDC,2;3;4,True,3,0.0,0.0,0.0
full_support_aware,Au-Tb-V-Y,10,mSUN,2;3;4,True,3,0.0,0.0,0.0
full_support_aware,Au-Tb-V-Y,30,SUN,2;3;4,True,3,0.3333333333333333,0.33333333333333337,0.5773502691896258
full_support_aware,Au-Tb-V-Y,30,AUDC,2;3;4,True,3,0.013703703703703704,0.0005633744855967079,0.023735511066684617
full_support_aware,Au-Tb-V-Y,30,mSUN,2;3;4,True,3,0.011111111111111112,0.0003703703703703703,0.019245008972987525
full_support_aware,Au-Tb-V-Y,50,SUN,2,False,1,1.0,,
full_support_aware,Au-Tb-V-Y,50,AUDC,2,False,1,0.034,,
full_support_aware,Au-Tb-V-Y,50,mSUN,2,False,1,0.02,,
full_support_aware,Ba-Be-Hf-Li,10,SUN,2;3,False,2,0.0,0.0,0.0
full_support_aware,Ba-Be-Hf-Li,10,AUDC,2;3,False,2,0.0,0.0,0.0
full_support_aware,Ba-Be-Hf-Li,10,mSUN,2;3,False,2,0.0,0.0,0.0
full_support_aware,Ba-Be-Hf-Li,30,SUN,2;3;4,True,3,0.0,0.0,0.0
full_support_aware,Ba-Be-Hf-Li,30,AUDC,2;3;4,True,3,0.0,0.0,0.0
full_support_aware,Ba-Be-Hf-Li,30,mSUN,2;3;4,True,3,0.0,0.0,0.0
full_support_aware,Ba-Be-Hf-Li,50,SUN,2,False,1,0.0,,
full_support_aware,Ba-Be-Hf-Li,50,AUDC,2,False,1,0.0,,
full_support_aware,Ba-Be-Hf-Li,50,mSUN,2,False,1,0.0,,
full_support_aware,Ba-Nd-Ni-W,10,SUN,2;3;4,True,3,0.0,0.0,0.0
full_support_aware,Ba-Nd-Ni-W,10,AUDC,2;3;4,True,3,0.0,0.0,0.0
full_support_aware,Ba-Nd-Ni-W,10,mSUN,2;3;4,True,3,0.0,0.0,0.0
full_support_aware,Ba-Nd-Ni-W,30,SUN,2;3;4,True,3,0.0,0.0,0.0
full_support_aware,Ba-Nd-Ni-W,30,AUDC,2;3;4,True,3,0.0,0.0,0.0
full_support_aware,Ba-Nd-Ni-W,30,mSUN,2;3;4,True,3,0.0,0.0,0.0
full_support_aware,Ba-Nd-Ni-W,50,SUN,2,False,1,0.0,,
full_support_aware,Ba-Nd-Ni-W,50,AUDC,2,False,1,0.0,,
full_support_aware,Ba-Nd-Ni-W,50,mSUN,2,False,1,0.0,,
full_support_aware,Ca-Pd-Sn-W,10,SUN,2;3,False,2,0.0,0.0,0.0
full_support_aware,Ca-Pd-Sn-W,10,AUDC,2;3,False,2,0.0,0.0,0.0
full_support_aware,Ca-Pd-Sn-W,10,mSUN,2;3,False,2,0.0,0.0,0.0
full_support_aware,Ca-Pd-Sn-W,30,SUN,2;3;4,True,3,0.0,0.0,0.0
full_support_aware,Ca-Pd-Sn-W,30,AUDC,2;3;4,True,3,0.0,0.0,0.0
full_support_aware,Ca-Pd-Sn-W,30,mSUN,2;3;4,True,3,0.0,0.0,0.0
full_support_aware,Ca-Pd-Sn-W,50,SUN,2,False,1,0.0,,
full_support_aware,Ca-Pd-Sn-W,50,AUDC,2,False,1,0.0,,
full_support_aware,Ca-Pd-Sn-W,50,mSUN,2,False,1,0.0,,
full_support_aware,Ce-Er-Pb-Rh,10,SUN,2;3,False,2,2.5,0.5,0.7071067811865476
full_support_aware,Ce-Er-Pb-Rh,10,AUDC,2;3,False,2,0.235,0.0012500000000000007,0.03535533905932738
full_support_aware,Ce-Er-Pb-Rh,10,mSUN,2;3,False,2,0.25,0.0049999999999999975,0.07071067811865474
full_support_aware,Ce-Er-Pb-Rh,30,SUN,2;3;4,True,3,7.333333333333333,12.333333333333334,3.5118845842842465
full_support_aware,Ce-Er-Pb-Rh,30,AUDC,2;3;4,True,3,0.19925925925925925,0.0016818930041152269,0.041010888848148935
full_support_aware,Ce-Er-Pb-Rh,30,mSUN,2;3;4,True,3,0.24444444444444444,0.0137037037037037,0.11706281947614153
full_support_aware,Ce-Er-Pb-Rh,50,SUN,2,False,1,21.0,,
full_support_aware,Ce-Er-Pb-Rh,50,AUDC,2,False,1,0.3588,,
full_support_aware,Ce-Er-Pb-Rh,50,mSUN,2,False,1,0.42,,
full_support_aware,Ce-Ir-Pt-Sn,10,SUN,2;3;4,True,3,0.0,0.0,0.0
full_support_aware,Ce-Ir-Pt-Sn,10,AUDC,2;3;4,True,3,0.0,0.0,0.0
full_support_aware,Ce-Ir-Pt-Sn,10,mSUN,2;3;4,True,3,0.0,0.0,0.0
full_support_aware,Ce-Ir-Pt-Sn,30,SUN,2;3;4,True,3,3.6666666666666665,22.333333333333336,4.725815626252609
full_support_aware,Ce-Ir-Pt-Sn,30,AUDC,2;3;4,True,3,0.1537037037037037,0.03418806584362139,0.18490015101027202
full_support_aware,Ce-Ir-Pt-Sn,30,mSUN,2;3;4,True,3,0.12222222222222222,0.02481481481481481,0.1575271875417536
full_support_aware,Ce-Ir-Pt-Sn,50,SUN,2,False,1,9.0,,
full_support_aware,Ce-Ir-Pt-Sn,50,AUDC,2,False,1,0.154,,
full_support_aware,Ce-Ir-Pt-Sn,50,mSUN,2,False,1,0.18,,
full_support_aware,Co-Dy-Ta-Y,10,SUN,2;3;4,True,3,0.0,0.0,0.0
full_support_aware,Co-Dy-Ta-Y,10,AUDC,2;3;4,True,3,0.0,0.0,0.0
full_support_aware,Co-Dy-Ta-Y,10,mSUN,2;3;4,True,3,0.0,0.0,0.0
full_support_aware,Co-Dy-Ta-Y,30,SUN,2;3;4,True,3,8.333333333333334,30.333333333333336,5.507570547286102
full_support_aware,Co-Dy-Ta-Y,30,AUDC,2;3;4,True,3,0.33592592592592596,0.07291152263374487,0.2700213373675215
full_support_aware,Co-Dy-Ta-Y,30,mSUN,2;3;4,True,3,0.2777777777777778,0.0337037037037037,0.18358568490953672
full_support_aware,Co-Dy-Ta-Y,50,SUN,2,False,1,8.0,,
full_support_aware,Co-Dy-Ta-Y,50,AUDC,2,False,1,0.1456,,
full_support_aware,Co-Dy-Ta-Y,50,mSUN,2,False,1,0.16,,
full_support_aware,Dy-K-Pd-Sm,10,SUN,2;3;4,True,3,0.0,0.0,0.0
full_support_aware,Dy-K-Pd-Sm,10,AUDC,2;3;4,True,3,0.0,0.0,0.0
full_support_aware,Dy-K-Pd-Sm,10,mSUN,2;3;4,True,3,0.0,0.0,0.0
full_support_aware,Dy-K-Pd-Sm,30,SUN,2;3;4,True,3,0.0,0.0,0.0
full_support_aware,Dy-K-Pd-Sm,30,AUDC,2;3;4,True,3,0.0,0.0,0.0
full_support_aware,Dy-K-Pd-Sm,30,mSUN,2;3;4,True,3,0.0,0.0,0.0
full_support_aware,Dy-K-Pd-Sm,50,SUN,2,False,1,0.0,,
full_support_aware,Dy-K-Pd-Sm,50,AUDC,2,False,1,0.0,,
full_support_aware,Dy-K-Pd-Sm,50,mSUN,2,False,1,0.0,,
full_support_aware,Eu-Nb-Sn-Tl,10,SUN,2;3;4,True,3,0.0,0.0,0.0
full_support_aware,Eu-Nb-Sn-Tl,10,AUDC,2;3;4,True,3,0.0,0.0,0.0
full_support_aware,Eu-Nb-Sn-Tl,10,mSUN,2;3;4,True,3,0.0,0.0,0.0
full_support_aware,Eu-Nb-Sn-Tl,30,SUN,2;3;4,True,3,0.0,0.0,0.0
full_support_aware,Eu-Nb-Sn-Tl,30,AUDC,2;3;4,True,3,0.0,0.0,0.0
full_support_aware,Eu-Nb-Sn-Tl,30,mSUN,2;3;4,True,3,0.0,0.0,0.0
full_support_aware,Eu-Nb-Sn-Tl,50,SUN,2,False,1,0.0,,
full_support_aware,Eu-Nb-Sn-Tl,50,AUDC,2,False,1,0.0,,
full_support_aware,Eu-Nb-Sn-Tl,50,mSUN,2,False,1,0.0,,
full_support_aware,Ag-Nd-Pd-Pt-Tb,10,SUN,2;3;4,True,3,4.333333333333333,2.333333333333333,1.5275252316519465
full_support_aware,Ag-Nd-Pd-Pt-Tb,10,AUDC,2;3;4,True,3,0.5233333333333333,0.005033333333333331,0.07094598884597586
full_support_aware,Ag-Nd-Pd-Pt-Tb,10,mSUN,2;3;4,True,3,0.43333333333333335,0.02333333333333333,0.15275252316519466
full_support_aware,Ag-Nd-Pd-Pt-Tb,30,SUN,2;3;4,True,3,10.0,13.0,3.605551275463989
full_support_aware,Ag-Nd-Pd-Pt-Tb,30,AUDC,2;3;4,True,3,0.38666666666666666,0.04041111111111111,0.2010251504441947
full_support_aware,Ag-Nd-Pd-Pt-Tb,30,mSUN,2;3;4,True,3,0.3333333333333333,0.014444444444444444,0.1201850425154663
full_support_aware,Ag-Nd-Pd-Pt-Tb,50,SUN,2,False,1,3.0,,
full_support_aware,Ag-Nd-Pd-Pt-Tb,50,AUDC,2,False,1,0.0708,,
full_support_aware,Ag-Nd-Pd-Pt-Tb,50,mSUN,2,False,1,0.06,,
full_support_aware,Al-Hg-K-Mg-W,10,SUN,2;3;4,True,3,0.0,0.0,0.0
full_support_aware,Al-Hg-K-Mg-W,10,AUDC,2;3;4,True,3,0.0,0.0,0.0
full_support_aware,Al-Hg-K-Mg-W,10,mSUN,2;3;4,True,3,0.0,0.0,0.0
full_support_aware,Al-Hg-K-Mg-W,30,SUN,2;3;4,True,3,0.0,0.0,0.0
full_support_aware,Al-Hg-K-Mg-W,30,AUDC,2;3;4,True,3,0.0,0.0,0.0
full_support_aware,Al-Hg-K-Mg-W,30,mSUN,2;3;4,True,3,0.0,0.0,0.0
full_support_aware,Al-Hg-K-Mg-W,50,SUN,2,False,1,0.0,,
full_support_aware,Al-Hg-K-Mg-W,50,AUDC,2,False,1,0.0,,
full_support_aware,Al-Hg-K-Mg-W,50,mSUN,2,False,1,0.0,,
full_support_aware,Al-Lu-Pt-Rb-Sm,10,SUN,2;3;4,True,3,1.3333333333333333,2.3333333333333335,1.5275252316519468
full_support_aware,Al-Lu-Pt-Rb-Sm,10,AUDC,2;3;4,True,3,0.20666666666666667,0.04643333333333333,0.21548395145191981
full_support_aware,Al-Lu-Pt-Rb-Sm,10,mSUN,2;3;4,True,3,0.13333333333333333,0.02333333333333333,0.15275252316519466
full_support_aware,Al-Lu-Pt-Rb-Sm,30,SUN,2;3;4,True,3,1.3333333333333333,5.333333333333334,2.3094010767585034
full_support_aware,Al-Lu-Pt-Rb-Sm,30,AUDC,2;3;4,True,3,0.05185185185185185,0.008065843621399178,0.08981004187394179
full_support_aware,Al-Lu-Pt-Rb-Sm,30,mSUN,2;3;4,True,3,0.044444444444444446,0.005925925925925925,0.0769800358919501
full_support_aware,Al-Lu-Pt-Rb-Sm,50,SUN,2,False,1,3.0,,
full_support_aware,Al-Lu-Pt-Rb-Sm,50,AUDC,2,False,1,0.11,,
full_support_aware,Al-Lu-Pt-Rb-Sm,50,mSUN,2,False,1,0.06,,
full_support_aware,Ca-Fe-Gd-Pb-Tb,10,SUN,2;3;4,True,3,0.0,0.0,0.0
full_support_aware,Ca-Fe-Gd-Pb-Tb,10,AUDC,2;3;4,True,3,0.0,0.0,0.0
full_support_aware,Ca-Fe-Gd-Pb-Tb,10,mSUN,2;3;4,True,3,0.0,0.0,0.0
full_support_aware,Ca-Fe-Gd-Pb-Tb,30,SUN,2;3;4,True,3,0.3333333333333333,0.33333333333333337,0.5773502691896258
full_support_aware,Ca-Fe-Gd-Pb-Tb,30,AUDC,2;3;4,True,3,0.015925925925925927,0.0007609053497942388,0.02758451286128212
full_support_aware,Ca-Fe-Gd-Pb-Tb,30,mSUN,2;3;4,True,3,0.011111111111111112,0.0003703703703703703,0.019245008972987525
full_support_aware,Ca-Fe-Gd-Pb-Tb,50,SUN,2,False,1,0.0,,
full_support_aware,Ca-Fe-Gd-Pb-Tb,50,AUDC,2,False,1,0.0,,
full_support_aware,Ca-Fe-Gd-Pb-Tb,50,mSUN,2,False,1,0.0,,
full_support_aware,Cd-Gd-Mn-Na-Ta,10,SUN,2;3,False,2,0.0,0.0,0.0
full_support_aware,Cd-Gd-Mn-Na-Ta,10,AUDC,2;3,False,2,0.0,0.0,0.0
full_support_aware,Cd-Gd-Mn-Na-Ta,10,mSUN,2;3,False,2,0.0,0.0,0.0
full_support_aware,Cd-Gd-Mn-Na-Ta,30,SUN,2;3;4,True,3,0.0,0.0,0.0
full_support_aware,Cd-Gd-Mn-Na-Ta,30,AUDC,2;3;4,True,3,0.0,0.0,0.0
full_support_aware,Cd-Gd-Mn-Na-Ta,30,mSUN,2;3;4,True,3,0.0,0.0,0.0
full_support_aware,Cd-Gd-Mn-Na-Ta,50,SUN,2,False,1,0.0,,
full_support_aware,Cd-Gd-Mn-Na-Ta,50,AUDC,2,False,1,0.0,,
full_support_aware,Cd-Gd-Mn-Na-Ta,50,mSUN,2,False,1,0.0,,
full_support_aware,Cd-Li-Nd-Ti-W,10,SUN,2;3,False,2,0.0,0.0,0.0
full_support_aware,Cd-Li-Nd-Ti-W,10,AUDC,2;3,False,2,0.0,0.0,0.0
full_support_aware,Cd-Li-Nd-Ti-W,10,mSUN,2;3,False,2,0.0,0.0,0.0
full_support_aware,Cd-Li-Nd-Ti-W,30,SUN,2;3;4,True,3,1.0,3.0,1.7320508075688772
full_support_aware,Cd-Li-Nd-Ti-W,30,AUDC,2;3;4,True,3,0.05444444444444444,0.008892592592592594,0.09430054396763889
full_support_aware,Cd-Li-Nd-Ti-W,30,mSUN,2;3;4,True,3,0.03333333333333333,0.003333333333333334,0.05773502691896258
full_support_aware,Cd-Li-Nd-Ti-W,50,SUN,2,False,1,0.0,,
full_support_aware,Cd-Li-Nd-Ti-W,50,AUDC,2,False,1,0.0,,
full_support_aware,Cd-Li-Nd-Ti-W,50,mSUN,2,False,1,0.0,,
full_support_aware,Co-Hf-In-Ru-Tm,10,SUN,2;3,False,2,1.5,0.5,0.7071067811865476
full_support_aware,Co-Hf-In-Ru-Tm,10,AUDC,2;3,False,2,0.22499999999999998,0.036449999999999996,0.19091883092036782
full_support_aware,Co-Hf-In-Ru-Tm,10,mSUN,2;3,False,2,0.15000000000000002,0.005000000000000001,0.07071067811865477
full_support_aware,Co-Hf-In-Ru-Tm,30,SUN,2;3;4,True,3,0.6666666666666666,1.3333333333333335,1.1547005383792517
full_support_aware,Co-Hf-In-Ru-Tm,30,AUDC,2;3;4,True,3,0.042222222222222223,0.00534814814814815,0.07313103409735261
full_support_aware,Co-Hf-In-Ru-Tm,30,mSUN,2;3;4,True,3,0.022222222222222223,0.0014814814814814812,0.03849001794597505
full_support_aware,Co-Hf-In-Ru-Tm,50,SUN,2,False,1,0.0,,
full_support_aware,Co-Hf-In-Ru-Tm,50,AUDC,2,False,1,0.0,,
full_support_aware,Co-Hf-In-Ru-Tm,50,mSUN,2,False,1,0.0,,
full_support_aware,Co-Hg-Mg-Sr-W,10,SUN,2;3;4,True,3,0.0,0.0,0.0
full_support_aware,Co-Hg-Mg-Sr-W,10,AUDC,2;3;4,True,3,0.0,0.0,0.0
full_support_aware,Co-Hg-Mg-Sr-W,10,mSUN,2;3;4,True,3,0.0,0.0,0.0
full_support_aware,Co-Hg-Mg-Sr-W,30,SUN,2;3;4,True,3,0.0,0.0,0.0
full_support_aware,Co-Hg-Mg-Sr-W,30,AUDC,2;3;4,True,3,0.0,0.0,0.0
full_support_aware,Co-Hg-Mg-Sr-W,30,mSUN,2;3;4,True,3,0.0,0.0,0.0
full_support_aware,Co-Hg-Mg-Sr-W,50,SUN,2,False,1,0.0,,
full_support_aware,Co-Hg-Mg-Sr-W,50,AUDC,2,False,1,0.0,,
full_support_aware,Co-Hg-Mg-Sr-W,50,mSUN,2,False,1,0.0,,
full_support_aware,Cr-Fe-Lu-Pt-Sc,10,SUN,2;3;4,True,3,0.0,0.0,0.0
full_support_aware,Cr-Fe-Lu-Pt-Sc,10,AUDC,2;3;4,True,3,0.0,0.0,0.0
full_support_aware,Cr-Fe-Lu-Pt-Sc,10,mSUN,2;3;4,True,3,0.0,0.0,0.0
full_support_aware,Cr-Fe-Lu-Pt-Sc,30,SUN,2;3;4,True,3,0.0,0.0,0.0
full_support_aware,Cr-Fe-Lu-Pt-Sc,30,AUDC,2;3;4,True,3,0.0,0.0,0.0
full_support_aware,Cr-Fe-Lu-Pt-Sc,30,mSUN,2;3;4,True,3,0.0,0.0,0.0
full_support_aware,Cr-Fe-Lu-Pt-Sc,50,SUN,2,False,1,0.0,,
full_support_aware,Cr-Fe-Lu-Pt-Sc,50,AUDC,2,False,1,0.0,,
full_support_aware,Cr-Fe-Lu-Pt-Sc,50,mSUN,2,False,1,0.0,,
full_support_aware,Ho-In-Mg-Pd-Zr,10,SUN,2;3;4,True,3,1.3333333333333333,5.333333333333334,2.3094010767585034
full_support_aware,Ho-In-Mg-Pd-Zr,10,AUDC,2;3;4,True,3,0.13999999999999999,0.058800000000000005,0.24248711305964282
full_support_aware,Ho-In-Mg-Pd-Zr,10,mSUN,2;3;4,True,3,0.13333333333333333,0.053333333333333344,0.23094010767585033
full_support_aware,Ho-In-Mg-Pd-Zr,30,SUN,2;3;4,True,3,4.333333333333333,9.333333333333334,3.0550504633038935
full_support_aware,Ho-In-Mg-Pd-Zr,30,AUDC,2;3;4,True,3,0.13296296296296298,0.0056510288065843624,0.07517332509996058
full_support_aware,Ho-In-Mg-Pd-Zr,30,mSUN,2;3;4,True,3,0.14444444444444446,0.010370370370370372,0.10183501544346311
full_support_aware,Ho-In-Mg-Pd-Zr,50,SUN,2,False,1,9.0,,
full_support_aware,Ho-In-Mg-Pd-Zr,50,AUDC,2,False,1,0.1668,,
full_support_aware,Ho-In-Mg-Pd-Zr,50,mSUN,2,False,1,0.18,,
