family,NN_seed,calibration,policy_seed,bin,lower,upper,upper_inclusive,count,mean_predicted_no_HVI,observed_no_HVI_fraction
all,1729,raw,all,0,0.0,0.1,False,114,0.05562056370667721,0.9473684210526315
all,1729,raw,all,1,0.1,0.2,False,62,0.14379853394723707,1.0
all,1729,raw,all,2,0.2,0.3,False,18,0.2363775008254581,1.0
all,1729,raw,all,3,0.3,0.4,False,12,0.35852667689323425,1.0
all,1729,raw,all,4,0.4,0.5,False,8,0.45600445196032524,1.0
all,1729,raw,all,5,0.5,0.6,False,3,0.5538403987884521,1.0
all,1729,raw,all,6,0.6,0.7,False,3,0.6361571351687113,1.0
all,1729,raw,all,7,0.7,0.8,False,4,0.7443459182977676,1.0
all,1729,raw,all,8,0.8,0.9,False,0,,
all,1729,raw,all,9,0.9,1.0,True,0,,
all,1729,raw,5101,0,0.0,0.1,False,29,0.05510040764407865,0.9655172413793104
all,1729,raw,5101,1,0.1,0.2,False,9,0.14332969072792265,1.0
all,1729,raw,5101,2,0.2,0.3,False,3,0.2330173005660375,1.0
all,1729,raw,5101,3,0.3,0.4,False,2,0.3361314684152603,1.0
all,1729,raw,5101,4,0.4,0.5,False,1,0.43772202730178833,1.0
all,1729,raw,5101,5,0.5,0.6,False,0,,
all,1729,raw,5101,6,0.6,0.7,False,0,,
all,1729,raw,5101,7,0.7,0.8,False,1,0.7501378655433655,1.0
all,1729,raw,5101,8,0.8,0.9,False,0,,
all,1729,raw,5101,9,0.9,1.0,True,0,,
all,1729,raw,5102,0,0.0,0.1,False,20,0.06602198127657175,0.85
all,1729,raw,5102,1,0.1,0.2,False,13,0.14710731861683038,1.0
all,1729,raw,5102,2,0.2,0.3,False,7,0.24675840139389038,1.0
all,1729,raw,5102,3,0.3,0.4,False,2,0.3315078616142273,1.0
all,1729,raw,5102,4,0.4,0.5,False,0,,
all,1729,raw,5102,5,0.5,0.6,False,1,0.5264437198638916,1.0
all,1729,raw,5102,6,0.6,0.7,False,1,0.6802562475204468,1.0
all,1729,raw,5102,7,0.7,0.8,False,1,0.7246468663215637,1.0
all,1729,raw,5102,8,0.8,0.9,False,0,,
all,1729,raw,5102,9,0.9,1.0,True,0,,
all,1729,raw,5103,0,0.0,0.1,False,23,0.054141054982724396,0.9565217391304348
all,1729,raw,5103,1,0.1,0.2,False,13,0.1377716362476349,1.0
all,1729,raw,5103,2,0.2,0.3,False,3,0.26743105550607044,1.0
all,1729,raw,5103,3,0.3,0.4,False,2,0.38935117423534393,1.0
all,1729,raw,5103,4,0.4,0.5,False,1,0.44631773233413696,1.0
all,1729,raw,5103,5,0.5,0.6,False,1,0.5445938110351562,1.0
all,1729,raw,5103,6,0.6,0.7,False,0,,
all,1729,raw,5103,7,0.7,0.8,False,2,0.7512994706630707,1.0
all,1729,raw,5103,8,0.8,0.9,False,0,,
all,1729,raw,5103,9,0.9,1.0,True,0,,
all,1729,raw,5104,0,0.0,0.1,False,22,0.048461353914304214,0.9545454545454546
all,1729,raw,5104,1,0.1,0.2,False,16,0.14792390447109938,1.0
all,1729,raw,5104,2,0.2,0.3,False,2,0.20076313614845276,1.0
all,1729,raw,5104,3,0.3,0.4,False,2,0.37781405448913574,1.0
all,1729,raw,5104,4,0.4,0.5,False,1,0.42530521750450134,1.0
all,1729,raw,5104,5,0.5,0.6,False,1,0.5904836654663086,1.0
all,1729,raw,5104,6,0.6,0.7,False,1,0.6108513474464417,1.0
all,1729,raw,5104,7,0.7,0.8,False,0,,
all,1729,raw,5104,8,0.8,0.9,False,0,,
all,1729,raw,5104,9,0.9,1.0,True,0,,
all,1729,raw,5105,0,0.0,0.1,False,20,0.05554993823170662,1.0
all,1729,raw,5105,1,0.1,0.2,False,11,0.14139390940015967,1.0
all,1729,raw,5105,2,0.2,0.3,False,3,0.2082049548625946,1.0
all,1729,raw,5105,3,0.3,0.4,False,4,0.3581777513027191,1.0
all,1729,raw,5105,4,0.4,0.5,False,5,0.46773812770843504,1.0
all,1729,raw,5105,5,0.5,0.6,False,0,,
all,1729,raw,5105,6,0.6,0.7,False,1,0.6173638105392456,1.0
all,1729,raw,5105,7,0.7,0.8,False,0,,
all,1729,raw,5105,8,0.8,0.9,False,0,,
all,1729,raw,5105,9,0.9,1.0,True,0,,
all,1729,calibrated,all,0,0.0,0.1,False,90,0.07013080823752615,0.9444444444444444
all,1729,calibrated,all,1,0.1,0.2,False,73,0.14823844610419992,0.9863013698630136
all,1729,calibrated,all,2,0.2,0.3,False,26,0.2312247334764554,1.0
all,1729,calibrated,all,3,0.3,0.4,False,13,0.34374350080123317,1.0
all,1729,calibrated,all,4,0.4,0.5,False,12,0.44402598589658737,1.0
all,1729,calibrated,all,5,0.5,0.6,False,4,0.5589474588632584,1.0
all,1729,calibrated,all,6,0.6,0.7,False,3,0.6522273818651835,1.0
all,1729,calibrated,all,7,0.7,0.8,False,3,0.7216461102167765,1.0
all,1729,calibrated,all,8,0.8,0.9,False,0,,
all,1729,calibrated,all,9,0.9,1.0,True,0,,
all,1729,calibrated,5101,0,0.0,0.1,False,24,0.07118833903223276,0.9583333333333334
all,1729,calibrated,5101,1,0.1,0.2,False,12,0.14426645760734877,1.0
all,1729,calibrated,5101,2,0.2,0.3,False,4,0.22389337420463562,1.0
all,1729,calibrated,5101,3,0.3,0.4,False,3,0.3415004213651021,1.0
all,1729,calibrated,5101,4,0.4,0.5,False,1,0.4461655914783478,1.0
all,1729,calibrated,5101,5,0.5,0.6,False,0,,
all,1729,calibrated,5101,6,0.6,0.7,False,0,,
all,1729,calibrated,5101,7,0.7,0.8,False,1,0.7209227681159973,1.0
all,1729,calibrated,5101,8,0.8,0.9,False,0,,
all,1729,calibrated,5101,9,0.9,1.0,True,0,,
all,1729,calibrated,5102,0,0.0,0.1,False,15,0.08414525811870893,0.8
all,1729,calibrated,5102,1,0.1,0.2,False,14,0.1457325198820659,1.0
all,1729,calibrated,5102,2,0.2,0.3,False,9,0.24063763353559706,1.0
all,1729,calibrated,5102,3,0.3,0.4,False,4,0.33376825600862503,1.0
all,1729,calibrated,5102,4,0.4,0.5,False,0,,
all,1729,calibrated,5102,5,0.5,0.6,False,1,0.5228337645530701,1.0
all,1729,calibrated,5102,6,0.6,0.7,False,2,0.6774411499500275,1.0
all,1729,calibrated,5102,7,0.7,0.8,False,0,,
all,1729,calibrated,5102,8,0.8,0.9,False,0,,
all,1729,calibrated,5102,9,0.9,1.0,True,0,,
all,1729,calibrated,5103,0,0.0,0.1,False,19,0.06930183325158923,0.9473684210526315
all,1729,calibrated,5103,1,0.1,0.2,False,16,0.15271031903102994,1.0
all,1729,calibrated,5103,2,0.2,0.3,False,2,0.23773782700300217,1.0
all,1729,calibrated,5103,3,0.3,0.4,False,2,0.31974197924137115,1.0
all,1729,calibrated,5103,4,0.4,0.5,False,3,0.42058783769607544,1.0
all,1729,calibrated,5103,5,0.5,0.6,False,1,0.5385228991508484,1.0
all,1729,calibrated,5103,6,0.6,0.7,False,0,,
all,1729,calibrated,5103,7,0.7,0.8,False,2,0.7220077812671661,1.0
all,1729,calibrated,5103,8,0.8,0.9,False,0,,
all,1729,calibrated,5103,9,0.9,1.0,True,0,,
all,1729,calibrated,5104,0,0.0,0.1,False,18,0.06237971596419811,1.0
all,1729,calibrated,5104,1,0.1,0.2,False,17,0.1584794473122148,0.9411764705882353
all,1729,calibrated,5104,2,0.2,0.3,False,5,0.21698140501976013,1.0
all,1729,calibrated,5104,3,0.3,0.4,False,1,0.37447524070739746,1.0
all,1729,calibrated,5104,4,0.4,0.5,False,2,0.42437805235385895,1.0
all,1729,calibrated,5104,5,0.5,0.6,False,2,0.5872165858745575,1.0
all,1729,calibrated,5104,6,0.6,0.7,False,0,,
all,1729,calibrated,5104,7,0.7,0.8,False,0,,
all,1729,calibrated,5104,8,0.8,0.9,False,0,,
all,1729,calibrated,5104,9,0.9,1.0,True,0,,
all,1729,calibrated,5105,0,0.0,0.1,False,14,0.0643931438348123,1.0
all,1729,calibrated,5105,1,0.1,0.2,False,14,0.13660272051181113,1.0
all,1729,calibrated,5105,2,0.2,0.3,False,6,0.23169136544068655,1.0
all,1729,calibrated,5105,3,0.3,0.4,False,3,0.3650440076986949,1.0
all,1729,calibrated,5105,4,0.4,0.5,False,6,0.4619377702474594,1.0
all,1729,calibrated,5105,5,0.5,0.6,False,0,,
all,1729,calibrated,5105,6,0.6,0.7,False,1,0.6017998456954956,1.0
all,1729,calibrated,5105,7,0.7,0.8,False,0,,
all,1729,calibrated,5105,8,0.8,0.9,False,0,,
all,1729,calibrated,5105,9,0.9,1.0,True,0,,
all,1730,raw,all,0,0.0,0.1,False,142,0.046390398077561824,0.9577464788732394
all,1730,raw,all,1,0.1,0.2,False,40,0.134879239089787,1.0
all,1730,raw,all,2,0.2,0.3,False,14,0.24016948150736944,1.0
all,1730,raw,all,3,0.3,0.4,False,7,0.3489824150289808,1.0
all,1730,raw,all,4,0.4,0.5,False,8,0.46048618108034134,1.0
all,1730,raw,all,5,0.5,0.6,False,4,0.5412012785673141,1.0
all,1730,raw,all,6,0.6,0.7,False,4,0.649214968085289,1.0
all,1730,raw,all,7,0.7,0.8,False,4,0.7427209764719009,1.0
all,1730,raw,all,8,0.8,0.9,False,1,0.8086344599723816,1.0
all,1730,raw,all,9,0.9,1.0,True,0,,
all,1730,raw,5101,0,0.0,0.1,False,31,0.04186807398594195,0.967741935483871
all,1730,raw,5101,1,0.1,0.2,False,8,0.13815118744969368,1.0
all,1730,raw,5101,2,0.2,0.3,False,4,0.22561335191130638,1.0
all,1730,raw,5101,3,0.3,0.4,False,0,,
all,1730,raw,5101,4,0.4,0.5,False,1,0.4888235032558441,1.0
all,1730,raw,5101,5,0.5,0.6,False,0,,
all,1730,raw,5101,6,0.6,0.7,False,0,,
all,1730,raw,5101,7,0.7,0.8,False,1,0.7804237604141235,1.0
all,1730,raw,5101,8,0.8,0.9,False,0,,
all,1730,raw,5101,9,0.9,1.0,True,0,,
all,1730,raw,5102,0,0.0,0.1,False,24,0.050661469887321196,0.875
all,1730,raw,5102,1,0.1,0.2,False,12,0.13416684170564017,1.0
all,1730,raw,5102,2,0.2,0.3,False,3,0.2255092809597651,1.0
all,1730,raw,5102,3,0.3,0.4,False,1,0.3080570101737976,1.0
all,1730,raw,5102,4,0.4,0.5,False,2,0.44355320930480957,1.0
all,1730,raw,5102,5,0.5,0.6,False,0,,
all,1730,raw,5102,6,0.6,0.7,False,2,0.6597106456756592,1.0
all,1730,raw,5102,7,0.7,0.8,False,1,0.7187807559967041,1.0
all,1730,raw,5102,8,0.8,0.9,False,0,,
all,1730,raw,5102,9,0.9,1.0,True,0,,
all,1730,raw,5103,0,0.0,0.1,False,32,0.04747287184000015,0.96875
all,1730,raw,5103,1,0.1,0.2,False,5,0.13852655440568923,1.0
all,1730,raw,5103,2,0.2,0.3,False,1,0.27045345306396484,1.0
all,1730,raw,5103,3,0.3,0.4,False,1,0.34279489517211914,1.0
all,1730,raw,5103,4,0.4,0.5,False,2,0.4646833688020706,1.0
all,1730,raw,5103,5,0.5,0.6,False,2,0.5223434865474701,1.0
all,1730,raw,5103,6,0.6,0.7,False,0,,
all,1730,raw,5103,7,0.7,0.8,False,1,0.7627145648002625,1.0
all,1730,raw,5103,8,0.8,0.9,False,1,0.8086344599723816,1.0
all,1730,raw,5103,9,0.9,1.0,True,0,,
all,1730,raw,5104,0,0.0,0.1,False,29,0.0467692328745435,0.9655172413793104
all,1730,raw,5104,1,0.1,0.2,False,9,0.12467959026495616,1.0
all,1730,raw,5104,2,0.2,0.3,False,3,0.24960391223430634,1.0
all,1730,raw,5104,3,0.3,0.4,False,2,0.35748085379600525,1.0
all,1730,raw,5104,4,0.4,0.5,False,0,,
all,1730,raw,5104,5,0.5,0.6,False,1,0.5792343020439148,1.0
all,1730,raw,5104,6,0.6,0.7,False,1,0.6701149344444275,1.0
all,1730,raw,5104,7,0.7,0.8,False,0,,
all,1730,raw,5104,8,0.8,0.9,False,0,,
all,1730,raw,5104,9,0.9,1.0,True,0,,
all,1730,raw,5105,0,0.0,0.1,False,26,0.046085050150465504,1.0
all,1730,raw,5105,1,0.1,0.2,False,6,0.14420147985219955,1.0
all,1730,raw,5105,2,0.2,0.3,False,3,0.25470876693725586,1.0
all,1730,raw,5105,3,0.3,0.4,False,3,0.3590210974216461,1.0
all,1730,raw,5105,4,0.4,0.5,False,3,0.4595309297243754,1.0
all,1730,raw,5105,5,0.5,0.6,False,1,0.5408838391304016,1.0
all,1730,raw,5105,6,0.6,0.7,False,1,0.6073236465454102,1.0
all,1730,raw,5105,7,0.7,0.8,False,1,0.7089648246765137,1.0
all,1730,raw,5105,8,0.8,0.9,False,0,,
all,1730,raw,5105,9,0.9,1.0,True,0,,
all,1730,calibrated,all,0,0.0,0.1,False,127,0.053482758753940346,0.952755905511811
all,1730,calibrated,all,1,0.1,0.2,False,54,0.1410764753818512,1.0
all,1730,calibrated,all,2,0.2,0.3,False,14,0.2526323284421648,1.0
all,1730,calibrated,all,3,0.3,0.4,False,8,0.35549039766192436,1.0
all,1730,calibrated,all,4,0.4,0.5,False,8,0.46399588137865067,1.0
all,1730,calibrated,all,5,0.5,0.6,False,5,0.5496225357055664,1.0
all,1730,calibrated,all,6,0.6,0.7,False,4,0.66024050116539,1.0
all,1730,calibrated,all,7,0.7,0.8,False,4,0.748216301202774,1.0
all,1730,calibrated,all,8,0.8,0.9,False,0,,
all,1730,calibrated,all,9,0.9,1.0,True,0,,
all,1730,calibrated,5101,0,0.0,0.1,False,29,0.05038868327592981,0.9655172413793104
all,1730,calibrated,5101,1,0.1,0.2,False,10,0.14858685359358786,1.0
all,1730,calibrated,5101,2,0.2,0.3,False,4,0.24540799483656883,1.0
all,1730,calibrated,5101,3,0.3,0.4,False,0,,
all,1730,calibrated,5101,4,0.4,0.5,False,1,0.48982536792755127,1.0
all,1730,calibrated,5101,5,0.5,0.6,False,0,,
all,1730,calibrated,5101,6,0.6,0.7,False,0,,
all,1730,calibrated,5101,7,0.7,0.8,False,1,0.7603179812431335,1.0
all,1730,calibrated,5101,8,0.8,0.9,False,0,,
all,1730,calibrated,5101,9,0.9,1.0,True,0,,
all,1730,calibrated,5102,0,0.0,0.1,False,21,0.058229343876952215,0.8571428571428571
all,1730,calibrated,5102,1,0.1,0.2,False,15,0.1452410837014516,1.0
all,1730,calibrated,5102,2,0.2,0.3,False,3,0.24532928069432577,1.0
all,1730,calibrated,5102,3,0.3,0.4,False,1,0.3237358033657074,1.0
all,1730,calibrated,5102,4,0.4,0.5,False,2,0.4485664963722229,1.0
all,1730,calibrated,5102,5,0.5,0.6,False,0,,
all,1730,calibrated,5102,6,0.6,0.7,False,2,0.6464115381240845,1.0
all,1730,calibrated,5102,7,0.7,0.8,False,1,0.7014628648757935,1.0
all,1730,calibrated,5102,8,0.8,0.9,False,0,,
all,1730,calibrated,5102,9,0.9,1.0,True,0,,
all,1730,calibrated,5103,0,0.0,0.1,False,29,0.056151843854579435,0.9655172413793104
all,1730,calibrated,5103,1,0.1,0.2,False,7,0.12681470598493302,1.0
all,1730,calibrated,5103,2,0.2,0.3,False,2,0.25300052016973495,1.0
all,1730,calibrated,5103,3,0.3,0.4,False,1,0.35606124997138977,1.0
all,1730,calibrated,5103,4,0.4,0.5,False,2,0.46782228350639343,1.0
all,1730,calibrated,5103,5,0.5,0.6,False,2,0.5203434824943542,1.0
all,1730,calibrated,5103,6,0.6,0.7,False,0,,
all,1730,calibrated,5103,7,0.7,0.8,False,2,0.7655421793460846,1.0
all,1730,calibrated,5103,8,0.8,0.9,False,0,,
all,1730,calibrated,5103,9,0.9,1.0,True,0,,
all,1730,calibrated,5104,0,0.0,0.1,False,23,0.04618372492816137,0.9565217391304348
all,1730,calibrated,5104,1,0.1,0.2,False,15,0.13085089524586996,1.0
all,1730,calibrated,5104,2,0.2,0.3,False,3,0.2684683601061503,1.0
all,1730,calibrated,5104,3,0.3,0.4,False,2,0.3695427477359772,1.0
all,1730,calibrated,5104,4,0.4,0.5,False,0,,
all,1730,calibrated,5104,5,0.5,0.6,False,1,0.5722334980964661,1.0
all,1730,calibrated,5104,6,0.6,0.7,False,1,0.6559179425239563,1.0
all,1730,calibrated,5104,7,0.7,0.8,False,0,,
all,1730,calibrated,5104,8,0.8,0.9,False,0,,
all,1730,calibrated,5104,9,0.9,1.0,True,0,,
all,1730,calibrated,5105,0,0.0,0.1,False,25,0.056703727208077905,1.0
all,1730,calibrated,5105,1,0.1,0.2,False,7,0.15759692979710443,1.0
all,1730,calibrated,5105,2,0.2,0.3,False,2,0.2539133280515671,1.0
all,1730,calibrated,5105,3,0.3,0.4,False,4,0.35626015812158585,1.0
all,1730,calibrated,5105,4,0.4,0.5,False,3,0.46312137444814044,1.0
all,1730,calibrated,5105,5,0.5,0.6,False,2,0.5675961077213287,1.0
all,1730,calibrated,5105,6,0.6,0.7,False,1,0.6922209858894348,1.0
all,1730,calibrated,5105,7,0.7,0.8,False,0,,
all,1730,calibrated,5105,8,0.8,0.9,False,0,,
all,1730,calibrated,5105,9,0.9,1.0,True,0,,
all,1731,raw,all,0,0.0,0.1,False,0,,
all,1731,raw,all,1,0.1,0.2,False,3,0.1848623255888621,1.0
all,1731,raw,all,2,0.2,0.3,False,107,0.25502731504841386,0.9532710280373832
all,1731,raw,all,3,0.3,0.4,False,60,0.33726705859104794,1.0
all,1731,raw,all,4,0.4,0.5,False,14,0.4322015664407185,0.9285714285714286
all,1731,raw,all,5,0.5,0.6,False,8,0.5543411076068878,1.0
all,1731,raw,all,6,0.6,0.7,False,7,0.64381890637534,1.0
all,1731,raw,all,7,0.7,0.8,False,10,0.7428491175174713,1.0
all,1731,raw,all,8,0.8,0.9,False,7,0.8711911950792585,1.0
all,1731,raw,all,9,0.9,1.0,True,8,0.9280089437961578,1.0
all,1731,raw,5101,0,0.0,0.1,False,0,,
all,1731,raw,5101,1,0.1,0.2,False,1,0.19747129082679749,1.0
all,1731,raw,5101,2,0.2,0.3,False,27,0.25574008623758954,0.9629629629629629
all,1731,raw,5101,3,0.3,0.4,False,8,0.33894626051187515,1.0
all,1731,raw,5101,4,0.4,0.5,False,3,0.4160103102525075,1.0
all,1731,raw,5101,5,0.5,0.6,False,1,0.5162288546562195,1.0
all,1731,raw,5101,6,0.6,0.7,False,1,0.6244537234306335,1.0
all,1731,raw,5101,7,0.7,0.8,False,2,0.7528842687606812,1.0
all,1731,raw,5101,8,0.8,0.9,False,1,0.8626231551170349,1.0
all,1731,raw,5101,9,0.9,1.0,True,1,0.9387272000312805,1.0
all,1731,raw,5102,0,0.0,0.1,False,0,,
all,1731,raw,5102,1,0.1,0.2,False,0,,
all,1731,raw,5102,2,0.2,0.3,False,18,0.265986824201213,0.8333333333333334
all,1731,raw,5102,3,0.3,0.4,False,15,0.3381071984767914,1.0
all,1731,raw,5102,4,0.4,0.5,False,6,0.4328874299923579,1.0
all,1731,raw,5102,5,0.5,0.6,False,1,0.5063545107841492,1.0
all,1731,raw,5102,6,0.6,0.7,False,1,0.6529388427734375,1.0
all,1731,raw,5102,7,0.7,0.8,False,0,,
all,1731,raw,5102,8,0.8,0.9,False,2,0.8746280670166016,1.0
all,1731,raw,5102,9,0.9,1.0,True,2,0.9214033782482147,1.0
all,1731,raw,5103,0,0.0,0.1,False,0,,
all,1731,raw,5103,1,0.1,0.2,False,0,,
all,1731,raw,5103,2,0.2,0.3,False,25,0.2569012236595154,0.96
all,1731,raw,5103,3,0.3,0.4,False,12,0.342154602209727,1.0
all,1731,raw,5103,4,0.4,0.5,False,1,0.4741349518299103,1.0
all,1731,raw,5103,5,0.5,0.6,False,0,,
all,1731,raw,5103,6,0.6,0.7,False,0,,
all,1731,raw,5103,7,0.7,0.8,False,3,0.7281616926193237,1.0
all,1731,raw,5103,8,0.8,0.9,False,2,0.8784312307834625,1.0
all,1731,raw,5103,9,0.9,1.0,True,2,0.9511268436908722,1.0
all,1731,raw,5104,0,0.0,0.1,False,0,,
all,1731,raw,5104,1,0.1,0.2,False,0,,
all,1731,raw,5104,2,0.2,0.3,False,21,0.24328408993425824,1.0
all,1731,raw,5104,3,0.3,0.4,False,13,0.33987625057880694,1.0
all,1731,raw,5104,4,0.4,0.5,False,3,0.4383020798365275,0.6666666666666666
all,1731,raw,5104,5,0.5,0.6,False,1,0.5974882245063782,1.0
all,1731,raw,5104,6,0.6,0.7,False,2,0.6152839660644531,1.0
all,1731,raw,5104,7,0.7,0.8,False,4,0.7534258663654327,1.0
all,1731,raw,5104,8,0.8,0.9,False,0,,
all,1731,raw,5104,9,0.9,1.0,True,1,0.9248641729354858,1.0
all,1731,raw,5105,0,0.0,0.1,False,0,,
all,1731,raw,5105,1,0.1,0.2,False,2,0.1785578429698944,1.0
all,1731,raw,5105,2,0.2,0.3,False,16,0.253980066627264,1.0
all,1731,raw,5105,3,0.3,0.4,False,12,0.32738324751456577,1.0
all,1731,raw,5105,4,0.4,0.5,False,1,0.4164252281188965,1.0
all,1731,raw,5105,5,0.5,0.6,False,5,0.5629314541816711,1.0
all,1731,raw,5105,6,0.6,0.7,False,3,0.6662572820981344,1.0
all,1731,raw,5105,7,0.7,0.8,False,1,0.7245340943336487,1.0
all,1731,raw,5105,8,0.8,0.9,False,2,0.8647983074188232,1.0
all,1731,raw,5105,9,0.9,1.0,True,2,0.9077098667621613,1.0
all,1731,calibrated,all,0,0.0,0.1,False,0,,
all,1731,calibrated,all,1,0.1,0.2,False,0,,
all,1731,calibrated,all,2,0.2,0.3,False,64,0.27857420314103365,0.9375
all,1731,calibrated,all,3,0.3,0.4,False,97,0.3393459556643496,0.9896907216494846
all,1731,calibrated,all,4,0.4,0.5,False,23,0.4307876669842264,0.9565217391304348
all,1731,calibrated,all,5,0.5,0.6,False,10,0.5538556456565857,1.0
all,1731,calibrated,all,6,0.6,0.7,False,11,0.6558675928549333,1.0
all,1731,calibrated,all,7,0.7,0.8,False,4,0.7346967309713364,1.0
all,1731,calibrated,all,8,0.8,0.9,False,12,0.8445025036732355,1.0
all,1731,calibrated,all,9,0.9,1.0,True,3,0.9110509157180786,1.0
all,1731,calibrated,5101,0,0.0,0.1,False,0,,
all,1731,calibrated,5101,1,0.1,0.2,False,0,,
all,1731,calibrated,5101,2,0.2,0.3,False,17,0.28088537822751436,0.9411764705882353
all,1731,calibrated,5101,3,0.3,0.4,False,17,0.32987337603288536,1.0
all,1731,calibrated,5101,4,0.4,0.5,False,5,0.424385792016983,1.0
all,1731,calibrated,5101,5,0.5,0.6,False,1,0.5130804777145386,1.0
all,1731,calibrated,5101,6,0.6,0.7,False,2,0.6481727957725525,1.0
all,1731,calibrated,5101,7,0.7,0.8,False,1,0.7259314060211182,1.0
all,1731,calibrated,5101,8,0.8,0.9,False,1,0.814669668674469,1.0
all,1731,calibrated,5101,9,0.9,1.0,True,1,0.9002008438110352,1.0
all,1731,calibrated,5102,0,0.0,0.1,False,0,,
all,1731,calibrated,5102,1,0.1,0.2,False,0,,
all,1731,calibrated,5102,2,0.2,0.3,False,6,0.2856910079717636,0.6666666666666666
all,1731,calibrated,5102,3,0.3,0.4,False,25,0.3397601318359375,0.96
all,1731,calibrated,5102,4,0.4,0.5,False,8,0.4363066107034683,1.0
all,1731,calibrated,5102,5,0.5,0.6,False,1,0.5051212310791016,1.0
all,1731,calibrated,5102,6,0.6,0.7,False,1,0.6246460676193237,1.0
all,1731,calibrated,5102,7,0.7,0.8,False,0,,
all,1731,calibrated,5102,8,0.8,0.9,False,4,0.8533152937889099,1.0
all,1731,calibrated,5102,9,0.9,1.0,True,0,,
all,1731,calibrated,5103,0,0.0,0.1,False,0,,
all,1731,calibrated,5103,1,0.1,0.2,False,0,,
all,1731,calibrated,5103,2,0.2,0.3,False,15,0.2839620391527812,0.9333333333333333
all,1731,calibrated,5103,3,0.3,0.4,False,19,0.33776798687483134,1.0
all,1731,calibrated,5103,4,0.4,0.5,False,4,0.42622166872024536,1.0
all,1731,calibrated,5103,5,0.5,0.6,False,0,,
all,1731,calibrated,5103,6,0.6,0.7,False,2,0.6660020351409912,1.0
all,1731,calibrated,5103,7,0.7,0.8,False,1,0.7355950474739075,1.0
all,1731,calibrated,5103,8,0.8,0.9,False,2,0.8311667740345001,1.0
all,1731,calibrated,5103,9,0.9,1.0,True,2,0.9164759516716003,1.0
all,1731,calibrated,5104,0,0.0,0.1,False,0,,
all,1731,calibrated,5104,1,0.1,0.2,False,0,,
all,1731,calibrated,5104,2,0.2,0.3,False,15,0.2735946993033091,1.0
all,1731,calibrated,5104,3,0.3,0.4,False,18,0.3497701932986577,1.0
all,1731,calibrated,5104,4,0.4,0.5,False,4,0.43814438581466675,0.75
all,1731,calibrated,5104,5,0.5,0.6,False,3,0.5886411468187968,1.0
all,1731,calibrated,5104,6,0.6,0.7,False,2,0.6841906607151031,1.0
all,1731,calibrated,5104,7,0.7,0.8,False,2,0.7386302351951599,1.0
all,1731,calibrated,5104,8,0.8,0.9,False,1,0.8832006454467773,1.0
all,1731,calibrated,5104,9,0.9,1.0,True,0,,
all,1731,calibrated,5105,0,0.0,0.1,False,0,,
all,1731,calibrated,5105,1,0.1,0.2,False,0,,
all,1731,calibrated,5105,2,0.2,0.3,False,11,0.27056367695331573,1.0
all,1731,calibrated,5105,3,0.3,0.4,False,18,0.33895843227704364,1.0
all,1731,calibrated,5105,4,0.4,0.5,False,2,0.4191351383924484,1.0
all,1731,calibrated,5105,5,0.5,0.6,False,5,0.5508862614631653,1.0
all,1731,calibrated,5105,6,0.6,0.7,False,4,0.6482916176319122,1.0
all,1731,calibrated,5105,7,0.7,0.8,False,0,,
all,1731,calibrated,5105,8,0.8,0.9,False,4,0.8401412516832352,1.0
all,1731,calibrated,5105,9,0.9,1.0,True,0,,
sampling,1729,raw,all,0,0.0,0.1,False,0,,
sampling,1729,raw,all,1,0.1,0.2,False,0,,
sampling,1729,raw,all,2,0.2,0.3,False,0,,
sampling,1729,raw,all,3,0.3,0.4,False,0,,
sampling,1729,raw,all,4,0.4,0.5,False,0,,
sampling,1729,raw,all,5,0.5,0.6,False,0,,
sampling,1729,raw,all,6,0.6,0.7,False,0,,
sampling,1729,raw,all,7,0.7,0.8,False,2,0.7914436757564545,0.5
sampling,1729,raw,all,8,0.8,0.9,False,35,0.858285881791796,0.9714285714285714
sampling,1729,raw,all,9,0.9,1.0,True,187,0.9667487928574098,0.9786096256684492
sampling,1729,raw,5101,0,0.0,0.1,False,0,,
sampling,1729,raw,5101,1,0.1,0.2,False,0,,
sampling,1729,raw,5101,2,0.2,0.3,False,0,,
sampling,1729,raw,5101,3,0.3,0.4,False,0,,
sampling,1729,raw,5101,4,0.4,0.5,False,0,,
sampling,1729,raw,5101,5,0.5,0.6,False,0,,
sampling,1729,raw,5101,6,0.6,0.7,False,0,,
sampling,1729,raw,5101,7,0.7,0.8,False,1,0.792497992515564,1.0
sampling,1729,raw,5101,8,0.8,0.9,False,9,0.8471744921472337,1.0
sampling,1729,raw,5101,9,0.9,1.0,True,35,0.9721665671893529,0.9714285714285714
sampling,1729,raw,5102,0,0.0,0.1,False,0,,
sampling,1729,raw,5102,1,0.1,0.2,False,0,,
sampling,1729,raw,5102,2,0.2,0.3,False,0,,
sampling,1729,raw,5102,3,0.3,0.4,False,0,,
sampling,1729,raw,5102,4,0.4,0.5,False,0,,
sampling,1729,raw,5102,5,0.5,0.6,False,0,,
sampling,1729,raw,5102,6,0.6,0.7,False,0,,
sampling,1729,raw,5102,7,0.7,0.8,False,1,0.790389358997345,0.0
sampling,1729,raw,5102,8,0.8,0.9,False,7,0.8657024162156242,1.0
sampling,1729,raw,5102,9,0.9,1.0,True,37,0.972393960566134,0.9459459459459459
sampling,1729,raw,5103,0,0.0,0.1,False,0,,
sampling,1729,raw,5103,1,0.1,0.2,False,0,,
sampling,1729,raw,5103,2,0.2,0.3,False,0,,
sampling,1729,raw,5103,3,0.3,0.4,False,0,,
sampling,1729,raw,5103,4,0.4,0.5,False,0,,
sampling,1729,raw,5103,5,0.5,0.6,False,0,,
sampling,1729,raw,5103,6,0.6,0.7,False,0,,
sampling,1729,raw,5103,7,0.7,0.8,False,0,,
sampling,1729,raw,5103,8,0.8,0.9,False,4,0.8629805743694305,0.75
sampling,1729,raw,5103,9,0.9,1.0,True,41,0.9593313263683785,1.0
sampling,1729,raw,5104,0,0.0,0.1,False,0,,
sampling,1729,raw,5104,1,0.1,0.2,False,0,,
sampling,1729,raw,5104,2,0.2,0.3,False,0,,
sampling,1729,raw,5104,3,0.3,0.4,False,0,,
sampling,1729,raw,5104,4,0.4,0.5,False,0,,
sampling,1729,raw,5104,5,0.5,0.6,False,0,,
sampling,1729,raw,5104,6,0.6,0.7,False,0,,
sampling,1729,raw,5104,7,0.7,0.8,False,0,,
sampling,1729,raw,5104,8,0.8,0.9,False,7,0.8548644525664193,1.0
sampling,1729,raw,5104,9,0.9,1.0,True,38,0.9649683033165178,0.9736842105263158
sampling,1729,raw,5105,0,0.0,0.1,False,0,,
sampling,1729,raw,5105,1,0.1,0.2,False,0,,
sampling,1729,raw,5105,2,0.2,0.3,False,0,,
sampling,1729,raw,5105,3,0.3,0.4,False,0,,
sampling,1729,raw,5105,4,0.4,0.5,False,0,,
sampling,1729,raw,5105,5,0.5,0.6,False,0,,
sampling,1729,raw,5105,6,0.6,0.7,False,0,,
sampling,1729,raw,5105,7,0.7,0.8,False,0,,
sampling,1729,raw,5105,8,0.8,0.9,False,8,0.8649431318044662,1.0
sampling,1729,raw,5105,9,0.9,1.0,True,36,0.9660066101286147,1.0
sampling,1729,calibrated,all,0,0.0,0.1,False,0,,
sampling,1729,calibrated,all,1,0.1,0.2,False,0,,
sampling,1729,calibrated,all,2,0.2,0.3,False,0,,
sampling,1729,calibrated,all,3,0.3,0.4,False,0,,
sampling,1729,calibrated,all,4,0.4,0.5,False,0,,
sampling,1729,calibrated,all,5,0.5,0.6,False,0,,
sampling,1729,calibrated,all,6,0.6,0.7,False,0,,
sampling,1729,calibrated,all,7,0.7,0.8,False,2,0.7941632866859436,0.5
sampling,1729,calibrated,all,8,0.8,0.9,False,35,0.8609415190560478,0.9714285714285714
sampling,1729,calibrated,all,9,0.9,1.0,True,187,0.967910414392298,0.9786096256684492
sampling,1729,calibrated,5101,0,0.0,0.1,False,0,,
sampling,1729,calibrated,5101,1,0.1,0.2,False,0,,
sampling,1729,calibrated,5101,2,0.2,0.3,False,0,,
sampling,1729,calibrated,5101,3,0.3,0.4,False,0,,
sampling,1729,calibrated,5101,4,0.4,0.5,False,0,,
sampling,1729,calibrated,5101,5,0.5,0.6,False,0,,
sampling,1729,calibrated,5101,6,0.6,0.7,False,0,,
sampling,1729,calibrated,5101,7,0.7,0.8,False,1,0.7952203750610352,1.0
sampling,1729,calibrated,5101,8,0.8,0.9,False,9,0.849868204858568,1.0
sampling,1729,calibrated,5101,9,0.9,1.0,True,35,0.9732171399252755,0.9714285714285714
sampling,1729,calibrated,5102,0,0.0,0.1,False,0,,
sampling,1729,calibrated,5102,1,0.1,0.2,False,0,,
sampling,1729,calibrated,5102,2,0.2,0.3,False,0,,
sampling,1729,calibrated,5102,3,0.3,0.4,False,0,,
sampling,1729,calibrated,5102,4,0.4,0.5,False,0,,
sampling,1729,calibrated,5102,5,0.5,0.6,False,0,,
sampling,1729,calibrated,5102,6,0.6,0.7,False,0,,
sampling,1729,calibrated,5102,7,0.7,0.8,False,1,0.793106198310852,0.0
sampling,1729,calibrated,5102,8,0.8,0.9,False,7,0.868344749723162,1.0
sampling,1729,calibrated,5102,9,0.9,1.0,True,37,0.973409802527041,0.9459459459459459
sampling,1729,calibrated,5103,0,0.0,0.1,False,0,,
sampling,1729,calibrated,5103,1,0.1,0.2,False,0,,
sampling,1729,calibrated,5103,2,0.2,0.3,False,0,,
sampling,1729,calibrated,5103,3,0.3,0.4,False,0,,
sampling,1729,calibrated,5103,4,0.4,0.5,False,0,,
sampling,1729,calibrated,5103,5,0.5,0.6,False,0,,
sampling,1729,calibrated,5103,6,0.6,0.7,False,0,,
sampling,1729,calibrated,5103,7,0.7,0.8,False,0,,
sampling,1729,calibrated,5103,8,0.8,0.9,False,4,0.8656177967786789,0.75
sampling,1729,calibrated,5103,9,0.9,1.0,True,41,0.9606828820414659,1.0
sampling,1729,calibrated,5104,0,0.0,0.1,False,0,,
sampling,1729,calibrated,5104,1,0.1,0.2,False,0,,
sampling,1729,calibrated,5104,2,0.2,0.3,False,0,,
sampling,1729,calibrated,5104,3,0.3,0.4,False,0,,
sampling,1729,calibrated,5104,4,0.4,0.5,False,0,,
sampling,1729,calibrated,5104,5,0.5,0.6,False,0,,
sampling,1729,calibrated,5104,6,0.6,0.7,False,0,,
sampling,1729,calibrated,5104,7,0.7,0.8,False,0,,
sampling,1729,calibrated,5104,8,0.8,0.9,False,7,0.8575275370052883,1.0
sampling,1729,calibrated,5104,9,0.9,1.0,True,38,0.9661750605231837,0.9736842105263158
sampling,1729,calibrated,5105,0,0.0,0.1,False,0,,
sampling,1729,calibrated,5105,1,0.1,0.2,False,0,,
sampling,1729,calibrated,5105,2,0.2,0.3,False,0,,
sampling,1729,calibrated,5105,3,0.3,0.4,False,0,,
sampling,1729,calibrated,5105,4,0.4,0.5,False,0,,
sampling,1729,calibrated,5105,5,0.5,0.6,False,0,,
sampling,1729,calibrated,5105,6,0.6,0.7,False,0,,
sampling,1729,calibrated,5105,7,0.7,0.8,False,0,,
sampling,1729,calibrated,5105,8,0.8,0.9,False,8,0.8675702661275864,1.0
sampling,1729,calibrated,5105,9,0.9,1.0,True,36,0.967162067691485,1.0
sampling,1730,raw,all,0,0.0,0.1,False,0,,
sampling,1730,raw,all,1,0.1,0.2,False,0,,
sampling,1730,raw,all,2,0.2,0.3,False,0,,
sampling,1730,raw,all,3,0.3,0.4,False,0,,
sampling,1730,raw,all,4,0.4,0.5,False,0,,
sampling,1730,raw,all,5,0.5,0.6,False,0,,
sampling,1730,raw,all,6,0.6,0.7,False,0,,
sampling,1730,raw,all,7,0.7,0.8,False,0,,
sampling,1730,raw,all,8,0.8,0.9,False,48,0.8621258474886417,0.9791666666666666
sampling,1730,raw,all,9,0.9,1.0,True,176,0.9565062424675985,0.9715909090909091
sampling,1730,raw,5101,0,0.0,0.1,False,0,,
sampling,1730,raw,5101,1,0.1,0.2,False,0,,
sampling,1730,raw,5101,2,0.2,0.3,False,0,,
sampling,1730,raw,5101,3,0.3,0.4,False,0,,
sampling,1730,raw,5101,4,0.4,0.5,False,0,,
sampling,1730,raw,5101,5,0.5,0.6,False,0,,
sampling,1730,raw,5101,6,0.6,0.7,False,0,,
sampling,1730,raw,5101,7,0.7,0.8,False,0,,
sampling,1730,raw,5101,8,0.8,0.9,False,14,0.8562971183231899,1.0
sampling,1730,raw,5101,9,0.9,1.0,True,31,0.9572284106285341,0.967741935483871
sampling,1730,raw,5102,0,0.0,0.1,False,0,,
sampling,1730,raw,5102,1,0.1,0.2,False,0,,
sampling,1730,raw,5102,2,0.2,0.3,False,0,,
sampling,1730,raw,5102,3,0.3,0.4,False,0,,
sampling,1730,raw,5102,4,0.4,0.5,False,0,,
sampling,1730,raw,5102,5,0.5,0.6,False,0,,
sampling,1730,raw,5102,6,0.6,0.7,False,0,,
sampling,1730,raw,5102,7,0.7,0.8,False,0,,
sampling,1730,raw,5102,8,0.8,0.9,False,9,0.8624913295110067,0.8888888888888888
sampling,1730,raw,5102,9,0.9,1.0,True,36,0.9590657154719034,0.9444444444444444
sampling,1730,raw,5103,0,0.0,0.1,False,0,,
sampling,1730,raw,5103,1,0.1,0.2,False,0,,
sampling,1730,raw,5103,2,0.2,0.3,False,0,,
sampling,1730,raw,5103,3,0.3,0.4,False,0,,
sampling,1730,raw,5103,4,0.4,0.5,False,0,,
sampling,1730,raw,5103,5,0.5,0.6,False,0,,
sampling,1730,raw,5103,6,0.6,0.7,False,0,,
sampling,1730,raw,5103,7,0.7,0.8,False,0,,
sampling,1730,raw,5103,8,0.8,0.9,False,4,0.8728762120008469,1.0
sampling,1730,raw,5103,9,0.9,1.0,True,41,0.9512802522356917,0.975609756097561
sampling,1730,raw,5104,0,0.0,0.1,False,0,,
sampling,1730,raw,5104,1,0.1,0.2,False,0,,
sampling,1730,raw,5104,2,0.2,0.3,False,0,,
sampling,1730,raw,5104,3,0.3,0.4,False,0,,
sampling,1730,raw,5104,4,0.4,0.5,False,0,,
sampling,1730,raw,5104,5,0.5,0.6,False,0,,
sampling,1730,raw,5104,6,0.6,0.7,False,0,,
sampling,1730,raw,5104,7,0.7,0.8,False,0,,
sampling,1730,raw,5104,8,0.8,0.9,False,9,0.8684545821613736,1.0
sampling,1730,raw,5104,9,0.9,1.0,True,36,0.9506824016571045,0.9722222222222222
sampling,1730,raw,5105,0,0.0,0.1,False,0,,
sampling,1730,raw,5105,1,0.1,0.2,False,0,,
sampling,1730,raw,5105,2,0.2,0.3,False,0,,
sampling,1730,raw,5105,3,0.3,0.4,False,0,,
sampling,1730,raw,5105,4,0.4,0.5,False,0,,
sampling,1730,raw,5105,5,0.5,0.6,False,0,,
sampling,1730,raw,5105,6,0.6,0.7,False,0,,
sampling,1730,raw,5105,7,0.7,0.8,False,0,,
sampling,1730,raw,5105,8,0.8,0.9,False,12,0.860321914156278,1.0
sampling,1730,raw,5105,9,0.9,1.0,True,32,0.9661748558282852,1.0
sampling,1730,calibrated,all,0,0.0,0.1,False,0,,
sampling,1730,calibrated,all,1,0.1,0.2,False,0,,
sampling,1730,calibrated,all,2,0.2,0.3,False,0,,
sampling,1730,calibrated,all,3,0.3,0.4,False,0,,
sampling,1730,calibrated,all,4,0.4,0.5,False,0,,
sampling,1730,calibrated,all,5,0.5,0.6,False,0,,
sampling,1730,calibrated,all,6,0.6,0.7,False,0,,
sampling,1730,calibrated,all,7,0.7,0.8,False,0,,
sampling,1730,calibrated,all,8,0.8,0.9,False,47,0.862871897981522,0.9787234042553191
sampling,1730,calibrated,all,9,0.9,1.0,True,177,0.9570276619350843,0.9717514124293786
sampling,1730,calibrated,5101,0,0.0,0.1,False,0,,
sampling,1730,calibrated,5101,1,0.1,0.2,False,0,,
sampling,1730,calibrated,5101,2,0.2,0.3,False,0,,
sampling,1730,calibrated,5101,3,0.3,0.4,False,0,,
sampling,1730,calibrated,5101,4,0.4,0.5,False,0,,
sampling,1730,calibrated,5101,5,0.5,0.6,False,0,,
sampling,1730,calibrated,5101,6,0.6,0.7,False,0,,
sampling,1730,calibrated,5101,7,0.7,0.8,False,0,,
sampling,1730,calibrated,5101,8,0.8,0.9,False,13,0.854522860967196,1.0
sampling,1730,calibrated,5101,9,0.9,1.0,True,32,0.9562794249504805,0.96875
sampling,1730,calibrated,5102,0,0.0,0.1,False,0,,
sampling,1730,calibrated,5102,1,0.1,0.2,False,0,,
sampling,1730,calibrated,5102,2,0.2,0.3,False,0,,
sampling,1730,calibrated,5102,3,0.3,0.4,False,0,,
sampling,1730,calibrated,5102,4,0.4,0.5,False,0,,
sampling,1730,calibrated,5102,5,0.5,0.6,False,0,,
sampling,1730,calibrated,5102,6,0.6,0.7,False,0,,
sampling,1730,calibrated,5102,7,0.7,0.8,False,0,,
sampling,1730,calibrated,5102,8,0.8,0.9,False,9,0.8640415271123251,0.8888888888888888
sampling,1730,calibrated,5102,9,0.9,1.0,True,36,0.9598517815272013,0.9444444444444444
sampling,1730,calibrated,5103,0,0.0,0.1,False,0,,
sampling,1730,calibrated,5103,1,0.1,0.2,False,0,,
sampling,1730,calibrated,5103,2,0.2,0.3,False,0,,
sampling,1730,calibrated,5103,3,0.3,0.4,False,0,,
sampling,1730,calibrated,5103,4,0.4,0.5,False,0,,
sampling,1730,calibrated,5103,5,0.5,0.6,False,0,,
sampling,1730,calibrated,5103,6,0.6,0.7,False,0,,
sampling,1730,calibrated,5103,7,0.7,0.8,False,0,,
sampling,1730,calibrated,5103,8,0.8,0.9,False,4,0.8743944466114044,1.0
sampling,1730,calibrated,5103,9,0.9,1.0,True,41,0.9521877314986252,0.975609756097561
sampling,1730,calibrated,5104,0,0.0,0.1,False,0,,
sampling,1730,calibrated,5104,1,0.1,0.2,False,0,,
sampling,1730,calibrated,5104,2,0.2,0.3,False,0,,
sampling,1730,calibrated,5104,3,0.3,0.4,False,0,,
sampling,1730,calibrated,5104,4,0.4,0.5,False,0,,
sampling,1730,calibrated,5104,5,0.5,0.6,False,0,,
sampling,1730,calibrated,5104,6,0.6,0.7,False,0,,
sampling,1730,calibrated,5104,7,0.7,0.8,False,0,,
sampling,1730,calibrated,5104,8,0.8,0.9,False,9,0.869977143075731,1.0
sampling,1730,calibrated,5104,9,0.9,1.0,True,36,0.9516172276602851,0.9722222222222222
sampling,1730,calibrated,5105,0,0.0,0.1,False,0,,
sampling,1730,calibrated,5105,1,0.1,0.2,False,0,,
sampling,1730,calibrated,5105,2,0.2,0.3,False,0,,
sampling,1730,calibrated,5105,3,0.3,0.4,False,0,,
sampling,1730,calibrated,5105,4,0.4,0.5,False,0,,
sampling,1730,calibrated,5105,5,0.5,0.6,False,0,,
sampling,1730,calibrated,5105,6,0.6,0.7,False,0,,
sampling,1730,calibrated,5105,7,0.7,0.8,False,0,,
sampling,1730,calibrated,5105,8,0.8,0.9,False,12,0.8618696828683218,1.0
sampling,1730,calibrated,5105,9,0.9,1.0,True,32,0.9668866638094187,1.0
sampling,1731,raw,all,0,0.0,0.1,False,0,,
sampling,1731,raw,all,1,0.1,0.2,False,0,,
sampling,1731,raw,all,2,0.2,0.3,False,0,,
sampling,1731,raw,all,3,0.3,0.4,False,0,,
sampling,1731,raw,all,4,0.4,0.5,False,0,,
sampling,1731,raw,all,5,0.5,0.6,False,0,,
sampling,1731,raw,all,6,0.6,0.7,False,0,,
sampling,1731,raw,all,7,0.7,0.8,False,3,0.7964311639467875,1.0
sampling,1731,raw,all,8,0.8,0.9,False,44,0.8582456369291652,0.9318181818181818
sampling,1731,raw,all,9,0.9,1.0,True,177,0.9695691991660554,0.9830508474576272
sampling,1731,raw,5101,0,0.0,0.1,False,0,,
sampling,1731,raw,5101,1,0.1,0.2,False,0,,
sampling,1731,raw,5101,2,0.2,0.3,False,0,,
sampling,1731,raw,5101,3,0.3,0.4,False,0,,
sampling,1731,raw,5101,4,0.4,0.5,False,0,,
sampling,1731,raw,5101,5,0.5,0.6,False,0,,
sampling,1731,raw,5101,6,0.6,0.7,False,0,,
sampling,1731,raw,5101,7,0.7,0.8,False,2,0.79586461186409,1.0
sampling,1731,raw,5101,8,0.8,0.9,False,9,0.852910061677297,1.0
sampling,1731,raw,5101,9,0.9,1.0,True,34,0.9716125411145827,0.9705882352941176
sampling,1731,raw,5102,0,0.0,0.1,False,0,,
sampling,1731,raw,5102,1,0.1,0.2,False,0,,
sampling,1731,raw,5102,2,0.2,0.3,False,0,,
sampling,1731,raw,5102,3,0.3,0.4,False,0,,
sampling,1731,raw,5102,4,0.4,0.5,False,0,,
sampling,1731,raw,5102,5,0.5,0.6,False,0,,
sampling,1731,raw,5102,6,0.6,0.7,False,0,,
sampling,1731,raw,5102,7,0.7,0.8,False,1,0.7975642681121826,1.0
sampling,1731,raw,5102,8,0.8,0.9,False,10,0.863499003648758,0.9
sampling,1731,raw,5102,9,0.9,1.0,True,34,0.9765333165140713,0.9411764705882353
sampling,1731,raw,5103,0,0.0,0.1,False,0,,
sampling,1731,raw,5103,1,0.1,0.2,False,0,,
sampling,1731,raw,5103,2,0.2,0.3,False,0,,
sampling,1731,raw,5103,3,0.3,0.4,False,0,,
sampling,1731,raw,5103,4,0.4,0.5,False,0,,
sampling,1731,raw,5103,5,0.5,0.6,False,0,,
sampling,1731,raw,5103,6,0.6,0.7,False,0,,
sampling,1731,raw,5103,7,0.7,0.8,False,0,,
sampling,1731,raw,5103,8,0.8,0.9,False,4,0.8612960427999496,0.75
sampling,1731,raw,5103,9,0.9,1.0,True,41,0.96209975859014,1.0
sampling,1731,raw,5104,0,0.0,0.1,False,0,,
sampling,1731,raw,5104,1,0.1,0.2,False,0,,
sampling,1731,raw,5104,2,0.2,0.3,False,0,,
sampling,1731,raw,5104,3,0.3,0.4,False,0,,
sampling,1731,raw,5104,4,0.4,0.5,False,0,,
sampling,1731,raw,5104,5,0.5,0.6,False,0,,
sampling,1731,raw,5104,6,0.6,0.7,False,0,,
sampling,1731,raw,5104,7,0.7,0.8,False,0,,
sampling,1731,raw,5104,8,0.8,0.9,False,12,0.8619305640459061,0.9166666666666666
sampling,1731,raw,5104,9,0.9,1.0,True,33,0.9725173856272842,1.0
sampling,1731,raw,5105,0,0.0,0.1,False,0,,
sampling,1731,raw,5105,1,0.1,0.2,False,0,,
sampling,1731,raw,5105,2,0.2,0.3,False,0,,
sampling,1731,raw,5105,3,0.3,0.4,False,0,,
sampling,1731,raw,5105,4,0.4,0.5,False,0,,
sampling,1731,raw,5105,5,0.5,0.6,False,0,,
sampling,1731,raw,5105,6,0.6,0.7,False,0,,
sampling,1731,raw,5105,7,0.7,0.8,False,0,,
sampling,1731,raw,5105,8,0.8,0.9,False,9,0.8514751659499274,1.0
sampling,1731,raw,5105,9,0.9,1.0,True,35,0.9667892932891846,1.0
sampling,1731,calibrated,all,0,0.0,0.1,False,0,,
sampling,1731,calibrated,all,1,0.1,0.2,False,0,,
sampling,1731,calibrated,all,2,0.2,0.3,False,0,,
sampling,1731,calibrated,all,3,0.3,0.4,False,0,,
sampling,1731,calibrated,all,4,0.4,0.5,False,0,,
sampling,1731,calibrated,all,5,0.5,0.6,False,0,,
sampling,1731,calibrated,all,6,0.6,0.7,False,0,,
sampling,1731,calibrated,all,7,0.7,0.8,False,1,0.7952463626861572,1.0
sampling,1731,calibrated,all,8,0.8,0.9,False,44,0.8560769679871473,0.9318181818181818
sampling,1731,calibrated,all,9,0.9,1.0,True,179,0.9697517599473452,0.9832402234636871
sampling,1731,calibrated,5101,0,0.0,0.1,False,0,,
sampling,1731,calibrated,5101,1,0.1,0.2,False,0,,
sampling,1731,calibrated,5101,2,0.2,0.3,False,0,,
sampling,1731,calibrated,5101,3,0.3,0.4,False,0,,
sampling,1731,calibrated,5101,4,0.4,0.5,False,0,,
sampling,1731,calibrated,5101,5,0.5,0.6,False,0,,
sampling,1731,calibrated,5101,6,0.6,0.7,False,0,,
sampling,1731,calibrated,5101,7,0.7,0.8,False,1,0.7952463626861572,1.0
sampling,1731,calibrated,5101,8,0.8,0.9,False,10,0.8499081611633301,1.0
sampling,1731,calibrated,5101,9,0.9,1.0,True,34,0.9725292184773613,0.9705882352941176
sampling,1731,calibrated,5102,0,0.0,0.1,False,0,,
sampling,1731,calibrated,5102,1,0.1,0.2,False,0,,
sampling,1731,calibrated,5102,2,0.2,0.3,False,0,,
sampling,1731,calibrated,5102,3,0.3,0.4,False,0,,
sampling,1731,calibrated,5102,4,0.4,0.5,False,0,,
sampling,1731,calibrated,5102,5,0.5,0.6,False,0,,
sampling,1731,calibrated,5102,6,0.6,0.7,False,0,,
sampling,1731,calibrated,5102,7,0.7,0.8,False,0,,
sampling,1731,calibrated,5102,8,0.8,0.9,False,10,0.8557476341724396,0.9
sampling,1731,calibrated,5102,9,0.9,1.0,True,35,0.975185946055821,0.9428571428571428
sampling,1731,calibrated,5103,0,0.0,0.1,False,0,,
sampling,1731,calibrated,5103,1,0.1,0.2,False,0,,
sampling,1731,calibrated,5103,2,0.2,0.3,False,0,,
sampling,1731,calibrated,5103,3,0.3,0.4,False,0,,
sampling,1731,calibrated,5103,4,0.4,0.5,False,0,,
sampling,1731,calibrated,5103,5,0.5,0.6,False,0,,
sampling,1731,calibrated,5103,6,0.6,0.7,False,0,,
sampling,1731,calibrated,5103,7,0.7,0.8,False,0,,
sampling,1731,calibrated,5103,8,0.8,0.9,False,4,0.8636706471443176,0.75
sampling,1731,calibrated,5103,9,0.9,1.0,True,41,0.963235789682807,1.0
sampling,1731,calibrated,5104,0,0.0,0.1,False,0,,
sampling,1731,calibrated,5104,1,0.1,0.2,False,0,,
sampling,1731,calibrated,5104,2,0.2,0.3,False,0,,
sampling,1731,calibrated,5104,3,0.3,0.4,False,0,,
sampling,1731,calibrated,5104,4,0.4,0.5,False,0,,
sampling,1731,calibrated,5104,5,0.5,0.6,False,0,,
sampling,1731,calibrated,5104,6,0.6,0.7,False,0,,
sampling,1731,calibrated,5104,7,0.7,0.8,False,0,,
sampling,1731,calibrated,5104,8,0.8,0.9,False,11,0.8610257723114707,0.9090909090909091
sampling,1731,calibrated,5104,9,0.9,1.0,True,34,0.9712619746432585,1.0
sampling,1731,calibrated,5105,0,0.0,0.1,False,0,,
sampling,1731,calibrated,5105,1,0.1,0.2,False,0,,
sampling,1731,calibrated,5105,2,0.2,0.3,False,0,,
sampling,1731,calibrated,5105,3,0.3,0.4,False,0,,
sampling,1731,calibrated,5105,4,0.4,0.5,False,0,,
sampling,1731,calibrated,5105,5,0.5,0.6,False,0,,
sampling,1731,calibrated,5105,6,0.6,0.7,False,0,,
sampling,1731,calibrated,5105,7,0.7,0.8,False,0,,
sampling,1731,calibrated,5105,8,0.8,0.9,False,9,0.8538736171192594,1.0
sampling,1731,calibrated,5105,9,0.9,1.0,True,35,0.9677853993007115,1.0
hidden,1729,raw,all,0,0.0,0.1,False,0,,
hidden,1729,raw,all,1,0.1,0.2,False,0,,
hidden,1729,raw,all,2,0.2,0.3,False,0,,
hidden,1729,raw,all,3,0.3,0.4,False,190,0.3547918398129313,0.9736842105263158
hidden,1729,raw,all,4,0.4,0.5,False,9,0.4328526622719235,1.0
hidden,1729,raw,all,5,0.5,0.6,False,3,0.5400568842887878,0.6666666666666666
hidden,1729,raw,all,6,0.6,0.7,False,7,0.6500324010848999,1.0
hidden,1729,raw,all,7,0.7,0.8,False,8,0.7601289302110672,1.0
hidden,1729,raw,all,8,0.8,0.9,False,7,0.8284381372588021,1.0
hidden,1729,raw,all,9,0.9,1.0,True,0,,
hidden,1729,raw,5101,0,0.0,0.1,False,0,,
hidden,1729,raw,5101,1,0.1,0.2,False,0,,
hidden,1729,raw,5101,2,0.2,0.3,False,0,,
hidden,1729,raw,5101,3,0.3,0.4,False,41,0.35970462095446704,0.975609756097561
hidden,1729,raw,5101,4,0.4,0.5,False,1,0.4590209722518921,1.0
hidden,1729,raw,5101,5,0.5,0.6,False,0,,
hidden,1729,raw,5101,6,0.6,0.7,False,1,0.6995397210121155,1.0
hidden,1729,raw,5101,7,0.7,0.8,False,0,,
hidden,1729,raw,5101,8,0.8,0.9,False,2,0.8523775637149811,1.0
hidden,1729,raw,5101,9,0.9,1.0,True,0,,
hidden,1729,raw,5102,0,0.0,0.1,False,0,,
hidden,1729,raw,5102,1,0.1,0.2,False,0,,
hidden,1729,raw,5102,2,0.2,0.3,False,0,,
hidden,1729,raw,5102,3,0.3,0.4,False,39,0.3502246943803934,0.9230769230769231
hidden,1729,raw,5102,4,0.4,0.5,False,1,0.4125231206417084,1.0
hidden,1729,raw,5102,5,0.5,0.6,False,0,,
hidden,1729,raw,5102,6,0.6,0.7,False,1,0.6279871463775635,1.0
hidden,1729,raw,5102,7,0.7,0.8,False,4,0.7506994158029556,1.0
hidden,1729,raw,5102,8,0.8,0.9,False,0,,
hidden,1729,raw,5102,9,0.9,1.0,True,0,,
hidden,1729,raw,5103,0,0.0,0.1,False,0,,
hidden,1729,raw,5103,1,0.1,0.2,False,0,,
hidden,1729,raw,5103,2,0.2,0.3,False,0,,
hidden,1729,raw,5103,3,0.3,0.4,False,35,0.35468712789671764,0.9714285714285714
hidden,1729,raw,5103,4,0.4,0.5,False,4,0.4404130056500435,1.0
hidden,1729,raw,5103,5,0.5,0.6,False,1,0.5644369125366211,1.0
hidden,1729,raw,5103,6,0.6,0.7,False,1,0.6775100231170654,1.0
hidden,1729,raw,5103,7,0.7,0.8,False,3,0.7595655918121338,1.0
hidden,1729,raw,5103,8,0.8,0.9,False,1,0.8226087689399719,1.0
hidden,1729,raw,5103,9,0.9,1.0,True,0,,
hidden,1729,raw,5104,0,0.0,0.1,False,0,,
hidden,1729,raw,5104,1,0.1,0.2,False,0,,
hidden,1729,raw,5104,2,0.2,0.3,False,0,,
hidden,1729,raw,5104,3,0.3,0.4,False,40,0.3586349993944168,1.0
hidden,1729,raw,5104,4,0.4,0.5,False,0,,
hidden,1729,raw,5104,5,0.5,0.6,False,1,0.5001236796379089,0.0
hidden,1729,raw,5104,6,0.6,0.7,False,2,0.6069700121879578,1.0
hidden,1729,raw,5104,7,0.7,0.8,False,0,,
hidden,1729,raw,5104,8,0.8,0.9,False,2,0.8155422210693359,1.0
hidden,1729,raw,5104,9,0.9,1.0,True,0,,
hidden,1729,raw,5105,0,0.0,0.1,False,0,,
hidden,1729,raw,5105,1,0.1,0.2,False,0,,
hidden,1729,raw,5105,2,0.2,0.3,False,0,,
hidden,1729,raw,5105,3,0.3,0.4,False,35,0.349838502066476,1.0
hidden,1729,raw,5105,4,0.4,0.5,False,3,0.42082594831784564,1.0
hidden,1729,raw,5105,5,0.5,0.6,False,1,0.5556100606918335,1.0
hidden,1729,raw,5105,6,0.6,0.7,False,2,0.6656249463558197,1.0
hidden,1729,raw,5105,7,0.7,0.8,False,1,0.7995370030403137,1.0
hidden,1729,raw,5105,8,0.8,0.9,False,2,0.8203093111515045,1.0
hidden,1729,raw,5105,9,0.9,1.0,True,0,,
hidden,1729,calibrated,all,0,0.0,0.1,False,0,,
hidden,1729,calibrated,all,1,0.1,0.2,False,0,,
hidden,1729,calibrated,all,2,0.2,0.3,False,0,,
hidden,1729,calibrated,all,3,0.3,0.4,False,186,0.36961121552733966,0.9731182795698925
hidden,1729,calibrated,all,4,0.4,0.5,False,13,0.4293174147605896,1.0
hidden,1729,calibrated,all,5,0.5,0.6,False,5,0.5594385027885437,0.8
hidden,1729,calibrated,all,6,0.6,0.7,False,5,0.6497011780738831,1.0
hidden,1729,calibrated,all,7,0.7,0.8,False,11,0.7490851824933832,1.0
hidden,1729,calibrated,all,8,0.8,0.9,False,4,0.8150034099817276,1.0
hidden,1729,calibrated,all,9,0.9,1.0,True,0,,
hidden,1729,calibrated,5101,0,0.0,0.1,False,0,,
hidden,1729,calibrated,5101,1,0.1,0.2,False,0,,
hidden,1729,calibrated,5101,2,0.2,0.3,False,0,,
hidden,1729,calibrated,5101,3,0.3,0.4,False,40,0.3740577273070812,0.975
hidden,1729,calibrated,5101,4,0.4,0.5,False,2,0.43389010429382324,1.0
hidden,1729,calibrated,5101,5,0.5,0.6,False,0,,
hidden,1729,calibrated,5101,6,0.6,0.7,False,1,0.6791494488716125,1.0
hidden,1729,calibrated,5101,7,0.7,0.8,False,0,,
hidden,1729,calibrated,5101,8,0.8,0.9,False,2,0.8260226845741272,1.0
hidden,1729,calibrated,5101,9,0.9,1.0,True,0,,
hidden,1729,calibrated,5102,0,0.0,0.1,False,0,,
hidden,1729,calibrated,5102,1,0.1,0.2,False,0,,
hidden,1729,calibrated,5102,2,0.2,0.3,False,0,,
hidden,1729,calibrated,5102,3,0.3,0.4,False,38,0.3653098038936916,0.9210526315789473
hidden,1729,calibrated,5102,4,0.4,0.5,False,2,0.411583736538887,1.0
hidden,1729,calibrated,5102,5,0.5,0.6,False,0,,
hidden,1729,calibrated,5102,6,0.6,0.7,False,1,0.6141010522842407,1.0
hidden,1729,calibrated,5102,7,0.7,0.8,False,4,0.7267915457487106,1.0
hidden,1729,calibrated,5102,8,0.8,0.9,False,0,,
hidden,1729,calibrated,5102,9,0.9,1.0,True,0,,
hidden,1729,calibrated,5103,0,0.0,0.1,False,0,,
hidden,1729,calibrated,5103,1,0.1,0.2,False,0,,
hidden,1729,calibrated,5103,2,0.2,0.3,False,0,,
hidden,1729,calibrated,5103,3,0.3,0.4,False,33,0.36804237329598627,0.9696969696969697
hidden,1729,calibrated,5103,4,0.4,0.5,False,6,0.43355676035086316,1.0
hidden,1729,calibrated,5103,5,0.5,0.6,False,1,0.5572426915168762,1.0
hidden,1729,calibrated,5103,6,0.6,0.7,False,1,0.6589663028717041,1.0
hidden,1729,calibrated,5103,7,0.7,0.8,False,4,0.7504293471574783,1.0
hidden,1729,calibrated,5103,8,0.8,0.9,False,0,,
hidden,1729,calibrated,5103,9,0.9,1.0,True,0,,
hidden,1729,calibrated,5104,0,0.0,0.1,False,0,,
hidden,1729,calibrated,5104,1,0.1,0.2,False,0,,
hidden,1729,calibrated,5104,2,0.2,0.3,False,0,,
hidden,1729,calibrated,5104,3,0.3,0.4,False,40,0.37382704243063924,1.0
hidden,1729,calibrated,5104,4,0.4,0.5,False,0,,
hidden,1729,calibrated,5104,5,0.5,0.6,False,3,0.563521146774292,0.6666666666666666
hidden,1729,calibrated,5104,6,0.6,0.7,False,0,,
hidden,1729,calibrated,5104,7,0.7,0.8,False,1,0.776127278804779,1.0
hidden,1729,calibrated,5104,8,0.8,0.9,False,1,0.8020093441009521,1.0
hidden,1729,calibrated,5104,9,0.9,1.0,True,0,,
hidden,1729,calibrated,5105,0,0.0,0.1,False,0,,
hidden,1729,calibrated,5105,1,0.1,0.2,False,0,,
hidden,1729,calibrated,5105,2,0.2,0.3,False,0,,
hidden,1729,calibrated,5105,3,0.3,0.4,False,35,0.365860698052815,1.0
hidden,1729,calibrated,5105,4,0.4,0.5,False,3,0.4296127160390218,1.0
hidden,1729,calibrated,5105,5,0.5,0.6,False,1,0.5493863821029663,1.0
hidden,1729,calibrated,5105,6,0.6,0.7,False,2,0.648144543170929,1.0
hidden,1729,calibrated,5105,7,0.7,0.8,False,2,0.7774630784988403,1.0
hidden,1729,calibrated,5105,8,0.8,0.9,False,1,0.8059589266777039,1.0
hidden,1729,calibrated,5105,9,0.9,1.0,True,0,,
hidden,1730,raw,all,0,0.0,0.1,False,0,,
hidden,1730,raw,all,1,0.1,0.2,False,33,0.18808202897057388,0.9393939393939394
hidden,1730,raw,all,2,0.2,0.3,False,145,0.231968047495546,0.9793103448275862
hidden,1730,raw,all,3,0.3,0.4,False,12,0.334403100113074,1.0
hidden,1730,raw,all,4,0.4,0.5,False,7,0.43578867827142986,1.0
hidden,1730,raw,all,5,0.5,0.6,False,2,0.5192937254905701,1.0
hidden,1730,raw,all,6,0.6,0.7,False,3,0.6399074792861938,0.6666666666666666
hidden,1730,raw,all,7,0.7,0.8,False,6,0.7458098530769348,1.0
hidden,1730,raw,all,8,0.8,0.9,False,12,0.8558228413263956,1.0
hidden,1730,raw,all,9,0.9,1.0,True,4,0.9075407981872559,1.0
hidden,1730,raw,5101,0,0.0,0.1,False,0,,
hidden,1730,raw,5101,1,0.1,0.2,False,6,0.19567996015151343,1.0
hidden,1730,raw,5101,2,0.2,0.3,False,34,0.23518738457385233,0.9705882352941176
hidden,1730,raw,5101,3,0.3,0.4,False,1,0.37957489490509033,1.0
hidden,1730,raw,5101,4,0.4,0.5,False,0,,
hidden,1730,raw,5101,5,0.5,0.6,False,1,0.5259543061256409,1.0
hidden,1730,raw,5101,6,0.6,0.7,False,0,,
hidden,1730,raw,5101,7,0.7,0.8,False,0,,
hidden,1730,raw,5101,8,0.8,0.9,False,1,0.8105555772781372,1.0
hidden,1730,raw,5101,9,0.9,1.0,True,2,0.9133415222167969,1.0
hidden,1730,raw,5102,0,0.0,0.1,False,0,,
hidden,1730,raw,5102,1,0.1,0.2,False,8,0.18975435011088848,0.875
hidden,1730,raw,5102,2,0.2,0.3,False,29,0.22609825432300568,0.9310344827586207
hidden,1730,raw,5102,3,0.3,0.4,False,2,0.33618098497390747,1.0
hidden,1730,raw,5102,4,0.4,0.5,False,1,0.41449934244155884,1.0
hidden,1730,raw,5102,5,0.5,0.6,False,0,,
hidden,1730,raw,5102,6,0.6,0.7,False,0,,
hidden,1730,raw,5102,7,0.7,0.8,False,1,0.7118463516235352,1.0
hidden,1730,raw,5102,8,0.8,0.9,False,4,0.8420175462961197,1.0
hidden,1730,raw,5102,9,0.9,1.0,True,0,,
hidden,1730,raw,5103,0,0.0,0.1,False,0,,
hidden,1730,raw,5103,1,0.1,0.2,False,11,0.18894810703667728,0.9090909090909091
hidden,1730,raw,5103,2,0.2,0.3,False,21,0.23229034386930011,1.0
hidden,1730,raw,5103,3,0.3,0.4,False,3,0.3507174750169118,1.0
hidden,1730,raw,5103,4,0.4,0.5,False,3,0.4505236546198527,1.0
hidden,1730,raw,5103,5,0.5,0.6,False,1,0.5126331448554993,1.0
hidden,1730,raw,5103,6,0.6,0.7,False,1,0.6555444002151489,1.0
hidden,1730,raw,5103,7,0.7,0.8,False,1,0.7751511335372925,1.0
hidden,1730,raw,5103,8,0.8,0.9,False,4,0.8590435683727264,1.0
hidden,1730,raw,5103,9,0.9,1.0,True,0,,
hidden,1730,raw,5104,0,0.0,0.1,False,0,,
hidden,1730,raw,5104,1,0.1,0.2,False,1,0.1933455616235733,1.0
hidden,1730,raw,5104,2,0.2,0.3,False,36,0.2334827503396405,1.0
hidden,1730,raw,5104,3,0.3,0.4,False,3,0.3125300606091817,1.0
hidden,1730,raw,5104,4,0.4,0.5,False,0,,
hidden,1730,raw,5104,5,0.5,0.6,False,0,,
hidden,1730,raw,5104,6,0.6,0.7,False,1,0.6012877821922302,0.0
hidden,1730,raw,5104,7,0.7,0.8,False,2,0.7265980541706085,1.0
hidden,1730,raw,5104,8,0.8,0.9,False,1,0.8897549510002136,1.0
hidden,1730,raw,5104,9,0.9,1.0,True,1,0.9027158617973328,1.0
hidden,1730,raw,5105,0,0.0,0.1,False,0,,
hidden,1730,raw,5105,1,0.1,0.2,False,7,0.1775453793151038,1.0
hidden,1730,raw,5105,2,0.2,0.3,False,25,0.23194680809974672,1.0
hidden,1730,raw,5105,3,0.3,0.4,False,3,0.3237192432085673,1.0
hidden,1730,raw,5105,4,0.4,0.5,False,3,0.42815014719963074,1.0
hidden,1730,raw,5105,5,0.5,0.6,False,0,,
hidden,1730,raw,5105,6,0.6,0.7,False,1,0.6628902554512024,1.0
hidden,1730,raw,5105,7,0.7,0.8,False,2,0.7673327624797821,1.0
hidden,1730,raw,5105,8,0.8,0.9,False,2,0.8826595544815063,1.0
hidden,1730,raw,5105,9,0.9,1.0,True,1,0.9007642865180969,1.0
hidden,1730,calibrated,all,0,0.0,0.1,False,0,,
hidden,1730,calibrated,all,1,0.1,0.2,False,4,0.18265331909060478,1.0
hidden,1730,calibrated,all,2,0.2,0.3,False,165,0.2431439052928578,0.9757575757575757
hidden,1730,calibrated,all,3,0.3,0.4,False,21,0.33150404549780343,0.9523809523809523
hidden,1730,calibrated,all,4,0.4,0.5,False,7,0.44187943850244793,1.0
hidden,1730,calibrated,all,5,0.5,0.6,False,3,0.5422261555989584,0.6666666666666666
hidden,1730,calibrated,all,6,0.6,0.7,False,3,0.6611323555310568,1.0
hidden,1730,calibrated,all,7,0.7,0.8,False,6,0.741596649090449,1.0
hidden,1730,calibrated,all,8,0.8,0.9,False,14,0.8471607651029315,1.0
hidden,1730,calibrated,all,9,0.9,1.0,True,1,0.9063112735748291,1.0
hidden,1730,calibrated,5101,0,0.0,0.1,False,0,,
hidden,1730,calibrated,5101,1,0.1,0.2,False,0,,
hidden,1730,calibrated,5101,2,0.2,0.3,False,38,0.24693909130598368,0.9736842105263158
hidden,1730,calibrated,5101,3,0.3,0.4,False,3,0.33983397483825684,1.0
hidden,1730,calibrated,5101,4,0.4,0.5,False,0,,
hidden,1730,calibrated,5101,5,0.5,0.6,False,1,0.5234656929969788,1.0
hidden,1730,calibrated,5101,6,0.6,0.7,False,0,,
hidden,1730,calibrated,5101,7,0.7,0.8,False,1,0.788186252117157,1.0
hidden,1730,calibrated,5101,8,0.8,0.9,False,1,0.8812718391418457,1.0
hidden,1730,calibrated,5101,9,0.9,1.0,True,1,0.9063112735748291,1.0
hidden,1730,calibrated,5102,0,0.0,0.1,False,0,,
hidden,1730,calibrated,5102,1,0.1,0.2,False,0,,
hidden,1730,calibrated,5102,2,0.2,0.3,False,36,0.23763478216197756,0.9444444444444444
hidden,1730,calibrated,5102,3,0.3,0.4,False,3,0.3389005462328593,0.6666666666666666
hidden,1730,calibrated,5102,4,0.4,0.5,False,1,0.42257142066955566,1.0
hidden,1730,calibrated,5102,5,0.5,0.6,False,0,,
hidden,1730,calibrated,5102,6,0.6,0.7,False,1,0.6937091946601868,1.0
hidden,1730,calibrated,5102,7,0.7,0.8,False,0,,
hidden,1730,calibrated,5102,8,0.8,0.9,False,4,0.8195115476846695,1.0
hidden,1730,calibrated,5102,9,0.9,1.0,True,0,,
hidden,1730,calibrated,5103,0,0.0,0.1,False,0,,
hidden,1730,calibrated,5103,1,0.1,0.2,False,1,0.19303186237812042,1.0
hidden,1730,calibrated,5103,2,0.2,0.3,False,30,0.2380203574895859,0.9666666666666667
hidden,1730,calibrated,5103,3,0.3,0.4,False,4,0.35024068504571915,1.0
hidden,1730,calibrated,5103,4,0.4,0.5,False,3,0.4552432994047801,1.0
hidden,1730,calibrated,5103,5,0.5,0.6,False,1,0.5114204287528992,1.0
hidden,1730,calibrated,5103,6,0.6,0.7,False,1,0.6414591073989868,1.0
hidden,1730,calibrated,5103,7,0.7,0.8,False,1,0.7537614107131958,1.0
hidden,1730,calibrated,5103,8,0.8,0.9,False,4,0.836979016661644,1.0
hidden,1730,calibrated,5103,9,0.9,1.0,True,0,,
hidden,1730,calibrated,5104,0,0.0,0.1,False,0,,
hidden,1730,calibrated,5104,1,0.1,0.2,False,0,,
hidden,1730,calibrated,5104,2,0.2,0.3,False,34,0.24870745092630386,1.0
hidden,1730,calibrated,5104,3,0.3,0.4,False,6,0.3174983263015747,1.0
hidden,1730,calibrated,5104,4,0.4,0.5,False,0,,
hidden,1730,calibrated,5104,5,0.5,0.6,False,1,0.5917923450469971,0.0
hidden,1730,calibrated,5104,6,0.6,0.7,False,0,,
hidden,1730,calibrated,5104,7,0.7,0.8,False,2,0.7075652480125427,1.0
hidden,1730,calibrated,5104,8,0.8,0.9,False,2,0.8753672540187836,1.0
hidden,1730,calibrated,5104,9,0.9,1.0,True,0,,
hidden,1730,calibrated,5105,0,0.0,0.1,False,0,,
hidden,1730,calibrated,5105,1,0.1,0.2,False,3,0.1791938046614329,1.0
hidden,1730,calibrated,5105,2,0.2,0.3,False,27,0.2438349144326316,1.0
hidden,1730,calibrated,5105,3,0.3,0.4,False,5,0.3238857388496399,1.0
hidden,1730,calibrated,5105,4,0.4,0.5,False,3,0.43495158354441327,1.0
hidden,1730,calibrated,5105,5,0.5,0.6,False,0,,
hidden,1730,calibrated,5105,6,0.6,0.7,False,1,0.6482287645339966,1.0
hidden,1730,calibrated,5105,7,0.7,0.8,False,2,0.7462508678436279,1.0
hidden,1730,calibrated,5105,8,0.8,0.9,False,3,0.8674273689587911,1.0
hidden,1730,calibrated,5105,9,0.9,1.0,True,0,,
hidden,1731,raw,all,0,0.0,0.1,False,0,,
hidden,1731,raw,all,1,0.1,0.2,False,4,0.17591040581464767,1.0
hidden,1731,raw,all,2,0.2,0.3,False,164,0.24970849585242388,0.9634146341463414
hidden,1731,raw,all,3,0.3,0.4,False,28,0.3324928262404033,1.0
hidden,1731,raw,all,4,0.4,0.5,False,8,0.4295659437775612,1.0
hidden,1731,raw,all,5,0.5,0.6,False,9,0.568236231803894,1.0
hidden,1731,raw,all,6,0.6,0.7,False,4,0.6725335270166397,1.0
hidden,1731,raw,all,7,0.7,0.8,False,6,0.7479143540064493,1.0
hidden,1731,raw,all,8,0.8,0.9,False,1,0.8571857810020447,1.0
hidden,1731,raw,all,9,0.9,1.0,True,0,,
hidden,1731,raw,5101,0,0.0,0.1,False,0,,
hidden,1731,raw,5101,1,0.1,0.2,False,0,,
hidden,1731,raw,5101,2,0.2,0.3,False,38,0.25529808747140986,0.9736842105263158
hidden,1731,raw,5101,3,0.3,0.4,False,4,0.3240172639489174,1.0
hidden,1731,raw,5101,4,0.4,0.5,False,0,,
hidden,1731,raw,5101,5,0.5,0.6,False,1,0.562413215637207,1.0
hidden,1731,raw,5101,6,0.6,0.7,False,0,,
hidden,1731,raw,5101,7,0.7,0.8,False,1,0.7679629325866699,1.0
hidden,1731,raw,5101,8,0.8,0.9,False,1,0.8571857810020447,1.0
hidden,1731,raw,5101,9,0.9,1.0,True,0,,
hidden,1731,raw,5102,0,0.0,0.1,False,0,,
hidden,1731,raw,5102,1,0.1,0.2,False,0,,
hidden,1731,raw,5102,2,0.2,0.3,False,38,0.24701815098524094,0.9210526315789473
hidden,1731,raw,5102,3,0.3,0.4,False,2,0.3085874319076538,1.0
hidden,1731,raw,5102,4,0.4,0.5,False,1,0.4397379457950592,1.0
hidden,1731,raw,5102,5,0.5,0.6,False,3,0.5785300731658936,1.0
hidden,1731,raw,5102,6,0.6,0.7,False,1,0.6526437997817993,1.0
hidden,1731,raw,5102,7,0.7,0.8,False,0,,
hidden,1731,raw,5102,8,0.8,0.9,False,0,,
hidden,1731,raw,5102,9,0.9,1.0,True,0,,
hidden,1731,raw,5103,0,0.0,0.1,False,0,,
hidden,1731,raw,5103,1,0.1,0.2,False,0,,
hidden,1731,raw,5103,2,0.2,0.3,False,29,0.24332472065399433,0.9655172413793104
hidden,1731,raw,5103,3,0.3,0.4,False,6,0.3373546600341797,1.0
hidden,1731,raw,5103,4,0.4,0.5,False,3,0.416336456934611,1.0
hidden,1731,raw,5103,5,0.5,0.6,False,4,0.5663950741291046,1.0
hidden,1731,raw,5103,6,0.6,0.7,False,2,0.6802649199962616,1.0
hidden,1731,raw,5103,7,0.7,0.8,False,1,0.7715146541595459,1.0
hidden,1731,raw,5103,8,0.8,0.9,False,0,,
hidden,1731,raw,5103,9,0.9,1.0,True,0,,
hidden,1731,raw,5104,0,0.0,0.1,False,0,,
hidden,1731,raw,5104,1,0.1,0.2,False,0,,
hidden,1731,raw,5104,2,0.2,0.3,False,31,0.25303773726186446,0.967741935483871
hidden,1731,raw,5104,3,0.3,0.4,False,11,0.3389465863054449,1.0
hidden,1731,raw,5104,4,0.4,0.5,False,1,0.4225645065307617,1.0
hidden,1731,raw,5104,5,0.5,0.6,False,0,,
hidden,1731,raw,5104,6,0.6,0.7,False,1,0.6769604682922363,1.0
hidden,1731,raw,5104,7,0.7,0.8,False,1,0.7597427368164062,1.0
hidden,1731,raw,5104,8,0.8,0.9,False,0,,
hidden,1731,raw,5104,9,0.9,1.0,True,0,,
hidden,1731,raw,5105,0,0.0,0.1,False,0,,
hidden,1731,raw,5105,1,0.1,0.2,False,4,0.17591040581464767,1.0
hidden,1731,raw,5105,2,0.2,0.3,False,28,0.24869962515575544,1.0
hidden,1731,raw,5105,3,0.3,0.4,False,5,0.3288029611110687,1.0
hidden,1731,raw,5105,4,0.4,0.5,False,3,0.4417385756969452,1.0
hidden,1731,raw,5105,5,0.5,0.6,False,1,0.5505423545837402,1.0
hidden,1731,raw,5105,6,0.6,0.7,False,0,,
hidden,1731,raw,5105,7,0.7,0.8,False,3,0.7294219334920248,1.0
hidden,1731,raw,5105,8,0.8,0.9,False,0,,
hidden,1731,raw,5105,9,0.9,1.0,True,0,,
hidden,1731,calibrated,all,0,0.0,0.1,False,0,,
hidden,1731,calibrated,all,1,0.1,0.2,False,1,0.1976780891418457,1.0
hidden,1731,calibrated,all,2,0.2,0.3,False,134,0.2757317658458183,0.9626865671641791
hidden,1731,calibrated,all,3,0.3,0.4,False,59,0.3306427315130072,0.9830508474576272
hidden,1731,calibrated,all,4,0.4,0.5,False,10,0.43489126563072206,1.0
hidden,1731,calibrated,all,5,0.5,0.6,False,9,0.5574017961819967,1.0
hidden,1731,calibrated,all,6,0.6,0.7,False,6,0.6560755968093872,1.0
hidden,1731,calibrated,all,7,0.7,0.8,False,4,0.7332034856081009,1.0
hidden,1731,calibrated,all,8,0.8,0.9,False,1,0.8181406259536743,1.0
hidden,1731,calibrated,all,9,0.9,1.0,True,0,,
hidden,1731,calibrated,5101,0,0.0,0.1,False,0,,
hidden,1731,calibrated,5101,1,0.1,0.2,False,0,,
hidden,1731,calibrated,5101,2,0.2,0.3,False,27,0.2797087717939306,0.9629629629629629
hidden,1731,calibrated,5101,3,0.3,0.4,False,15,0.32277642488479613,1.0
hidden,1731,calibrated,5101,4,0.4,0.5,False,0,,
hidden,1731,calibrated,5101,5,0.5,0.6,False,1,0.5524532198905945,1.0
hidden,1731,calibrated,5101,6,0.6,0.7,False,0,,
hidden,1731,calibrated,5101,7,0.7,0.8,False,1,0.731903076171875,1.0
hidden,1731,calibrated,5101,8,0.8,0.9,False,1,0.8181406259536743,1.0
hidden,1731,calibrated,5101,9,0.9,1.0,True,0,,
hidden,1731,calibrated,5102,0,0.0,0.1,False,0,,
hidden,1731,calibrated,5102,1,0.1,0.2,False,0,,
hidden,1731,calibrated,5102,2,0.2,0.3,False,32,0.275069372728467,0.90625
hidden,1731,calibrated,5102,3,0.3,0.4,False,8,0.3219597823917866,1.0
hidden,1731,calibrated,5102,4,0.4,0.5,False,1,0.4493599236011505,1.0
hidden,1731,calibrated,5102,5,0.5,0.6,False,3,0.5660827159881592,1.0
hidden,1731,calibrated,5102,6,0.6,0.7,False,1,0.6293008923530579,1.0
hidden,1731,calibrated,5102,7,0.7,0.8,False,0,,
hidden,1731,calibrated,5102,8,0.8,0.9,False,0,,
hidden,1731,calibrated,5102,9,0.9,1.0,True,0,,
hidden,1731,calibrated,5103,0,0.0,0.1,False,0,,
hidden,1731,calibrated,5103,1,0.1,0.2,False,0,,
hidden,1731,calibrated,5103,2,0.2,0.3,False,25,0.2730245363712311,0.96
hidden,1731,calibrated,5103,3,0.3,0.4,False,10,0.3417328536510468,1.0
hidden,1731,calibrated,5103,4,0.4,0.5,False,3,0.4295956989129384,1.0
hidden,1731,calibrated,5103,5,0.5,0.6,False,4,0.5558651685714722,1.0
hidden,1731,calibrated,5103,6,0.6,0.7,False,2,0.6532939076423645,1.0
hidden,1731,calibrated,5103,7,0.7,0.8,False,1,0.7351897358894348,1.0
hidden,1731,calibrated,5103,8,0.8,0.9,False,0,,
hidden,1731,calibrated,5103,9,0.9,1.0,True,0,,
hidden,1731,calibrated,5104,0,0.0,0.1,False,0,,
hidden,1731,calibrated,5104,1,0.1,0.2,False,0,,
hidden,1731,calibrated,5104,2,0.2,0.3,False,24,0.28074827169378597,1.0
hidden,1731,calibrated,5104,3,0.3,0.4,False,16,0.33366592042148113,0.9375
hidden,1731,calibrated,5104,4,0.4,0.5,False,3,0.41924307743708294,1.0
hidden,1731,calibrated,5104,5,0.5,0.6,False,0,,
hidden,1731,calibrated,5104,6,0.6,0.7,False,1,0.6504039168357849,1.0
hidden,1731,calibrated,5104,7,0.7,0.8,False,1,0.7243327498435974,1.0
hidden,1731,calibrated,5104,8,0.8,0.9,False,0,,
hidden,1731,calibrated,5104,9,0.9,1.0,True,0,,
hidden,1731,calibrated,5105,0,0.0,0.1,False,0,,
hidden,1731,calibrated,5105,1,0.1,0.2,False,1,0.1976780891418457,1.0
hidden,1731,calibrated,5105,2,0.2,0.3,False,26,0.270389535679267,1.0
hidden,1731,calibrated,5105,3,0.3,0.4,False,10,0.3334613263607025,1.0
hidden,1731,calibrated,5105,4,0.4,0.5,False,3,0.45101213455200195,1.0
hidden,1731,calibrated,5105,5,0.5,0.6,False,1,0.5424541234970093,1.0
hidden,1731,calibrated,5105,6,0.6,0.7,False,2,0.6750804781913757,1.0
hidden,1731,calibrated,5105,7,0.7,0.8,False,1,0.7413883805274963,1.0
hidden,1731,calibrated,5105,8,0.8,0.9,False,0,,
hidden,1731,calibrated,5105,9,0.9,1.0,True,0,,
graph,1729,raw,all,0,0.0,0.1,False,0,,
graph,1729,raw,all,1,0.1,0.2,False,0,,
graph,1729,raw,all,2,0.2,0.3,False,0,,
graph,1729,raw,all,3,0.3,0.4,False,0,,
graph,1729,raw,all,4,0.4,0.5,False,0,,
graph,1729,raw,all,5,0.5,0.6,False,0,,
graph,1729,raw,all,6,0.6,0.7,False,10,0.6394746124744415,1.0
graph,1729,raw,all,7,0.7,0.8,False,30,0.7567198197046916,1.0
graph,1729,raw,all,8,0.8,0.9,False,30,0.8433186749617259,1.0
graph,1729,raw,all,9,0.9,1.0,True,154,0.9785929689933728,0.961038961038961
graph,1729,raw,5101,0,0.0,0.1,False,0,,
graph,1729,raw,5101,1,0.1,0.2,False,0,,
graph,1729,raw,5101,2,0.2,0.3,False,0,,
graph,1729,raw,5101,3,0.3,0.4,False,0,,
graph,1729,raw,5101,4,0.4,0.5,False,0,,
graph,1729,raw,5101,5,0.5,0.6,False,0,,
graph,1729,raw,5101,6,0.6,0.7,False,2,0.6505713164806366,1.0
graph,1729,raw,5101,7,0.7,0.8,False,7,0.7613704374858311,1.0
graph,1729,raw,5101,8,0.8,0.9,False,5,0.8534013152122497,1.0
graph,1729,raw,5101,9,0.9,1.0,True,31,0.9798374272161915,0.967741935483871
graph,1729,raw,5102,0,0.0,0.1,False,0,,
graph,1729,raw,5102,1,0.1,0.2,False,0,,
graph,1729,raw,5102,2,0.2,0.3,False,0,,
graph,1729,raw,5102,3,0.3,0.4,False,0,,
graph,1729,raw,5102,4,0.4,0.5,False,0,,
graph,1729,raw,5102,5,0.5,0.6,False,0,,
graph,1729,raw,5102,6,0.6,0.7,False,2,0.6558282971382141,1.0
graph,1729,raw,5102,7,0.7,0.8,False,5,0.7630052924156189,1.0
graph,1729,raw,5102,8,0.8,0.9,False,4,0.8493168354034424,1.0
graph,1729,raw,5102,9,0.9,1.0,True,34,0.9796247201807359,0.9117647058823529
graph,1729,raw,5103,0,0.0,0.1,False,0,,
graph,1729,raw,5103,1,0.1,0.2,False,0,,
graph,1729,raw,5103,2,0.2,0.3,False,0,,
graph,1729,raw,5103,3,0.3,0.4,False,0,,
graph,1729,raw,5103,4,0.4,0.5,False,0,,
graph,1729,raw,5103,5,0.5,0.6,False,0,,
graph,1729,raw,5103,6,0.6,0.7,False,2,0.6494115591049194,1.0
graph,1729,raw,5103,7,0.7,0.8,False,3,0.7588270703951517,1.0
graph,1729,raw,5103,8,0.8,0.9,False,7,0.8535405312265668,1.0
graph,1729,raw,5103,9,0.9,1.0,True,33,0.9817590785749031,0.9696969696969697
graph,1729,raw,5104,0,0.0,0.1,False,0,,
graph,1729,raw,5104,1,0.1,0.2,False,0,,
graph,1729,raw,5104,2,0.2,0.3,False,0,,
graph,1729,raw,5104,3,0.3,0.4,False,0,,
graph,1729,raw,5104,4,0.4,0.5,False,0,,
graph,1729,raw,5104,5,0.5,0.6,False,0,,
graph,1729,raw,5104,6,0.6,0.7,False,2,0.6113865375518799,1.0
graph,1729,raw,5104,7,0.7,0.8,False,7,0.7499525206429618,1.0
graph,1729,raw,5104,8,0.8,0.9,False,8,0.8346107825636864,1.0
graph,1729,raw,5104,9,0.9,1.0,True,28,0.9702707231044769,0.9642857142857143
graph,1729,raw,5105,0,0.0,0.1,False,0,,
graph,1729,raw,5105,1,0.1,0.2,False,0,,
graph,1729,raw,5105,2,0.2,0.3,False,0,,
graph,1729,raw,5105,3,0.3,0.4,False,0,,
graph,1729,raw,5105,4,0.4,0.5,False,0,,
graph,1729,raw,5105,5,0.5,0.6,False,0,,
graph,1729,raw,5105,6,0.6,0.7,False,2,0.6301753520965576,1.0
graph,1729,raw,5105,7,0.7,0.8,False,8,0.7538532763719559,1.0
graph,1729,raw,5105,8,0.8,0.9,False,6,0.8306027253468832,1.0
graph,1729,raw,5105,9,0.9,1.0,True,28,0.9805530948298318,1.0
graph,1729,calibrated,all,0,0.0,0.1,False,0,,
graph,1729,calibrated,all,1,0.1,0.2,False,0,,
graph,1729,calibrated,all,2,0.2,0.3,False,0,,
graph,1729,calibrated,all,3,0.3,0.4,False,0,,
graph,1729,calibrated,all,4,0.4,0.5,False,0,,
graph,1729,calibrated,all,5,0.5,0.6,False,0,,
graph,1729,calibrated,all,6,0.6,0.7,False,10,0.6468571543693542,1.0
graph,1729,calibrated,all,7,0.7,0.8,False,25,0.7613323307037354,1.0
graph,1729,calibrated,all,8,0.8,0.9,False,32,0.8423139601945877,1.0
graph,1729,calibrated,all,9,0.9,1.0,True,157,0.980445673131639,0.9617834394904459
graph,1729,calibrated,5101,0,0.0,0.1,False,0,,
graph,1729,calibrated,5101,1,0.1,0.2,False,0,,
graph,1729,calibrated,5101,2,0.2,0.3,False,0,,
graph,1729,calibrated,5101,3,0.3,0.4,False,0,,
graph,1729,calibrated,5101,4,0.4,0.5,False,0,,
graph,1729,calibrated,5101,5,0.5,0.6,False,0,,
graph,1729,calibrated,5101,6,0.6,0.7,False,2,0.6584348976612091,1.0
graph,1729,calibrated,5101,7,0.7,0.8,False,5,0.7617990732192993,1.0
graph,1729,calibrated,5101,8,0.8,0.9,False,6,0.8364970684051514,1.0
graph,1729,calibrated,5101,9,0.9,1.0,True,32,0.9807184487581253,0.96875
graph,1729,calibrated,5102,0,0.0,0.1,False,0,,
graph,1729,calibrated,5102,1,0.1,0.2,False,0,,
graph,1729,calibrated,5102,2,0.2,0.3,False,0,,
graph,1729,calibrated,5102,3,0.3,0.4,False,0,,
graph,1729,calibrated,5102,4,0.4,0.5,False,0,,
graph,1729,calibrated,5102,5,0.5,0.6,False,0,,
graph,1729,calibrated,5102,6,0.6,0.7,False,2,0.6639338433742523,1.0
graph,1729,calibrated,5102,7,0.7,0.8,False,3,0.7556222081184387,1.0
graph,1729,calibrated,5102,8,0.8,0.9,False,5,0.8290211200714112,1.0
graph,1729,calibrated,5102,9,0.9,1.0,True,35,0.9806541102273124,0.9142857142857143
graph,1729,calibrated,5103,0,0.0,0.1,False,0,,
graph,1729,calibrated,5103,1,0.1,0.2,False,0,,
graph,1729,calibrated,5103,2,0.2,0.3,False,0,,
graph,1729,calibrated,5103,3,0.3,0.4,False,0,,
graph,1729,calibrated,5103,4,0.4,0.5,False,0,,
graph,1729,calibrated,5103,5,0.5,0.6,False,0,,
graph,1729,calibrated,5103,6,0.6,0.7,False,2,0.6573001742362976,1.0
graph,1729,calibrated,5103,7,0.7,0.8,False,3,0.7703845500946045,1.0
graph,1729,calibrated,5103,8,0.8,0.9,False,6,0.8590492010116577,1.0
graph,1729,calibrated,5103,9,0.9,1.0,True,34,0.9823703222415027,0.9705882352941176
graph,1729,calibrated,5104,0,0.0,0.1,False,0,,
graph,1729,calibrated,5104,1,0.1,0.2,False,0,,
graph,1729,calibrated,5104,2,0.2,0.3,False,0,,
graph,1729,calibrated,5104,3,0.3,0.4,False,0,,
graph,1729,calibrated,5104,4,0.4,0.5,False,0,,
graph,1729,calibrated,5104,5,0.5,0.6,False,0,,
graph,1729,calibrated,5104,6,0.6,0.7,False,2,0.6174566447734833,1.0
graph,1729,calibrated,5104,7,0.7,0.8,False,7,0.761338642665318,1.0
graph,1729,calibrated,5104,8,0.8,0.9,False,8,0.8467624858021736,1.0
graph,1729,calibrated,5104,9,0.9,1.0,True,28,0.974408854331289,0.9642857142857143
graph,1729,calibrated,5105,0,0.0,0.1,False,0,,
graph,1729,calibrated,5105,1,0.1,0.2,False,0,,
graph,1729,calibrated,5105,2,0.2,0.3,False,0,,
graph,1729,calibrated,5105,3,0.3,0.4,False,0,,
graph,1729,calibrated,5105,4,0.4,0.5,False,0,,
graph,1729,calibrated,5105,5,0.5,0.6,False,0,,
graph,1729,calibrated,5105,6,0.6,0.7,False,2,0.6371602118015289,1.0
graph,1729,calibrated,5105,7,0.7,0.8,False,7,0.7595603040286473,1.0
graph,1729,calibrated,5105,8,0.8,0.9,False,7,0.8373662318502154,1.0
graph,1729,calibrated,5105,9,0.9,1.0,True,28,0.9835731280701501,1.0
graph,1730,raw,all,0,0.0,0.1,False,0,,
graph,1730,raw,all,1,0.1,0.2,False,0,,
graph,1730,raw,all,2,0.2,0.3,False,0,,
graph,1730,raw,all,3,0.3,0.4,False,0,,
graph,1730,raw,all,4,0.4,0.5,False,0,,
graph,1730,raw,all,5,0.5,0.6,False,2,0.567209780216217,1.0
graph,1730,raw,all,6,0.6,0.7,False,13,0.66503212085137,1.0
graph,1730,raw,all,7,0.7,0.8,False,26,0.7497280331758353,1.0
graph,1730,raw,all,8,0.8,0.9,False,35,0.8489027057375227,0.9428571428571428
graph,1730,raw,all,9,0.9,1.0,True,148,0.9726523386465536,0.972972972972973
graph,1730,raw,5101,0,0.0,0.1,False,0,,
graph,1730,raw,5101,1,0.1,0.2,False,0,,
graph,1730,raw,5101,2,0.2,0.3,False,0,,
graph,1730,raw,5101,3,0.3,0.4,False,0,,
graph,1730,raw,5101,4,0.4,0.5,False,0,,
graph,1730,raw,5101,5,0.5,0.6,False,0,,
graph,1730,raw,5101,6,0.6,0.7,False,3,0.6569300492604574,1.0
graph,1730,raw,5101,7,0.7,0.8,False,4,0.7247537076473236,1.0
graph,1730,raw,5101,8,0.8,0.9,False,8,0.844615526497364,1.0
graph,1730,raw,5101,9,0.9,1.0,True,30,0.9784272491931916,0.9666666666666667
graph,1730,raw,5102,0,0.0,0.1,False,0,,
graph,1730,raw,5102,1,0.1,0.2,False,0,,
graph,1730,raw,5102,2,0.2,0.3,False,0,,
graph,1730,raw,5102,3,0.3,0.4,False,0,,
graph,1730,raw,5102,4,0.4,0.5,False,0,,
graph,1730,raw,5102,5,0.5,0.6,False,0,,
graph,1730,raw,5102,6,0.6,0.7,False,3,0.663559357325236,1.0
graph,1730,raw,5102,7,0.7,0.8,False,2,0.7584227621555328,1.0
graph,1730,raw,5102,8,0.8,0.9,False,7,0.854124401296888,0.7142857142857143
graph,1730,raw,5102,9,0.9,1.0,True,33,0.9716197432893695,0.9696969696969697
graph,1730,raw,5103,0,0.0,0.1,False,0,,
graph,1730,raw,5103,1,0.1,0.2,False,0,,
graph,1730,raw,5103,2,0.2,0.3,False,0,,
graph,1730,raw,5103,3,0.3,0.4,False,0,,
graph,1730,raw,5103,4,0.4,0.5,False,0,,
graph,1730,raw,5103,5,0.5,0.6,False,1,0.5997227430343628,1.0
graph,1730,raw,5103,6,0.6,0.7,False,2,0.6635445058345795,1.0
graph,1730,raw,5103,7,0.7,0.8,False,4,0.7481610476970673,1.0
graph,1730,raw,5103,8,0.8,0.9,False,6,0.856469730536143,1.0
graph,1730,raw,5103,9,0.9,1.0,True,32,0.9717628303915262,0.96875
graph,1730,raw,5104,0,0.0,0.1,False,0,,
graph,1730,raw,5104,1,0.1,0.2,False,0,,
graph,1730,raw,5104,2,0.2,0.3,False,0,,
graph,1730,raw,5104,3,0.3,0.4,False,0,,
graph,1730,raw,5104,4,0.4,0.5,False,0,,
graph,1730,raw,5104,5,0.5,0.6,False,1,0.5346968173980713,1.0
graph,1730,raw,5104,6,0.6,0.7,False,3,0.6780868570009867,1.0
graph,1730,raw,5104,7,0.7,0.8,False,7,0.7520748972892761,1.0
graph,1730,raw,5104,8,0.8,0.9,False,9,0.8448090818193223,1.0
graph,1730,raw,5104,9,0.9,1.0,True,25,0.9708827805519104,0.96
graph,1730,raw,5105,0,0.0,0.1,False,0,,
graph,1730,raw,5105,1,0.1,0.2,False,0,,
graph,1730,raw,5105,2,0.2,0.3,False,0,,
graph,1730,raw,5105,3,0.3,0.4,False,0,,
graph,1730,raw,5105,4,0.4,0.5,False,0,,
graph,1730,raw,5105,5,0.5,0.6,False,0,,
graph,1730,raw,5105,6,0.6,0.7,False,2,0.6612998843193054,1.0
graph,1730,raw,5105,7,0.7,0.8,False,9,0.7577666706509061,1.0
graph,1730,raw,5105,8,0.8,0.9,False,5,0.8467399120330811,1.0
graph,1730,raw,5105,9,0.9,1.0,True,28,0.9702784653220858,1.0
graph,1730,calibrated,all,0,0.0,0.1,False,0,,
graph,1730,calibrated,all,1,0.1,0.2,False,0,,
graph,1730,calibrated,all,2,0.2,0.3,False,0,,
graph,1730,calibrated,all,3,0.3,0.4,False,0,,
graph,1730,calibrated,all,4,0.4,0.5,False,0,,
graph,1730,calibrated,all,5,0.5,0.6,False,1,0.5380539894104004,1.0
graph,1730,calibrated,all,6,0.6,0.7,False,13,0.6714259936259344,1.0
graph,1730,calibrated,all,7,0.7,0.8,False,19,0.7488401908623544,1.0
graph,1730,calibrated,all,8,0.8,0.9,False,38,0.8511120645623458,0.9736842105263158
graph,1730,calibrated,all,9,0.9,1.0,True,153,0.9770372603453842,0.9673202614379085
graph,1730,calibrated,5101,0,0.0,0.1,False,0,,
graph,1730,calibrated,5101,1,0.1,0.2,False,0,,
graph,1730,calibrated,5101,2,0.2,0.3,False,0,,
graph,1730,calibrated,5101,3,0.3,0.4,False,0,,
graph,1730,calibrated,5101,4,0.4,0.5,False,0,,
graph,1730,calibrated,5101,5,0.5,0.6,False,0,,
graph,1730,calibrated,5101,6,0.6,0.7,False,3,0.6709245840708414,1.0
graph,1730,calibrated,5101,7,0.7,0.8,False,4,0.7430544048547745,1.0
graph,1730,calibrated,5101,8,0.8,0.9,False,7,0.8591290286609105,1.0
graph,1730,calibrated,5101,9,0.9,1.0,True,31,0.9816810796337743,0.967741935483871
graph,1730,calibrated,5102,0,0.0,0.1,False,0,,
graph,1730,calibrated,5102,1,0.1,0.2,False,0,,
graph,1730,calibrated,5102,2,0.2,0.3,False,0,,
graph,1730,calibrated,5102,3,0.3,0.4,False,0,,
graph,1730,calibrated,5102,4,0.4,0.5,False,0,,
graph,1730,calibrated,5102,5,0.5,0.6,False,0,,
graph,1730,calibrated,5102,6,0.6,0.7,False,3,0.6780752936999003,1.0
graph,1730,calibrated,5102,7,0.7,0.8,False,1,0.739498496055603,1.0
graph,1730,calibrated,5102,8,0.8,0.9,False,7,0.8599729367664882,0.8571428571428571
graph,1730,calibrated,5102,9,0.9,1.0,True,34,0.9766143911025104,0.9411764705882353
graph,1730,calibrated,5103,0,0.0,0.1,False,0,,
graph,1730,calibrated,5103,1,0.1,0.2,False,0,,
graph,1730,calibrated,5103,2,0.2,0.3,False,0,,
graph,1730,calibrated,5103,3,0.3,0.4,False,0,,
graph,1730,calibrated,5103,4,0.4,0.5,False,0,,
graph,1730,calibrated,5103,5,0.5,0.6,False,0,,
graph,1730,calibrated,5103,6,0.6,0.7,False,3,0.655087431271871,1.0
graph,1730,calibrated,5103,7,0.7,0.8,False,3,0.7514894406000773,1.0
graph,1730,calibrated,5103,8,0.8,0.9,False,6,0.860755850871404,1.0
graph,1730,calibrated,5103,9,0.9,1.0,True,33,0.9763140389413545,0.9696969696969697
graph,1730,calibrated,5104,0,0.0,0.1,False,0,,
graph,1730,calibrated,5104,1,0.1,0.2,False,0,,
graph,1730,calibrated,5104,2,0.2,0.3,False,0,,
graph,1730,calibrated,5104,3,0.3,0.4,False,0,,
graph,1730,calibrated,5104,4,0.4,0.5,False,0,,
graph,1730,calibrated,5104,5,0.5,0.6,False,1,0.5380539894104004,1.0
graph,1730,calibrated,5104,6,0.6,0.7,False,2,0.6824462115764618,1.0
graph,1730,calibrated,5104,7,0.7,0.8,False,6,0.7468312978744507,1.0
graph,1730,calibrated,5104,8,0.8,0.9,False,10,0.8502969026565552,1.0
graph,1730,calibrated,5104,9,0.9,1.0,True,26,0.9751424330931443,0.9615384615384616
graph,1730,calibrated,5105,0,0.0,0.1,False,0,,
graph,1730,calibrated,5105,1,0.1,0.2,False,0,,
graph,1730,calibrated,5105,2,0.2,0.3,False,0,,
graph,1730,calibrated,5105,3,0.3,0.4,False,0,,
graph,1730,calibrated,5105,4,0.4,0.5,False,0,,
graph,1730,calibrated,5105,5,0.5,0.6,False,0,,
graph,1730,calibrated,5105,6,0.6,0.7,False,2,0.6756917834281921,1.0
graph,1730,calibrated,5105,7,0.7,0.8,False,5,0.7561582803726197,1.0
graph,1730,calibrated,5105,8,0.8,0.9,False,8,0.8301300704479218,1.0
graph,1730,calibrated,5105,9,0.9,1.0,True,29,0.975090742111206,1.0
graph,1731,raw,all,0,0.0,0.1,False,0,,
graph,1731,raw,all,1,0.1,0.2,False,0,,
graph,1731,raw,all,2,0.2,0.3,False,0,,
graph,1731,raw,all,3,0.3,0.4,False,0,,
graph,1731,raw,all,4,0.4,0.5,False,1,0.4894590675830841,1.0
graph,1731,raw,all,5,0.5,0.6,False,4,0.5634611248970032,1.0
graph,1731,raw,all,6,0.6,0.7,False,17,0.6598444966708913,1.0
graph,1731,raw,all,7,0.7,0.8,False,40,0.7543926894664764,1.0
graph,1731,raw,all,8,0.8,0.9,False,37,0.8505520723961495,0.9459459459459459
graph,1731,raw,all,9,0.9,1.0,True,125,0.9667030119895935,0.968
graph,1731,raw,5101,0,0.0,0.1,False,0,,
graph,1731,raw,5101,1,0.1,0.2,False,0,,
graph,1731,raw,5101,2,0.2,0.3,False,0,,
graph,1731,raw,5101,3,0.3,0.4,False,0,,
graph,1731,raw,5101,4,0.4,0.5,False,0,,
graph,1731,raw,5101,5,0.5,0.6,False,1,0.541254997253418,1.0
graph,1731,raw,5101,6,0.6,0.7,False,4,0.6626405864953995,1.0
graph,1731,raw,5101,7,0.7,0.8,False,9,0.7560055322117276,1.0
graph,1731,raw,5101,8,0.8,0.9,False,6,0.8631859024365743,1.0
graph,1731,raw,5101,9,0.9,1.0,True,25,0.9716852068901062,0.96
graph,1731,raw,5102,0,0.0,0.1,False,0,,
graph,1731,raw,5102,1,0.1,0.2,False,0,,
graph,1731,raw,5102,2,0.2,0.3,False,0,,
graph,1731,raw,5102,3,0.3,0.4,False,0,,
graph,1731,raw,5102,4,0.4,0.5,False,0,,
graph,1731,raw,5102,5,0.5,0.6,False,1,0.5634146332740784,1.0
graph,1731,raw,5102,6,0.6,0.7,False,2,0.6860853731632233,1.0
graph,1731,raw,5102,7,0.7,0.8,False,5,0.7344157576560975,1.0
graph,1731,raw,5102,8,0.8,0.9,False,9,0.86246657371521,0.8888888888888888
graph,1731,raw,5102,9,0.9,1.0,True,28,0.9661118771348681,0.9285714285714286
graph,1731,raw,5103,0,0.0,0.1,False,0,,
graph,1731,raw,5103,1,0.1,0.2,False,0,,
graph,1731,raw,5103,2,0.2,0.3,False,0,,
graph,1731,raw,5103,3,0.3,0.4,False,0,,
graph,1731,raw,5103,4,0.4,0.5,False,0,,
graph,1731,raw,5103,5,0.5,0.6,False,0,,
graph,1731,raw,5103,6,0.6,0.7,False,3,0.6265302896499634,1.0
graph,1731,raw,5103,7,0.7,0.8,False,5,0.745869493484497,1.0
graph,1731,raw,5103,8,0.8,0.9,False,9,0.8473169008890787,0.8888888888888888
graph,1731,raw,5103,9,0.9,1.0,True,28,0.9677698186465672,1.0
graph,1731,raw,5104,0,0.0,0.1,False,0,,
graph,1731,raw,5104,1,0.1,0.2,False,0,,
graph,1731,raw,5104,2,0.2,0.3,False,0,,
graph,1731,raw,5104,3,0.3,0.4,False,0,,
graph,1731,raw,5104,4,0.4,0.5,False,1,0.4894590675830841,1.0
graph,1731,raw,5104,5,0.5,0.6,False,1,0.5907286405563354,1.0
graph,1731,raw,5104,6,0.6,0.7,False,3,0.6583117842674255,1.0
graph,1731,raw,5104,7,0.7,0.8,False,11,0.768093385479667,1.0
graph,1731,raw,5104,8,0.8,0.9,False,9,0.8330264621310763,1.0
graph,1731,raw,5104,9,0.9,1.0,True,20,0.9684788137674332,0.95
graph,1731,raw,5105,0,0.0,0.1,False,0,,
graph,1731,raw,5105,1,0.1,0.2,False,0,,
graph,1731,raw,5105,2,0.2,0.3,False,0,,
graph,1731,raw,5105,3,0.3,0.4,False,0,,
graph,1731,raw,5105,4,0.4,0.5,False,0,,
graph,1731,raw,5105,5,0.5,0.6,False,1,0.5584462285041809,1.0
graph,1731,raw,5105,6,0.6,0.7,False,5,0.668019425868988,1.0
graph,1731,raw,5105,7,0.7,0.8,False,10,0.7521204292774201,1.0
graph,1731,raw,5105,8,0.8,0.9,False,4,0.85150545835495,1.0
graph,1731,raw,5105,9,0.9,1.0,True,24,0.95947844038407,1.0
graph,1731,calibrated,all,0,0.0,0.1,False,0,,
graph,1731,calibrated,all,1,0.1,0.2,False,0,,
graph,1731,calibrated,all,2,0.2,0.3,False,0,,
graph,1731,calibrated,all,3,0.3,0.4,False,0,,
graph,1731,calibrated,all,4,0.4,0.5,False,1,0.488881379365921,1.0
graph,1731,calibrated,all,5,0.5,0.6,False,4,0.5668896734714508,1.0
graph,1731,calibrated,all,6,0.6,0.7,False,14,0.6595225163868496,1.0
graph,1731,calibrated,all,7,0.7,0.8,False,38,0.7551492985926176,1.0
graph,1731,calibrated,all,8,0.8,0.9,False,39,0.8519416726552523,0.9487179487179487
graph,1731,calibrated,all,9,0.9,1.0,True,128,0.9698776863515377,0.96875
graph,1731,calibrated,5101,0,0.0,0.1,False,0,,
graph,1731,calibrated,5101,1,0.1,0.2,False,0,,
graph,1731,calibrated,5101,2,0.2,0.3,False,0,,
graph,1731,calibrated,5101,3,0.3,0.4,False,0,,
graph,1731,calibrated,5101,4,0.4,0.5,False,0,,
graph,1731,calibrated,5101,5,0.5,0.6,False,1,0.5435055494308472,1.0
graph,1731,calibrated,5101,6,0.6,0.7,False,3,0.6581526001294454,1.0
graph,1731,calibrated,5101,7,0.7,0.8,False,10,0.7613362550735474,1.0
graph,1731,calibrated,5101,8,0.8,0.9,False,4,0.8596598654985428,1.0
graph,1731,calibrated,5101,9,0.9,1.0,True,27,0.9706907206111484,0.9629629629629629
graph,1731,calibrated,5102,0,0.0,0.1,False,0,,
graph,1731,calibrated,5102,1,0.1,0.2,False,0,,
graph,1731,calibrated,5102,2,0.2,0.3,False,0,,
graph,1731,calibrated,5102,3,0.3,0.4,False,0,,
graph,1731,calibrated,5102,4,0.4,0.5,False,0,,
graph,1731,calibrated,5102,5,0.5,0.6,False,1,0.5668507218360901,1.0
graph,1731,calibrated,5102,6,0.6,0.7,False,1,0.6811690330505371,1.0
graph,1731,calibrated,5102,7,0.7,0.8,False,6,0.7391220728556315,1.0
graph,1731,calibrated,5102,8,0.8,0.9,False,9,0.8738559616936578,0.8888888888888888
graph,1731,calibrated,5102,9,0.9,1.0,True,28,0.9708362583603177,0.9285714285714286
graph,1731,calibrated,5103,0,0.0,0.1,False,0,,
graph,1731,calibrated,5103,1,0.1,0.2,False,0,,
graph,1731,calibrated,5103,2,0.2,0.3,False,0,,
graph,1731,calibrated,5103,3,0.3,0.4,False,0,,
graph,1731,calibrated,5103,4,0.4,0.5,False,0,,
graph,1731,calibrated,5103,5,0.5,0.6,False,0,,
graph,1731,calibrated,5103,6,0.6,0.7,False,3,0.633119801680247,1.0
graph,1731,calibrated,5103,7,0.7,0.8,False,4,0.7439809292554855,1.0
graph,1731,calibrated,5103,8,0.8,0.9,False,9,0.847723748948839,0.8888888888888888
graph,1731,calibrated,5103,9,0.9,1.0,True,29,0.9702136948190886,1.0
graph,1731,calibrated,5104,0,0.0,0.1,False,0,,
graph,1731,calibrated,5104,1,0.1,0.2,False,0,,
graph,1731,calibrated,5104,2,0.2,0.3,False,0,,
graph,1731,calibrated,5104,3,0.3,0.4,False,0,,
graph,1731,calibrated,5104,4,0.4,0.5,False,1,0.488881379365921,1.0
graph,1731,calibrated,5104,5,0.5,0.6,False,1,0.5955836772918701,1.0
graph,1731,calibrated,5104,6,0.6,0.7,False,3,0.6663337151209513,1.0
graph,1731,calibrated,5104,7,0.7,0.8,False,8,0.7686724215745926,1.0
graph,1731,calibrated,5104,8,0.8,0.9,False,12,0.8357010185718536,1.0
graph,1731,calibrated,5104,9,0.9,1.0,True,20,0.9728474020957947,0.95
graph,1731,calibrated,5105,0,0.0,0.1,False,0,,
graph,1731,calibrated,5105,1,0.1,0.2,False,0,,
graph,1731,calibrated,5105,2,0.2,0.3,False,0,,
graph,1731,calibrated,5105,3,0.3,0.4,False,0,,
graph,1731,calibrated,5105,4,0.4,0.5,False,0,,
graph,1731,calibrated,5105,5,0.5,0.6,False,1,0.5616187453269958,1.0
graph,1731,calibrated,5105,6,0.6,0.7,False,4,0.6698319613933563,1.0
graph,1731,calibrated,5105,7,0.7,0.8,False,10,0.7522275269031524,1.0
graph,1731,calibrated,5105,8,0.8,0.9,False,5,0.8528912305831909,1.0
graph,1731,calibrated,5105,9,0.9,1.0,True,24,0.964963915447394,1.0
