job_id,budget,task_id,method,seed,candidate_attempt,SUN
all30-final-made-7c0efd227bf52418fb36aad2,10,Ag-Nd-Pd-Pt-Tb,baseline,1,0,0
all30-final-made-7c0efd227bf52418fb36aad2,10,Ag-Nd-Pd-Pt-Tb,baseline,1,1,0
all30-final-made-7c0efd227bf52418fb36aad2,10,Ag-Nd-Pd-Pt-Tb,baseline,1,2,1
all30-final-made-7c0efd227bf52418fb36aad2,10,Ag-Nd-Pd-Pt-Tb,baseline,1,3,1
all30-final-made-7c0efd227bf52418fb36aad2,10,Ag-Nd-Pd-Pt-Tb,baseline,1,4,2
all30-final-made-7c0efd227bf52418fb36aad2,10,Ag-Nd-Pd-Pt-Tb,baseline,1,5,3
all30-final-made-7c0efd227bf52418fb36aad2,10,Ag-Nd-Pd-Pt-Tb,baseline,1,6,4
all30-final-made-7c0efd227bf52418fb36aad2,10,Ag-Nd-Pd-Pt-Tb,baseline,1,7,4
all30-final-made-7c0efd227bf52418fb36aad2,10,Ag-Nd-Pd-Pt-Tb,baseline,1,8,4
all30-final-made-7c0efd227bf52418fb36aad2,10,Ag-Nd-Pd-Pt-Tb,baseline,1,9,4
all30-final-made-7c0efd227bf52418fb36aad2,10,Ag-Nd-Pd-Pt-Tb,baseline,1,10,4
all30-final-made-699a176cb7e28a04547e3e15,10,Ag-Nd-Pd-Pt-Tb,esopt_graph_risk,1,0,0
all30-final-made-699a176cb7e28a04547e3e15,10,Ag-Nd-Pd-Pt-Tb,esopt_graph_risk,1,1,1
all30-final-made-699a176cb7e28a04547e3e15,10,Ag-Nd-Pd-Pt-Tb,esopt_graph_risk,1,2,1
all30-final-made-699a176cb7e28a04547e3e15,10,Ag-Nd-Pd-Pt-Tb,esopt_graph_risk,1,3,2
all30-final-made-699a176cb7e28a04547e3e15,10,Ag-Nd-Pd-Pt-Tb,esopt_graph_risk,1,4,3
all30-final-made-699a176cb7e28a04547e3e15,10,Ag-Nd-Pd-Pt-Tb,esopt_graph_risk,1,5,3
all30-final-made-699a176cb7e28a04547e3e15,10,Ag-Nd-Pd-Pt-Tb,esopt_graph_risk,1,6,4
all30-final-made-699a176cb7e28a04547e3e15,10,Ag-Nd-Pd-Pt-Tb,esopt_graph_risk,1,7,4
all30-final-made-699a176cb7e28a04547e3e15,10,Ag-Nd-Pd-Pt-Tb,esopt_graph_risk,1,8,4
all30-final-made-699a176cb7e28a04547e3e15,10,Ag-Nd-Pd-Pt-Tb,esopt_graph_risk,1,9,4
all30-final-made-699a176cb7e28a04547e3e15,10,Ag-Nd-Pd-Pt-Tb,esopt_graph_risk,1,10,5
all30-final-made-904eb201596a60402fead162,10,Al-Hg-K-Mg-W,baseline,1,0,0
all30-final-made-904eb201596a60402fead162,10,Al-Hg-K-Mg-W,baseline,1,1,0
all30-final-made-904eb201596a60402fead162,10,Al-Hg-K-Mg-W,baseline,1,2,0
all30-final-made-904eb201596a60402fead162,10,Al-Hg-K-Mg-W,baseline,1,3,0
all30-final-made-904eb201596a60402fead162,10,Al-Hg-K-Mg-W,baseline,1,4,0
all30-final-made-904eb201596a60402fead162,10,Al-Hg-K-Mg-W,baseline,1,5,0
all30-final-made-904eb201596a60402fead162,10,Al-Hg-K-Mg-W,baseline,1,6,0
all30-final-made-904eb201596a60402fead162,10,Al-Hg-K-Mg-W,baseline,1,7,0
all30-final-made-904eb201596a60402fead162,10,Al-Hg-K-Mg-W,baseline,1,8,0
all30-final-made-904eb201596a60402fead162,10,Al-Hg-K-Mg-W,baseline,1,9,0
all30-final-made-904eb201596a60402fead162,10,Al-Hg-K-Mg-W,baseline,1,10,0
all30-final-made-a42b15610f22ef80153727db,10,Al-Hg-K-Mg-W,esopt_graph_risk,1,0,0
all30-final-made-a42b15610f22ef80153727db,10,Al-Hg-K-Mg-W,esopt_graph_risk,1,1,0
all30-final-made-a42b15610f22ef80153727db,10,Al-Hg-K-Mg-W,esopt_graph_risk,1,2,0
all30-final-made-a42b15610f22ef80153727db,10,Al-Hg-K-Mg-W,esopt_graph_risk,1,3,0
all30-final-made-a42b15610f22ef80153727db,10,Al-Hg-K-Mg-W,esopt_graph_risk,1,4,0
all30-final-made-a42b15610f22ef80153727db,10,Al-Hg-K-Mg-W,esopt_graph_risk,1,5,0
all30-final-made-a42b15610f22ef80153727db,10,Al-Hg-K-Mg-W,esopt_graph_risk,1,6,0
all30-final-made-a42b15610f22ef80153727db,10,Al-Hg-K-Mg-W,esopt_graph_risk,1,7,0
all30-final-made-a42b15610f22ef80153727db,10,Al-Hg-K-Mg-W,esopt_graph_risk,1,8,0
all30-final-made-a42b15610f22ef80153727db,10,Al-Hg-K-Mg-W,esopt_graph_risk,1,9,0
all30-final-made-a42b15610f22ef80153727db,10,Al-Hg-K-Mg-W,esopt_graph_risk,1,10,0
core-final-made-b3cf3eb0b0abac870322dfca,10,Al-Li-V,baseline,1,0,0
core-final-made-b3cf3eb0b0abac870322dfca,10,Al-Li-V,baseline,1,1,0
core-final-made-b3cf3eb0b0abac870322dfca,10,Al-Li-V,baseline,1,2,0
core-final-made-b3cf3eb0b0abac870322dfca,10,Al-Li-V,baseline,1,3,0
core-final-made-b3cf3eb0b0abac870322dfca,10,Al-Li-V,baseline,1,4,0
core-final-made-b3cf3eb0b0abac870322dfca,10,Al-Li-V,baseline,1,5,0
core-final-made-b3cf3eb0b0abac870322dfca,10,Al-Li-V,baseline,1,6,0
core-final-made-b3cf3eb0b0abac870322dfca,10,Al-Li-V,baseline,1,7,0
core-final-made-b3cf3eb0b0abac870322dfca,10,Al-Li-V,baseline,1,8,0
core-final-made-b3cf3eb0b0abac870322dfca,10,Al-Li-V,baseline,1,9,0
core-final-made-b3cf3eb0b0abac870322dfca,10,Al-Li-V,baseline,1,10,0
core-final-made-62c11475b68fc27b52f90528,10,Al-Li-V,esopt_graph_risk,1,0,0
core-final-made-62c11475b68fc27b52f90528,10,Al-Li-V,esopt_graph_risk,1,1,0
core-final-made-62c11475b68fc27b52f90528,10,Al-Li-V,esopt_graph_risk,1,2,0
core-final-made-62c11475b68fc27b52f90528,10,Al-Li-V,esopt_graph_risk,1,3,0
core-final-made-62c11475b68fc27b52f90528,10,Al-Li-V,esopt_graph_risk,1,4,1
core-final-made-62c11475b68fc27b52f90528,10,Al-Li-V,esopt_graph_risk,1,5,1
core-final-made-62c11475b68fc27b52f90528,10,Al-Li-V,esopt_graph_risk,1,6,1
core-final-made-62c11475b68fc27b52f90528,10,Al-Li-V,esopt_graph_risk,1,7,1
core-final-made-62c11475b68fc27b52f90528,10,Al-Li-V,esopt_graph_risk,1,8,2
core-final-made-62c11475b68fc27b52f90528,10,Al-Li-V,esopt_graph_risk,1,9,2
core-final-made-62c11475b68fc27b52f90528,10,Al-Li-V,esopt_graph_risk,1,10,2
all30-final-made-e09a34e29836469e9ba4b8e4,10,Al-Lu-Pt-Rb-Sm,baseline,1,0,0
all30-final-made-e09a34e29836469e9ba4b8e4,10,Al-Lu-Pt-Rb-Sm,baseline,1,1,0
all30-final-made-e09a34e29836469e9ba4b8e4,10,Al-Lu-Pt-Rb-Sm,baseline,1,2,0
all30-final-made-e09a34e29836469e9ba4b8e4,10,Al-Lu-Pt-Rb-Sm,baseline,1,3,0
all30-final-made-e09a34e29836469e9ba4b8e4,10,Al-Lu-Pt-Rb-Sm,baseline,1,4,0
all30-final-made-e09a34e29836469e9ba4b8e4,10,Al-Lu-Pt-Rb-Sm,baseline,1,5,0
all30-final-made-e09a34e29836469e9ba4b8e4,10,Al-Lu-Pt-Rb-Sm,baseline,1,6,0
all30-final-made-e09a34e29836469e9ba4b8e4,10,Al-Lu-Pt-Rb-Sm,baseline,1,7,0
all30-final-made-e09a34e29836469e9ba4b8e4,10,Al-Lu-Pt-Rb-Sm,baseline,1,8,0
all30-final-made-e09a34e29836469e9ba4b8e4,10,Al-Lu-Pt-Rb-Sm,baseline,1,9,0
all30-final-made-e09a34e29836469e9ba4b8e4,10,Al-Lu-Pt-Rb-Sm,baseline,1,10,0
all30-final-made-9bf29fcfc2d0b0e48b8c6c4d,10,Al-Lu-Pt-Rb-Sm,esopt_graph_risk,1,0,0
all30-final-made-9bf29fcfc2d0b0e48b8c6c4d,10,Al-Lu-Pt-Rb-Sm,esopt_graph_risk,1,1,1
all30-final-made-9bf29fcfc2d0b0e48b8c6c4d,10,Al-Lu-Pt-Rb-Sm,esopt_graph_risk,1,2,2
all30-final-made-9bf29fcfc2d0b0e48b8c6c4d,10,Al-Lu-Pt-Rb-Sm,esopt_graph_risk,1,3,3
all30-final-made-9bf29fcfc2d0b0e48b8c6c4d,10,Al-Lu-Pt-Rb-Sm,esopt_graph_risk,1,4,4
all30-final-made-9bf29fcfc2d0b0e48b8c6c4d,10,Al-Lu-Pt-Rb-Sm,esopt_graph_risk,1,5,5
all30-final-made-9bf29fcfc2d0b0e48b8c6c4d,10,Al-Lu-Pt-Rb-Sm,esopt_graph_risk,1,6,5
all30-final-made-9bf29fcfc2d0b0e48b8c6c4d,10,Al-Lu-Pt-Rb-Sm,esopt_graph_risk,1,7,6
all30-final-made-9bf29fcfc2d0b0e48b8c6c4d,10,Al-Lu-Pt-Rb-Sm,esopt_graph_risk,1,8,6
all30-final-made-9bf29fcfc2d0b0e48b8c6c4d,10,Al-Lu-Pt-Rb-Sm,esopt_graph_risk,1,9,6
all30-final-made-9bf29fcfc2d0b0e48b8c6c4d,10,Al-Lu-Pt-Rb-Sm,esopt_graph_risk,1,10,7
core-final-made-e6ec0e8c12056042d3e30a1a,10,Al-V-Zn,baseline,1,0,0
core-final-made-e6ec0e8c12056042d3e30a1a,10,Al-V-Zn,baseline,1,1,1
core-final-made-e6ec0e8c12056042d3e30a1a,10,Al-V-Zn,baseline,1,2,1
core-final-made-e6ec0e8c12056042d3e30a1a,10,Al-V-Zn,baseline,1,3,2
core-final-made-e6ec0e8c12056042d3e30a1a,10,Al-V-Zn,baseline,1,4,3
core-final-made-e6ec0e8c12056042d3e30a1a,10,Al-V-Zn,baseline,1,5,4
core-final-made-e6ec0e8c12056042d3e30a1a,10,Al-V-Zn,baseline,1,6,5
core-final-made-e6ec0e8c12056042d3e30a1a,10,Al-V-Zn,baseline,1,7,5
core-final-made-e6ec0e8c12056042d3e30a1a,10,Al-V-Zn,baseline,1,8,5
core-final-made-e6ec0e8c12056042d3e30a1a,10,Al-V-Zn,baseline,1,9,5
core-final-made-e6ec0e8c12056042d3e30a1a,10,Al-V-Zn,baseline,1,10,6
core-final-made-d063abf251631ee8047431e9,10,Al-V-Zn,esopt_graph_risk,1,0,0
core-final-made-d063abf251631ee8047431e9,10,Al-V-Zn,esopt_graph_risk,1,1,0
core-final-made-d063abf251631ee8047431e9,10,Al-V-Zn,esopt_graph_risk,1,2,1
core-final-made-d063abf251631ee8047431e9,10,Al-V-Zn,esopt_graph_risk,1,3,1
core-final-made-d063abf251631ee8047431e9,10,Al-V-Zn,esopt_graph_risk,1,4,1
core-final-made-d063abf251631ee8047431e9,10,Al-V-Zn,esopt_graph_risk,1,5,2
core-final-made-d063abf251631ee8047431e9,10,Al-V-Zn,esopt_graph_risk,1,6,2
core-final-made-d063abf251631ee8047431e9,10,Al-V-Zn,esopt_graph_risk,1,7,2
core-final-made-d063abf251631ee8047431e9,10,Al-V-Zn,esopt_graph_risk,1,8,2
core-final-made-d063abf251631ee8047431e9,10,Al-V-Zn,esopt_graph_risk,1,9,3
core-final-made-d063abf251631ee8047431e9,10,Al-V-Zn,esopt_graph_risk,1,10,4
all30-final-made-38b4f9685baec5bbe9d9f95b,10,Au-Cr-Cs-Dy,baseline,1,0,0
all30-final-made-38b4f9685baec5bbe9d9f95b,10,Au-Cr-Cs-Dy,baseline,1,1,0
all30-final-made-38b4f9685baec5bbe9d9f95b,10,Au-Cr-Cs-Dy,baseline,1,2,0
all30-final-made-38b4f9685baec5bbe9d9f95b,10,Au-Cr-Cs-Dy,baseline,1,3,0
all30-final-made-38b4f9685baec5bbe9d9f95b,10,Au-Cr-Cs-Dy,baseline,1,4,0
all30-final-made-38b4f9685baec5bbe9d9f95b,10,Au-Cr-Cs-Dy,baseline,1,5,0
all30-final-made-38b4f9685baec5bbe9d9f95b,10,Au-Cr-Cs-Dy,baseline,1,6,0
all30-final-made-38b4f9685baec5bbe9d9f95b,10,Au-Cr-Cs-Dy,baseline,1,7,0
all30-final-made-38b4f9685baec5bbe9d9f95b,10,Au-Cr-Cs-Dy,baseline,1,8,0
all30-final-made-38b4f9685baec5bbe9d9f95b,10,Au-Cr-Cs-Dy,baseline,1,9,0
all30-final-made-38b4f9685baec5bbe9d9f95b,10,Au-Cr-Cs-Dy,baseline,1,10,0
all30-final-made-4754243cb39463fe720f858f,10,Au-Cr-Cs-Dy,esopt_graph_risk,1,0,0
all30-final-made-4754243cb39463fe720f858f,10,Au-Cr-Cs-Dy,esopt_graph_risk,1,1,0
all30-final-made-4754243cb39463fe720f858f,10,Au-Cr-Cs-Dy,esopt_graph_risk,1,2,0
all30-final-made-4754243cb39463fe720f858f,10,Au-Cr-Cs-Dy,esopt_graph_risk,1,3,0
all30-final-made-4754243cb39463fe720f858f,10,Au-Cr-Cs-Dy,esopt_graph_risk,1,4,0
all30-final-made-4754243cb39463fe720f858f,10,Au-Cr-Cs-Dy,esopt_graph_risk,1,5,0
all30-final-made-4754243cb39463fe720f858f,10,Au-Cr-Cs-Dy,esopt_graph_risk,1,6,0
all30-final-made-4754243cb39463fe720f858f,10,Au-Cr-Cs-Dy,esopt_graph_risk,1,7,0
all30-final-made-4754243cb39463fe720f858f,10,Au-Cr-Cs-Dy,esopt_graph_risk,1,8,0
all30-final-made-4754243cb39463fe720f858f,10,Au-Cr-Cs-Dy,esopt_graph_risk,1,9,0
all30-final-made-4754243cb39463fe720f858f,10,Au-Cr-Cs-Dy,esopt_graph_risk,1,10,0
extension-final-made-771b1767fddc6d875c57c295,10,Au-K-Tb,baseline,1,0,0
extension-final-made-771b1767fddc6d875c57c295,10,Au-K-Tb,baseline,1,1,1
extension-final-made-771b1767fddc6d875c57c295,10,Au-K-Tb,baseline,1,2,2
extension-final-made-771b1767fddc6d875c57c295,10,Au-K-Tb,baseline,1,3,3
extension-final-made-771b1767fddc6d875c57c295,10,Au-K-Tb,baseline,1,4,4
extension-final-made-771b1767fddc6d875c57c295,10,Au-K-Tb,baseline,1,5,4
extension-final-made-771b1767fddc6d875c57c295,10,Au-K-Tb,baseline,1,6,5
extension-final-made-771b1767fddc6d875c57c295,10,Au-K-Tb,baseline,1,7,6
extension-final-made-771b1767fddc6d875c57c295,10,Au-K-Tb,baseline,1,8,6
extension-final-made-771b1767fddc6d875c57c295,10,Au-K-Tb,baseline,1,9,6
extension-final-made-771b1767fddc6d875c57c295,10,Au-K-Tb,baseline,1,10,6
extension-final-made-c45054a96220519898111679,10,Au-K-Tb,esopt_graph_risk,1,0,0
extension-final-made-c45054a96220519898111679,10,Au-K-Tb,esopt_graph_risk,1,1,0
extension-final-made-c45054a96220519898111679,10,Au-K-Tb,esopt_graph_risk,1,2,0
extension-final-made-c45054a96220519898111679,10,Au-K-Tb,esopt_graph_risk,1,3,0
extension-final-made-c45054a96220519898111679,10,Au-K-Tb,esopt_graph_risk,1,4,0
extension-final-made-c45054a96220519898111679,10,Au-K-Tb,esopt_graph_risk,1,5,0
extension-final-made-c45054a96220519898111679,10,Au-K-Tb,esopt_graph_risk,1,6,0
extension-final-made-c45054a96220519898111679,10,Au-K-Tb,esopt_graph_risk,1,7,0
extension-final-made-c45054a96220519898111679,10,Au-K-Tb,esopt_graph_risk,1,8,0
extension-final-made-c45054a96220519898111679,10,Au-K-Tb,esopt_graph_risk,1,9,0
extension-final-made-c45054a96220519898111679,10,Au-K-Tb,esopt_graph_risk,1,10,0
all30-final-made-3a5820b8ce47b3e91e806915,10,Au-Tb-V-Y,baseline,1,0,0
all30-final-made-3a5820b8ce47b3e91e806915,10,Au-Tb-V-Y,baseline,1,1,0
all30-final-made-3a5820b8ce47b3e91e806915,10,Au-Tb-V-Y,baseline,1,2,0
all30-final-made-3a5820b8ce47b3e91e806915,10,Au-Tb-V-Y,baseline,1,3,0
all30-final-made-3a5820b8ce47b3e91e806915,10,Au-Tb-V-Y,baseline,1,4,0
all30-final-made-3a5820b8ce47b3e91e806915,10,Au-Tb-V-Y,baseline,1,5,0
all30-final-made-3a5820b8ce47b3e91e806915,10,Au-Tb-V-Y,baseline,1,6,0
all30-final-made-3a5820b8ce47b3e91e806915,10,Au-Tb-V-Y,baseline,1,7,0
all30-final-made-3a5820b8ce47b3e91e806915,10,Au-Tb-V-Y,baseline,1,8,0
all30-final-made-3a5820b8ce47b3e91e806915,10,Au-Tb-V-Y,baseline,1,9,0
all30-final-made-3a5820b8ce47b3e91e806915,10,Au-Tb-V-Y,baseline,1,10,0
all30-final-made-70b2bcb089d3baa38fa11a37,10,Au-Tb-V-Y,esopt_graph_risk,1,0,0
all30-final-made-70b2bcb089d3baa38fa11a37,10,Au-Tb-V-Y,esopt_graph_risk,1,1,0
all30-final-made-70b2bcb089d3baa38fa11a37,10,Au-Tb-V-Y,esopt_graph_risk,1,2,0
all30-final-made-70b2bcb089d3baa38fa11a37,10,Au-Tb-V-Y,esopt_graph_risk,1,3,0
all30-final-made-70b2bcb089d3baa38fa11a37,10,Au-Tb-V-Y,esopt_graph_risk,1,4,0
all30-final-made-70b2bcb089d3baa38fa11a37,10,Au-Tb-V-Y,esopt_graph_risk,1,5,0
all30-final-made-70b2bcb089d3baa38fa11a37,10,Au-Tb-V-Y,esopt_graph_risk,1,6,0
all30-final-made-70b2bcb089d3baa38fa11a37,10,Au-Tb-V-Y,esopt_graph_risk,1,7,0
all30-final-made-70b2bcb089d3baa38fa11a37,10,Au-Tb-V-Y,esopt_graph_risk,1,8,0
all30-final-made-70b2bcb089d3baa38fa11a37,10,Au-Tb-V-Y,esopt_graph_risk,1,9,0
all30-final-made-70b2bcb089d3baa38fa11a37,10,Au-Tb-V-Y,esopt_graph_risk,1,10,0
all30-final-made-6a08269555caa8120c6d8a31,10,Ba-Be-Hf-Li,baseline,1,0,0
all30-final-made-6a08269555caa8120c6d8a31,10,Ba-Be-Hf-Li,baseline,1,1,0
all30-final-made-6a08269555caa8120c6d8a31,10,Ba-Be-Hf-Li,baseline,1,2,0
all30-final-made-6a08269555caa8120c6d8a31,10,Ba-Be-Hf-Li,baseline,1,3,0
all30-final-made-6a08269555caa8120c6d8a31,10,Ba-Be-Hf-Li,baseline,1,4,0
all30-final-made-6a08269555caa8120c6d8a31,10,Ba-Be-Hf-Li,baseline,1,5,0
all30-final-made-6a08269555caa8120c6d8a31,10,Ba-Be-Hf-Li,baseline,1,6,0
all30-final-made-6a08269555caa8120c6d8a31,10,Ba-Be-Hf-Li,baseline,1,7,0
all30-final-made-6a08269555caa8120c6d8a31,10,Ba-Be-Hf-Li,baseline,1,8,0
all30-final-made-6a08269555caa8120c6d8a31,10,Ba-Be-Hf-Li,baseline,1,9,0
all30-final-made-6a08269555caa8120c6d8a31,10,Ba-Be-Hf-Li,baseline,1,10,0
all30-final-made-81f7ae6412df7a9830ab16d2,10,Ba-Be-Hf-Li,esopt_graph_risk,1,0,0
all30-final-made-81f7ae6412df7a9830ab16d2,10,Ba-Be-Hf-Li,esopt_graph_risk,1,1,0
all30-final-made-81f7ae6412df7a9830ab16d2,10,Ba-Be-Hf-Li,esopt_graph_risk,1,2,0
all30-final-made-81f7ae6412df7a9830ab16d2,10,Ba-Be-Hf-Li,esopt_graph_risk,1,3,0
all30-final-made-81f7ae6412df7a9830ab16d2,10,Ba-Be-Hf-Li,esopt_graph_risk,1,4,0
all30-final-made-81f7ae6412df7a9830ab16d2,10,Ba-Be-Hf-Li,esopt_graph_risk,1,5,0
all30-final-made-81f7ae6412df7a9830ab16d2,10,Ba-Be-Hf-Li,esopt_graph_risk,1,6,0
all30-final-made-81f7ae6412df7a9830ab16d2,10,Ba-Be-Hf-Li,esopt_graph_risk,1,7,0
all30-final-made-81f7ae6412df7a9830ab16d2,10,Ba-Be-Hf-Li,esopt_graph_risk,1,8,0
all30-final-made-81f7ae6412df7a9830ab16d2,10,Ba-Be-Hf-Li,esopt_graph_risk,1,9,0
all30-final-made-81f7ae6412df7a9830ab16d2,10,Ba-Be-Hf-Li,esopt_graph_risk,1,10,0
all30-final-made-6e37b7222567aa49a67d1d87,10,Ba-Nd-Ni-W,baseline,1,0,0
all30-final-made-6e37b7222567aa49a67d1d87,10,Ba-Nd-Ni-W,baseline,1,1,0
all30-final-made-6e37b7222567aa49a67d1d87,10,Ba-Nd-Ni-W,baseline,1,2,0
all30-final-made-6e37b7222567aa49a67d1d87,10,Ba-Nd-Ni-W,baseline,1,3,0
all30-final-made-6e37b7222567aa49a67d1d87,10,Ba-Nd-Ni-W,baseline,1,4,0
all30-final-made-6e37b7222567aa49a67d1d87,10,Ba-Nd-Ni-W,baseline,1,5,0
all30-final-made-6e37b7222567aa49a67d1d87,10,Ba-Nd-Ni-W,baseline,1,6,0
all30-final-made-6e37b7222567aa49a67d1d87,10,Ba-Nd-Ni-W,baseline,1,7,0
all30-final-made-6e37b7222567aa49a67d1d87,10,Ba-Nd-Ni-W,baseline,1,8,0
all30-final-made-6e37b7222567aa49a67d1d87,10,Ba-Nd-Ni-W,baseline,1,9,0
all30-final-made-6e37b7222567aa49a67d1d87,10,Ba-Nd-Ni-W,baseline,1,10,0
all30-final-made-3b6d75c2fa78012d74822eb9,10,Ba-Nd-Ni-W,esopt_graph_risk,1,0,0
all30-final-made-3b6d75c2fa78012d74822eb9,10,Ba-Nd-Ni-W,esopt_graph_risk,1,1,0
all30-final-made-3b6d75c2fa78012d74822eb9,10,Ba-Nd-Ni-W,esopt_graph_risk,1,2,0
all30-final-made-3b6d75c2fa78012d74822eb9,10,Ba-Nd-Ni-W,esopt_graph_risk,1,3,0
all30-final-made-3b6d75c2fa78012d74822eb9,10,Ba-Nd-Ni-W,esopt_graph_risk,1,4,0
all30-final-made-3b6d75c2fa78012d74822eb9,10,Ba-Nd-Ni-W,esopt_graph_risk,1,5,0
all30-final-made-3b6d75c2fa78012d74822eb9,10,Ba-Nd-Ni-W,esopt_graph_risk,1,6,0
all30-final-made-3b6d75c2fa78012d74822eb9,10,Ba-Nd-Ni-W,esopt_graph_risk,1,7,0
all30-final-made-3b6d75c2fa78012d74822eb9,10,Ba-Nd-Ni-W,esopt_graph_risk,1,8,0
all30-final-made-3b6d75c2fa78012d74822eb9,10,Ba-Nd-Ni-W,esopt_graph_risk,1,9,0
all30-final-made-3b6d75c2fa78012d74822eb9,10,Ba-Nd-Ni-W,esopt_graph_risk,1,10,0
all30-final-made-9577fc5b372192d5a57a0b66,10,Ca-Fe-Gd-Pb-Tb,baseline,1,0,0
all30-final-made-9577fc5b372192d5a57a0b66,10,Ca-Fe-Gd-Pb-Tb,baseline,1,1,0
all30-final-made-9577fc5b372192d5a57a0b66,10,Ca-Fe-Gd-Pb-Tb,baseline,1,2,0
all30-final-made-9577fc5b372192d5a57a0b66,10,Ca-Fe-Gd-Pb-Tb,baseline,1,3,0
all30-final-made-9577fc5b372192d5a57a0b66,10,Ca-Fe-Gd-Pb-Tb,baseline,1,4,0
all30-final-made-9577fc5b372192d5a57a0b66,10,Ca-Fe-Gd-Pb-Tb,baseline,1,5,0
all30-final-made-9577fc5b372192d5a57a0b66,10,Ca-Fe-Gd-Pb-Tb,baseline,1,6,1
all30-final-made-9577fc5b372192d5a57a0b66,10,Ca-Fe-Gd-Pb-Tb,baseline,1,7,1
all30-final-made-9577fc5b372192d5a57a0b66,10,Ca-Fe-Gd-Pb-Tb,baseline,1,8,1
all30-final-made-9577fc5b372192d5a57a0b66,10,Ca-Fe-Gd-Pb-Tb,baseline,1,9,1
all30-final-made-9577fc5b372192d5a57a0b66,10,Ca-Fe-Gd-Pb-Tb,baseline,1,10,1
all30-final-made-ca4d392d588e45b39931f2c9,10,Ca-Fe-Gd-Pb-Tb,esopt_graph_risk,1,0,0
all30-final-made-ca4d392d588e45b39931f2c9,10,Ca-Fe-Gd-Pb-Tb,esopt_graph_risk,1,1,0
all30-final-made-ca4d392d588e45b39931f2c9,10,Ca-Fe-Gd-Pb-Tb,esopt_graph_risk,1,2,0
all30-final-made-ca4d392d588e45b39931f2c9,10,Ca-Fe-Gd-Pb-Tb,esopt_graph_risk,1,3,0
all30-final-made-ca4d392d588e45b39931f2c9,10,Ca-Fe-Gd-Pb-Tb,esopt_graph_risk,1,4,0
all30-final-made-ca4d392d588e45b39931f2c9,10,Ca-Fe-Gd-Pb-Tb,esopt_graph_risk,1,5,0
all30-final-made-ca4d392d588e45b39931f2c9,10,Ca-Fe-Gd-Pb-Tb,esopt_graph_risk,1,6,0
all30-final-made-ca4d392d588e45b39931f2c9,10,Ca-Fe-Gd-Pb-Tb,esopt_graph_risk,1,7,1
all30-final-made-ca4d392d588e45b39931f2c9,10,Ca-Fe-Gd-Pb-Tb,esopt_graph_risk,1,8,1
all30-final-made-ca4d392d588e45b39931f2c9,10,Ca-Fe-Gd-Pb-Tb,esopt_graph_risk,1,9,2
all30-final-made-ca4d392d588e45b39931f2c9,10,Ca-Fe-Gd-Pb-Tb,esopt_graph_risk,1,10,2
all30-final-made-f97b9ead831963615e7b4a32,10,Ca-Pd-Sn-W,baseline,1,0,0
all30-final-made-f97b9ead831963615e7b4a32,10,Ca-Pd-Sn-W,baseline,1,1,0
all30-final-made-f97b9ead831963615e7b4a32,10,Ca-Pd-Sn-W,baseline,1,2,0
all30-final-made-f97b9ead831963615e7b4a32,10,Ca-Pd-Sn-W,baseline,1,3,0
all30-final-made-f97b9ead831963615e7b4a32,10,Ca-Pd-Sn-W,baseline,1,4,0
all30-final-made-f97b9ead831963615e7b4a32,10,Ca-Pd-Sn-W,baseline,1,5,0
all30-final-made-f97b9ead831963615e7b4a32,10,Ca-Pd-Sn-W,baseline,1,6,0
all30-final-made-f97b9ead831963615e7b4a32,10,Ca-Pd-Sn-W,baseline,1,7,0
all30-final-made-f97b9ead831963615e7b4a32,10,Ca-Pd-Sn-W,baseline,1,8,0
all30-final-made-f97b9ead831963615e7b4a32,10,Ca-Pd-Sn-W,baseline,1,9,0
all30-final-made-f97b9ead831963615e7b4a32,10,Ca-Pd-Sn-W,baseline,1,10,0
all30-final-made-47b3183a8bb689fcbb041a8f,10,Ca-Pd-Sn-W,esopt_graph_risk,1,0,0
all30-final-made-47b3183a8bb689fcbb041a8f,10,Ca-Pd-Sn-W,esopt_graph_risk,1,1,0
all30-final-made-47b3183a8bb689fcbb041a8f,10,Ca-Pd-Sn-W,esopt_graph_risk,1,2,0
all30-final-made-47b3183a8bb689fcbb041a8f,10,Ca-Pd-Sn-W,esopt_graph_risk,1,3,0
all30-final-made-47b3183a8bb689fcbb041a8f,10,Ca-Pd-Sn-W,esopt_graph_risk,1,4,0
all30-final-made-47b3183a8bb689fcbb041a8f,10,Ca-Pd-Sn-W,esopt_graph_risk,1,5,0
all30-final-made-47b3183a8bb689fcbb041a8f,10,Ca-Pd-Sn-W,esopt_graph_risk,1,6,0
all30-final-made-47b3183a8bb689fcbb041a8f,10,Ca-Pd-Sn-W,esopt_graph_risk,1,7,0
all30-final-made-47b3183a8bb689fcbb041a8f,10,Ca-Pd-Sn-W,esopt_graph_risk,1,8,0
all30-final-made-47b3183a8bb689fcbb041a8f,10,Ca-Pd-Sn-W,esopt_graph_risk,1,9,0
all30-final-made-47b3183a8bb689fcbb041a8f,10,Ca-Pd-Sn-W,esopt_graph_risk,1,10,0
all30-final-made-4f2170f84bd98c346e4d478e,10,Cd-Gd-Mn-Na-Ta,baseline,1,0,0
all30-final-made-4f2170f84bd98c346e4d478e,10,Cd-Gd-Mn-Na-Ta,baseline,1,1,0
all30-final-made-4f2170f84bd98c346e4d478e,10,Cd-Gd-Mn-Na-Ta,baseline,1,2,0
all30-final-made-4f2170f84bd98c346e4d478e,10,Cd-Gd-Mn-Na-Ta,baseline,1,3,0
all30-final-made-4f2170f84bd98c346e4d478e,10,Cd-Gd-Mn-Na-Ta,baseline,1,4,0
all30-final-made-4f2170f84bd98c346e4d478e,10,Cd-Gd-Mn-Na-Ta,baseline,1,5,0
all30-final-made-4f2170f84bd98c346e4d478e,10,Cd-Gd-Mn-Na-Ta,baseline,1,6,0
all30-final-made-4f2170f84bd98c346e4d478e,10,Cd-Gd-Mn-Na-Ta,baseline,1,7,0
all30-final-made-4f2170f84bd98c346e4d478e,10,Cd-Gd-Mn-Na-Ta,baseline,1,8,0
all30-final-made-4f2170f84bd98c346e4d478e,10,Cd-Gd-Mn-Na-Ta,baseline,1,9,0
all30-final-made-4f2170f84bd98c346e4d478e,10,Cd-Gd-Mn-Na-Ta,baseline,1,10,0
all30-final-made-77e8aed9df72d16d470b6252,10,Cd-Gd-Mn-Na-Ta,esopt_graph_risk,1,0,0
all30-final-made-77e8aed9df72d16d470b6252,10,Cd-Gd-Mn-Na-Ta,esopt_graph_risk,1,1,0
all30-final-made-77e8aed9df72d16d470b6252,10,Cd-Gd-Mn-Na-Ta,esopt_graph_risk,1,2,0
all30-final-made-77e8aed9df72d16d470b6252,10,Cd-Gd-Mn-Na-Ta,esopt_graph_risk,1,3,0
all30-final-made-77e8aed9df72d16d470b6252,10,Cd-Gd-Mn-Na-Ta,esopt_graph_risk,1,4,0
all30-final-made-77e8aed9df72d16d470b6252,10,Cd-Gd-Mn-Na-Ta,esopt_graph_risk,1,5,0
all30-final-made-77e8aed9df72d16d470b6252,10,Cd-Gd-Mn-Na-Ta,esopt_graph_risk,1,6,0
all30-final-made-77e8aed9df72d16d470b6252,10,Cd-Gd-Mn-Na-Ta,esopt_graph_risk,1,7,0
all30-final-made-77e8aed9df72d16d470b6252,10,Cd-Gd-Mn-Na-Ta,esopt_graph_risk,1,8,0
all30-final-made-77e8aed9df72d16d470b6252,10,Cd-Gd-Mn-Na-Ta,esopt_graph_risk,1,9,0
all30-final-made-77e8aed9df72d16d470b6252,10,Cd-Gd-Mn-Na-Ta,esopt_graph_risk,1,10,0
all30-final-made-b9fe5a319d6c88bb44e6d609,10,Cd-Li-Nd-Ti-W,baseline,1,0,0
all30-final-made-b9fe5a319d6c88bb44e6d609,10,Cd-Li-Nd-Ti-W,baseline,1,1,0
all30-final-made-b9fe5a319d6c88bb44e6d609,10,Cd-Li-Nd-Ti-W,baseline,1,2,0
all30-final-made-b9fe5a319d6c88bb44e6d609,10,Cd-Li-Nd-Ti-W,baseline,1,3,0
all30-final-made-b9fe5a319d6c88bb44e6d609,10,Cd-Li-Nd-Ti-W,baseline,1,4,0
all30-final-made-b9fe5a319d6c88bb44e6d609,10,Cd-Li-Nd-Ti-W,baseline,1,5,0
all30-final-made-b9fe5a319d6c88bb44e6d609,10,Cd-Li-Nd-Ti-W,baseline,1,6,0
all30-final-made-b9fe5a319d6c88bb44e6d609,10,Cd-Li-Nd-Ti-W,baseline,1,7,0
all30-final-made-b9fe5a319d6c88bb44e6d609,10,Cd-Li-Nd-Ti-W,baseline,1,8,0
all30-final-made-b9fe5a319d6c88bb44e6d609,10,Cd-Li-Nd-Ti-W,baseline,1,9,0
all30-final-made-b9fe5a319d6c88bb44e6d609,10,Cd-Li-Nd-Ti-W,baseline,1,10,0
all30-final-made-844717030b1249db9cea8c19,10,Cd-Li-Nd-Ti-W,esopt_graph_risk,1,0,0
all30-final-made-844717030b1249db9cea8c19,10,Cd-Li-Nd-Ti-W,esopt_graph_risk,1,1,1
all30-final-made-844717030b1249db9cea8c19,10,Cd-Li-Nd-Ti-W,esopt_graph_risk,1,2,1
all30-final-made-844717030b1249db9cea8c19,10,Cd-Li-Nd-Ti-W,esopt_graph_risk,1,3,2
all30-final-made-844717030b1249db9cea8c19,10,Cd-Li-Nd-Ti-W,esopt_graph_risk,1,4,3
all30-final-made-844717030b1249db9cea8c19,10,Cd-Li-Nd-Ti-W,esopt_graph_risk,1,5,3
all30-final-made-844717030b1249db9cea8c19,10,Cd-Li-Nd-Ti-W,esopt_graph_risk,1,6,4
all30-final-made-844717030b1249db9cea8c19,10,Cd-Li-Nd-Ti-W,esopt_graph_risk,1,7,5
all30-final-made-844717030b1249db9cea8c19,10,Cd-Li-Nd-Ti-W,esopt_graph_risk,1,8,5
all30-final-made-844717030b1249db9cea8c19,10,Cd-Li-Nd-Ti-W,esopt_graph_risk,1,9,6
all30-final-made-844717030b1249db9cea8c19,10,Cd-Li-Nd-Ti-W,esopt_graph_risk,1,10,7
all30-final-made-b0b5169d793729c1ce52868e,10,Ce-Er-Pb-Rh,baseline,1,0,0
all30-final-made-b0b5169d793729c1ce52868e,10,Ce-Er-Pb-Rh,baseline,1,1,1
all30-final-made-b0b5169d793729c1ce52868e,10,Ce-Er-Pb-Rh,baseline,1,2,1
all30-final-made-b0b5169d793729c1ce52868e,10,Ce-Er-Pb-Rh,baseline,1,3,1
all30-final-made-b0b5169d793729c1ce52868e,10,Ce-Er-Pb-Rh,baseline,1,4,1
all30-final-made-b0b5169d793729c1ce52868e,10,Ce-Er-Pb-Rh,baseline,1,5,1
all30-final-made-b0b5169d793729c1ce52868e,10,Ce-Er-Pb-Rh,baseline,1,6,1
all30-final-made-b0b5169d793729c1ce52868e,10,Ce-Er-Pb-Rh,baseline,1,7,1
all30-final-made-b0b5169d793729c1ce52868e,10,Ce-Er-Pb-Rh,baseline,1,8,1
all30-final-made-b0b5169d793729c1ce52868e,10,Ce-Er-Pb-Rh,baseline,1,9,1
all30-final-made-b0b5169d793729c1ce52868e,10,Ce-Er-Pb-Rh,baseline,1,10,1
all30-final-made-ad9a8021ac5bcfa3cbf9354b,10,Ce-Er-Pb-Rh,esopt_graph_risk,1,0,0
all30-final-made-ad9a8021ac5bcfa3cbf9354b,10,Ce-Er-Pb-Rh,esopt_graph_risk,1,1,1
all30-final-made-ad9a8021ac5bcfa3cbf9354b,10,Ce-Er-Pb-Rh,esopt_graph_risk,1,2,1
all30-final-made-ad9a8021ac5bcfa3cbf9354b,10,Ce-Er-Pb-Rh,esopt_graph_risk,1,3,2
all30-final-made-ad9a8021ac5bcfa3cbf9354b,10,Ce-Er-Pb-Rh,esopt_graph_risk,1,4,3
all30-final-made-ad9a8021ac5bcfa3cbf9354b,10,Ce-Er-Pb-Rh,esopt_graph_risk,1,5,4
all30-final-made-ad9a8021ac5bcfa3cbf9354b,10,Ce-Er-Pb-Rh,esopt_graph_risk,1,6,4
all30-final-made-ad9a8021ac5bcfa3cbf9354b,10,Ce-Er-Pb-Rh,esopt_graph_risk,1,7,4
all30-final-made-ad9a8021ac5bcfa3cbf9354b,10,Ce-Er-Pb-Rh,esopt_graph_risk,1,8,4
all30-final-made-ad9a8021ac5bcfa3cbf9354b,10,Ce-Er-Pb-Rh,esopt_graph_risk,1,9,4
all30-final-made-ad9a8021ac5bcfa3cbf9354b,10,Ce-Er-Pb-Rh,esopt_graph_risk,1,10,4
all30-final-made-b02d850a98d7df9b443caae7,10,Ce-Ir-Pt-Sn,baseline,1,0,0
all30-final-made-b02d850a98d7df9b443caae7,10,Ce-Ir-Pt-Sn,baseline,1,1,0
all30-final-made-b02d850a98d7df9b443caae7,10,Ce-Ir-Pt-Sn,baseline,1,2,1
all30-final-made-b02d850a98d7df9b443caae7,10,Ce-Ir-Pt-Sn,baseline,1,3,2
all30-final-made-b02d850a98d7df9b443caae7,10,Ce-Ir-Pt-Sn,baseline,1,4,2
all30-final-made-b02d850a98d7df9b443caae7,10,Ce-Ir-Pt-Sn,baseline,1,5,2
all30-final-made-b02d850a98d7df9b443caae7,10,Ce-Ir-Pt-Sn,baseline,1,6,2
all30-final-made-b02d850a98d7df9b443caae7,10,Ce-Ir-Pt-Sn,baseline,1,7,2
all30-final-made-b02d850a98d7df9b443caae7,10,Ce-Ir-Pt-Sn,baseline,1,8,2
all30-final-made-b02d850a98d7df9b443caae7,10,Ce-Ir-Pt-Sn,baseline,1,9,2
all30-final-made-b02d850a98d7df9b443caae7,10,Ce-Ir-Pt-Sn,baseline,1,10,3
all30-final-made-9d0aa6b7ec047537b2499ee9,10,Ce-Ir-Pt-Sn,esopt_graph_risk,1,0,0
all30-final-made-9d0aa6b7ec047537b2499ee9,10,Ce-Ir-Pt-Sn,esopt_graph_risk,1,1,0
all30-final-made-9d0aa6b7ec047537b2499ee9,10,Ce-Ir-Pt-Sn,esopt_graph_risk,1,2,0
all30-final-made-9d0aa6b7ec047537b2499ee9,10,Ce-Ir-Pt-Sn,esopt_graph_risk,1,3,0
all30-final-made-9d0aa6b7ec047537b2499ee9,10,Ce-Ir-Pt-Sn,esopt_graph_risk,1,4,0
all30-final-made-9d0aa6b7ec047537b2499ee9,10,Ce-Ir-Pt-Sn,esopt_graph_risk,1,5,0
all30-final-made-9d0aa6b7ec047537b2499ee9,10,Ce-Ir-Pt-Sn,esopt_graph_risk,1,6,0
all30-final-made-9d0aa6b7ec047537b2499ee9,10,Ce-Ir-Pt-Sn,esopt_graph_risk,1,7,0
all30-final-made-9d0aa6b7ec047537b2499ee9,10,Ce-Ir-Pt-Sn,esopt_graph_risk,1,8,0
all30-final-made-9d0aa6b7ec047537b2499ee9,10,Ce-Ir-Pt-Sn,esopt_graph_risk,1,9,0
all30-final-made-9d0aa6b7ec047537b2499ee9,10,Ce-Ir-Pt-Sn,esopt_graph_risk,1,10,0
all30-final-made-8f2f1a7d5d9c8003b8c178a8,10,Co-Dy-Ta-Y,baseline,1,0,0
all30-final-made-8f2f1a7d5d9c8003b8c178a8,10,Co-Dy-Ta-Y,baseline,1,1,0
all30-final-made-8f2f1a7d5d9c8003b8c178a8,10,Co-Dy-Ta-Y,baseline,1,2,0
all30-final-made-8f2f1a7d5d9c8003b8c178a8,10,Co-Dy-Ta-Y,baseline,1,3,0
all30-final-made-8f2f1a7d5d9c8003b8c178a8,10,Co-Dy-Ta-Y,baseline,1,4,0
all30-final-made-8f2f1a7d5d9c8003b8c178a8,10,Co-Dy-Ta-Y,baseline,1,5,0
all30-final-made-8f2f1a7d5d9c8003b8c178a8,10,Co-Dy-Ta-Y,baseline,1,6,1
all30-final-made-8f2f1a7d5d9c8003b8c178a8,10,Co-Dy-Ta-Y,baseline,1,7,1
all30-final-made-8f2f1a7d5d9c8003b8c178a8,10,Co-Dy-Ta-Y,baseline,1,8,1
all30-final-made-8f2f1a7d5d9c8003b8c178a8,10,Co-Dy-Ta-Y,baseline,1,9,1
all30-final-made-8f2f1a7d5d9c8003b8c178a8,10,Co-Dy-Ta-Y,baseline,1,10,1
all30-final-made-9bfd0c2924e1c0658de0c66d,10,Co-Dy-Ta-Y,esopt_graph_risk,1,0,0
all30-final-made-9bfd0c2924e1c0658de0c66d,10,Co-Dy-Ta-Y,esopt_graph_risk,1,1,0
all30-final-made-9bfd0c2924e1c0658de0c66d,10,Co-Dy-Ta-Y,esopt_graph_risk,1,2,0
all30-final-made-9bfd0c2924e1c0658de0c66d,10,Co-Dy-Ta-Y,esopt_graph_risk,1,3,0
all30-final-made-9bfd0c2924e1c0658de0c66d,10,Co-Dy-Ta-Y,esopt_graph_risk,1,4,0
all30-final-made-9bfd0c2924e1c0658de0c66d,10,Co-Dy-Ta-Y,esopt_graph_risk,1,5,0
all30-final-made-9bfd0c2924e1c0658de0c66d,10,Co-Dy-Ta-Y,esopt_graph_risk,1,6,0
all30-final-made-9bfd0c2924e1c0658de0c66d,10,Co-Dy-Ta-Y,esopt_graph_risk,1,7,0
all30-final-made-9bfd0c2924e1c0658de0c66d,10,Co-Dy-Ta-Y,esopt_graph_risk,1,8,0
all30-final-made-9bfd0c2924e1c0658de0c66d,10,Co-Dy-Ta-Y,esopt_graph_risk,1,9,0
all30-final-made-9bfd0c2924e1c0658de0c66d,10,Co-Dy-Ta-Y,esopt_graph_risk,1,10,0
extension-final-made-f909f98ebec6c4dab4535b82,10,Co-Dy-W,baseline,1,0,0
extension-final-made-f909f98ebec6c4dab4535b82,10,Co-Dy-W,baseline,1,1,0
extension-final-made-f909f98ebec6c4dab4535b82,10,Co-Dy-W,baseline,1,2,0
extension-final-made-f909f98ebec6c4dab4535b82,10,Co-Dy-W,baseline,1,3,0
extension-final-made-f909f98ebec6c4dab4535b82,10,Co-Dy-W,baseline,1,4,0
extension-final-made-f909f98ebec6c4dab4535b82,10,Co-Dy-W,baseline,1,5,0
extension-final-made-f909f98ebec6c4dab4535b82,10,Co-Dy-W,baseline,1,6,0
extension-final-made-f909f98ebec6c4dab4535b82,10,Co-Dy-W,baseline,1,7,0
extension-final-made-f909f98ebec6c4dab4535b82,10,Co-Dy-W,baseline,1,8,0
extension-final-made-f909f98ebec6c4dab4535b82,10,Co-Dy-W,baseline,1,9,0
extension-final-made-f909f98ebec6c4dab4535b82,10,Co-Dy-W,baseline,1,10,0
extension-final-made-ee71cc7e8c4f6d365c622b99,10,Co-Dy-W,esopt_graph_risk,1,0,0
extension-final-made-ee71cc7e8c4f6d365c622b99,10,Co-Dy-W,esopt_graph_risk,1,1,0
extension-final-made-ee71cc7e8c4f6d365c622b99,10,Co-Dy-W,esopt_graph_risk,1,2,0
extension-final-made-ee71cc7e8c4f6d365c622b99,10,Co-Dy-W,esopt_graph_risk,1,3,0
extension-final-made-ee71cc7e8c4f6d365c622b99,10,Co-Dy-W,esopt_graph_risk,1,4,0
extension-final-made-ee71cc7e8c4f6d365c622b99,10,Co-Dy-W,esopt_graph_risk,1,5,0
extension-final-made-ee71cc7e8c4f6d365c622b99,10,Co-Dy-W,esopt_graph_risk,1,6,0
extension-final-made-ee71cc7e8c4f6d365c622b99,10,Co-Dy-W,esopt_graph_risk,1,7,0
extension-final-made-ee71cc7e8c4f6d365c622b99,10,Co-Dy-W,esopt_graph_risk,1,8,0
extension-final-made-ee71cc7e8c4f6d365c622b99,10,Co-Dy-W,esopt_graph_risk,1,9,0
extension-final-made-ee71cc7e8c4f6d365c622b99,10,Co-Dy-W,esopt_graph_risk,1,10,0
all30-final-made-cb6bf8e9beffc5bb74ce0332,10,Co-Hf-In-Ru-Tm,baseline,1,0,0
all30-final-made-cb6bf8e9beffc5bb74ce0332,10,Co-Hf-In-Ru-Tm,baseline,1,1,0
all30-final-made-cb6bf8e9beffc5bb74ce0332,10,Co-Hf-In-Ru-Tm,baseline,1,2,0
all30-final-made-cb6bf8e9beffc5bb74ce0332,10,Co-Hf-In-Ru-Tm,baseline,1,3,0
all30-final-made-cb6bf8e9beffc5bb74ce0332,10,Co-Hf-In-Ru-Tm,baseline,1,4,0
all30-final-made-cb6bf8e9beffc5bb74ce0332,10,Co-Hf-In-Ru-Tm,baseline,1,5,0
all30-final-made-cb6bf8e9beffc5bb74ce0332,10,Co-Hf-In-Ru-Tm,baseline,1,6,0
all30-final-made-cb6bf8e9beffc5bb74ce0332,10,Co-Hf-In-Ru-Tm,baseline,1,7,0
all30-final-made-cb6bf8e9beffc5bb74ce0332,10,Co-Hf-In-Ru-Tm,baseline,1,8,0
all30-final-made-cb6bf8e9beffc5bb74ce0332,10,Co-Hf-In-Ru-Tm,baseline,1,9,0
all30-final-made-cb6bf8e9beffc5bb74ce0332,10,Co-Hf-In-Ru-Tm,baseline,1,10,0
all30-final-made-d9145d771ec6fc6924d7a738,10,Co-Hg-Mg-Sr-W,baseline,1,0,0
all30-final-made-d9145d771ec6fc6924d7a738,10,Co-Hg-Mg-Sr-W,baseline,1,1,0
all30-final-made-d9145d771ec6fc6924d7a738,10,Co-Hg-Mg-Sr-W,baseline,1,2,0
all30-final-made-d9145d771ec6fc6924d7a738,10,Co-Hg-Mg-Sr-W,baseline,1,3,0
all30-final-made-d9145d771ec6fc6924d7a738,10,Co-Hg-Mg-Sr-W,baseline,1,4,0
all30-final-made-d9145d771ec6fc6924d7a738,10,Co-Hg-Mg-Sr-W,baseline,1,5,0
all30-final-made-d9145d771ec6fc6924d7a738,10,Co-Hg-Mg-Sr-W,baseline,1,6,0
all30-final-made-d9145d771ec6fc6924d7a738,10,Co-Hg-Mg-Sr-W,baseline,1,7,0
all30-final-made-d9145d771ec6fc6924d7a738,10,Co-Hg-Mg-Sr-W,baseline,1,8,0
all30-final-made-d9145d771ec6fc6924d7a738,10,Co-Hg-Mg-Sr-W,baseline,1,9,0
all30-final-made-d9145d771ec6fc6924d7a738,10,Co-Hg-Mg-Sr-W,baseline,1,10,0
all30-final-made-32f7c3901d238e4cf22c39b3,10,Co-Hg-Mg-Sr-W,esopt_graph_risk,1,0,0
all30-final-made-32f7c3901d238e4cf22c39b3,10,Co-Hg-Mg-Sr-W,esopt_graph_risk,1,1,0
all30-final-made-32f7c3901d238e4cf22c39b3,10,Co-Hg-Mg-Sr-W,esopt_graph_risk,1,2,0
all30-final-made-32f7c3901d238e4cf22c39b3,10,Co-Hg-Mg-Sr-W,esopt_graph_risk,1,3,0
all30-final-made-32f7c3901d238e4cf22c39b3,10,Co-Hg-Mg-Sr-W,esopt_graph_risk,1,4,0
all30-final-made-32f7c3901d238e4cf22c39b3,10,Co-Hg-Mg-Sr-W,esopt_graph_risk,1,5,0
all30-final-made-32f7c3901d238e4cf22c39b3,10,Co-Hg-Mg-Sr-W,esopt_graph_risk,1,6,0
all30-final-made-32f7c3901d238e4cf22c39b3,10,Co-Hg-Mg-Sr-W,esopt_graph_risk,1,7,0
all30-final-made-32f7c3901d238e4cf22c39b3,10,Co-Hg-Mg-Sr-W,esopt_graph_risk,1,8,0
all30-final-made-32f7c3901d238e4cf22c39b3,10,Co-Hg-Mg-Sr-W,esopt_graph_risk,1,9,0
all30-final-made-32f7c3901d238e4cf22c39b3,10,Co-Hg-Mg-Sr-W,esopt_graph_risk,1,10,0
extension-final-made-6984f2ad558abdeabef13188,10,Co-Mg-Na,baseline,1,0,0
extension-final-made-6984f2ad558abdeabef13188,10,Co-Mg-Na,baseline,1,1,0
extension-final-made-6984f2ad558abdeabef13188,10,Co-Mg-Na,baseline,1,2,0
extension-final-made-6984f2ad558abdeabef13188,10,Co-Mg-Na,baseline,1,3,0
extension-final-made-6984f2ad558abdeabef13188,10,Co-Mg-Na,baseline,1,4,0
extension-final-made-6984f2ad558abdeabef13188,10,Co-Mg-Na,baseline,1,5,0
extension-final-made-6984f2ad558abdeabef13188,10,Co-Mg-Na,baseline,1,6,0
extension-final-made-6984f2ad558abdeabef13188,10,Co-Mg-Na,baseline,1,7,0
extension-final-made-6984f2ad558abdeabef13188,10,Co-Mg-Na,baseline,1,8,0
extension-final-made-6984f2ad558abdeabef13188,10,Co-Mg-Na,baseline,1,9,0
extension-final-made-6984f2ad558abdeabef13188,10,Co-Mg-Na,baseline,1,10,0
extension-final-made-1c68af5110c5af1dffea6c7d,10,Co-Mg-Na,esopt_graph_risk,1,0,0
extension-final-made-1c68af5110c5af1dffea6c7d,10,Co-Mg-Na,esopt_graph_risk,1,1,0
extension-final-made-1c68af5110c5af1dffea6c7d,10,Co-Mg-Na,esopt_graph_risk,1,2,0
extension-final-made-1c68af5110c5af1dffea6c7d,10,Co-Mg-Na,esopt_graph_risk,1,3,0
extension-final-made-1c68af5110c5af1dffea6c7d,10,Co-Mg-Na,esopt_graph_risk,1,4,0
extension-final-made-1c68af5110c5af1dffea6c7d,10,Co-Mg-Na,esopt_graph_risk,1,5,0
extension-final-made-1c68af5110c5af1dffea6c7d,10,Co-Mg-Na,esopt_graph_risk,1,6,0
extension-final-made-1c68af5110c5af1dffea6c7d,10,Co-Mg-Na,esopt_graph_risk,1,7,0
extension-final-made-1c68af5110c5af1dffea6c7d,10,Co-Mg-Na,esopt_graph_risk,1,8,0
extension-final-made-1c68af5110c5af1dffea6c7d,10,Co-Mg-Na,esopt_graph_risk,1,9,0
extension-final-made-1c68af5110c5af1dffea6c7d,10,Co-Mg-Na,esopt_graph_risk,1,10,0
all30-final-made-7d6cba0dbc20d964713362bb,10,Co-Pd-Tl,baseline,1,0,0
all30-final-made-7d6cba0dbc20d964713362bb,10,Co-Pd-Tl,baseline,1,1,0
all30-final-made-7d6cba0dbc20d964713362bb,10,Co-Pd-Tl,baseline,1,2,0
all30-final-made-7d6cba0dbc20d964713362bb,10,Co-Pd-Tl,baseline,1,3,0
all30-final-made-7d6cba0dbc20d964713362bb,10,Co-Pd-Tl,baseline,1,4,0
all30-final-made-7d6cba0dbc20d964713362bb,10,Co-Pd-Tl,baseline,1,5,0
all30-final-made-7d6cba0dbc20d964713362bb,10,Co-Pd-Tl,baseline,1,6,0
all30-final-made-7d6cba0dbc20d964713362bb,10,Co-Pd-Tl,baseline,1,7,0
all30-final-made-7d6cba0dbc20d964713362bb,10,Co-Pd-Tl,baseline,1,8,0
all30-final-made-7d6cba0dbc20d964713362bb,10,Co-Pd-Tl,baseline,1,9,0
all30-final-made-7d6cba0dbc20d964713362bb,10,Co-Pd-Tl,baseline,1,10,0
all30-final-made-45444501a86d93fedab34138,10,Co-Pd-Tl,esopt_graph_risk,1,0,0
all30-final-made-45444501a86d93fedab34138,10,Co-Pd-Tl,esopt_graph_risk,1,1,0
all30-final-made-45444501a86d93fedab34138,10,Co-Pd-Tl,esopt_graph_risk,1,2,0
all30-final-made-45444501a86d93fedab34138,10,Co-Pd-Tl,esopt_graph_risk,1,3,0
all30-final-made-45444501a86d93fedab34138,10,Co-Pd-Tl,esopt_graph_risk,1,4,0
all30-final-made-45444501a86d93fedab34138,10,Co-Pd-Tl,esopt_graph_risk,1,5,0
all30-final-made-45444501a86d93fedab34138,10,Co-Pd-Tl,esopt_graph_risk,1,6,0
all30-final-made-45444501a86d93fedab34138,10,Co-Pd-Tl,esopt_graph_risk,1,7,0
all30-final-made-45444501a86d93fedab34138,10,Co-Pd-Tl,esopt_graph_risk,1,8,0
all30-final-made-45444501a86d93fedab34138,10,Co-Pd-Tl,esopt_graph_risk,1,9,0
all30-final-made-45444501a86d93fedab34138,10,Co-Pd-Tl,esopt_graph_risk,1,10,0
all30-final-made-fc32992f7efefd416e04c208,10,Cr-Fe-Lu-Pt-Sc,baseline,1,0,0
all30-final-made-fc32992f7efefd416e04c208,10,Cr-Fe-Lu-Pt-Sc,baseline,1,1,0
all30-final-made-fc32992f7efefd416e04c208,10,Cr-Fe-Lu-Pt-Sc,baseline,1,2,0
all30-final-made-fc32992f7efefd416e04c208,10,Cr-Fe-Lu-Pt-Sc,baseline,1,3,0
all30-final-made-fc32992f7efefd416e04c208,10,Cr-Fe-Lu-Pt-Sc,baseline,1,4,0
all30-final-made-fc32992f7efefd416e04c208,10,Cr-Fe-Lu-Pt-Sc,baseline,1,5,0
all30-final-made-fc32992f7efefd416e04c208,10,Cr-Fe-Lu-Pt-Sc,baseline,1,6,0
all30-final-made-fc32992f7efefd416e04c208,10,Cr-Fe-Lu-Pt-Sc,baseline,1,7,0
all30-final-made-fc32992f7efefd416e04c208,10,Cr-Fe-Lu-Pt-Sc,baseline,1,8,0
all30-final-made-fc32992f7efefd416e04c208,10,Cr-Fe-Lu-Pt-Sc,baseline,1,9,0
all30-final-made-fc32992f7efefd416e04c208,10,Cr-Fe-Lu-Pt-Sc,baseline,1,10,0
all30-final-made-2f9df183906d1a04875a9fe2,10,Cr-Fe-Lu-Pt-Sc,esopt_graph_risk,1,0,0
all30-final-made-2f9df183906d1a04875a9fe2,10,Cr-Fe-Lu-Pt-Sc,esopt_graph_risk,1,1,0
all30-final-made-2f9df183906d1a04875a9fe2,10,Cr-Fe-Lu-Pt-Sc,esopt_graph_risk,1,2,0
all30-final-made-2f9df183906d1a04875a9fe2,10,Cr-Fe-Lu-Pt-Sc,esopt_graph_risk,1,3,0
all30-final-made-2f9df183906d1a04875a9fe2,10,Cr-Fe-Lu-Pt-Sc,esopt_graph_risk,1,4,0
all30-final-made-2f9df183906d1a04875a9fe2,10,Cr-Fe-Lu-Pt-Sc,esopt_graph_risk,1,5,0
all30-final-made-2f9df183906d1a04875a9fe2,10,Cr-Fe-Lu-Pt-Sc,esopt_graph_risk,1,6,0
all30-final-made-2f9df183906d1a04875a9fe2,10,Cr-Fe-Lu-Pt-Sc,esopt_graph_risk,1,7,0
all30-final-made-2f9df183906d1a04875a9fe2,10,Cr-Fe-Lu-Pt-Sc,esopt_graph_risk,1,8,0
all30-final-made-2f9df183906d1a04875a9fe2,10,Cr-Fe-Lu-Pt-Sc,esopt_graph_risk,1,9,0
all30-final-made-2f9df183906d1a04875a9fe2,10,Cr-Fe-Lu-Pt-Sc,esopt_graph_risk,1,10,0
all30-final-made-1500a7c5b01112deaf43bfe9,10,Dy-K-Pd-Sm,baseline,1,0,0
all30-final-made-1500a7c5b01112deaf43bfe9,10,Dy-K-Pd-Sm,baseline,1,1,0
all30-final-made-1500a7c5b01112deaf43bfe9,10,Dy-K-Pd-Sm,baseline,1,2,0
all30-final-made-1500a7c5b01112deaf43bfe9,10,Dy-K-Pd-Sm,baseline,1,3,0
all30-final-made-1500a7c5b01112deaf43bfe9,10,Dy-K-Pd-Sm,baseline,1,4,0
all30-final-made-1500a7c5b01112deaf43bfe9,10,Dy-K-Pd-Sm,baseline,1,5,0
all30-final-made-1500a7c5b01112deaf43bfe9,10,Dy-K-Pd-Sm,baseline,1,6,0
all30-final-made-1500a7c5b01112deaf43bfe9,10,Dy-K-Pd-Sm,baseline,1,7,0
all30-final-made-1500a7c5b01112deaf43bfe9,10,Dy-K-Pd-Sm,baseline,1,8,0
all30-final-made-1500a7c5b01112deaf43bfe9,10,Dy-K-Pd-Sm,baseline,1,9,0
all30-final-made-1500a7c5b01112deaf43bfe9,10,Dy-K-Pd-Sm,baseline,1,10,0
all30-final-made-097dbe77e9aa0571f74bbc31,10,Eu-Nb-Sn-Tl,baseline,1,0,0
all30-final-made-097dbe77e9aa0571f74bbc31,10,Eu-Nb-Sn-Tl,baseline,1,1,0
all30-final-made-097dbe77e9aa0571f74bbc31,10,Eu-Nb-Sn-Tl,baseline,1,2,0
all30-final-made-097dbe77e9aa0571f74bbc31,10,Eu-Nb-Sn-Tl,baseline,1,3,0
all30-final-made-097dbe77e9aa0571f74bbc31,10,Eu-Nb-Sn-Tl,baseline,1,4,0
all30-final-made-097dbe77e9aa0571f74bbc31,10,Eu-Nb-Sn-Tl,baseline,1,5,0
all30-final-made-097dbe77e9aa0571f74bbc31,10,Eu-Nb-Sn-Tl,baseline,1,6,0
all30-final-made-097dbe77e9aa0571f74bbc31,10,Eu-Nb-Sn-Tl,baseline,1,7,0
all30-final-made-097dbe77e9aa0571f74bbc31,10,Eu-Nb-Sn-Tl,baseline,1,8,0
all30-final-made-097dbe77e9aa0571f74bbc31,10,Eu-Nb-Sn-Tl,baseline,1,9,0
all30-final-made-097dbe77e9aa0571f74bbc31,10,Eu-Nb-Sn-Tl,baseline,1,10,0
all30-final-made-f5c545c2fcf285a7aedc552f,10,Eu-Nb-Sn-Tl,esopt_graph_risk,1,0,0
all30-final-made-f5c545c2fcf285a7aedc552f,10,Eu-Nb-Sn-Tl,esopt_graph_risk,1,1,0
all30-final-made-f5c545c2fcf285a7aedc552f,10,Eu-Nb-Sn-Tl,esopt_graph_risk,1,2,0
all30-final-made-f5c545c2fcf285a7aedc552f,10,Eu-Nb-Sn-Tl,esopt_graph_risk,1,3,0
all30-final-made-f5c545c2fcf285a7aedc552f,10,Eu-Nb-Sn-Tl,esopt_graph_risk,1,4,0
all30-final-made-f5c545c2fcf285a7aedc552f,10,Eu-Nb-Sn-Tl,esopt_graph_risk,1,5,0
all30-final-made-f5c545c2fcf285a7aedc552f,10,Eu-Nb-Sn-Tl,esopt_graph_risk,1,6,0
all30-final-made-f5c545c2fcf285a7aedc552f,10,Eu-Nb-Sn-Tl,esopt_graph_risk,1,7,0
all30-final-made-f5c545c2fcf285a7aedc552f,10,Eu-Nb-Sn-Tl,esopt_graph_risk,1,8,0
all30-final-made-f5c545c2fcf285a7aedc552f,10,Eu-Nb-Sn-Tl,esopt_graph_risk,1,9,0
all30-final-made-f5c545c2fcf285a7aedc552f,10,Eu-Nb-Sn-Tl,esopt_graph_risk,1,10,0
all30-final-made-8edd5f6703feaba4b1671ead,10,Ga-Ho-Lu,baseline,1,0,0
all30-final-made-8edd5f6703feaba4b1671ead,10,Ga-Ho-Lu,baseline,1,1,0
all30-final-made-8edd5f6703feaba4b1671ead,10,Ga-Ho-Lu,baseline,1,2,1
all30-final-made-8edd5f6703feaba4b1671ead,10,Ga-Ho-Lu,baseline,1,3,1
all30-final-made-8edd5f6703feaba4b1671ead,10,Ga-Ho-Lu,baseline,1,4,2
all30-final-made-8edd5f6703feaba4b1671ead,10,Ga-Ho-Lu,baseline,1,5,3
all30-final-made-8edd5f6703feaba4b1671ead,10,Ga-Ho-Lu,baseline,1,6,3
all30-final-made-8edd5f6703feaba4b1671ead,10,Ga-Ho-Lu,baseline,1,7,4
all30-final-made-8edd5f6703feaba4b1671ead,10,Ga-Ho-Lu,baseline,1,8,4
all30-final-made-8edd5f6703feaba4b1671ead,10,Ga-Ho-Lu,baseline,1,9,4
all30-final-made-8edd5f6703feaba4b1671ead,10,Ga-Ho-Lu,baseline,1,10,5
all30-final-made-22cfaf1606682d9c38bc278d,10,Ga-Pt-Tm,baseline,1,0,0
all30-final-made-22cfaf1606682d9c38bc278d,10,Ga-Pt-Tm,baseline,1,1,1
all30-final-made-22cfaf1606682d9c38bc278d,10,Ga-Pt-Tm,baseline,1,2,1
all30-final-made-22cfaf1606682d9c38bc278d,10,Ga-Pt-Tm,baseline,1,3,1
all30-final-made-22cfaf1606682d9c38bc278d,10,Ga-Pt-Tm,baseline,1,4,1
all30-final-made-22cfaf1606682d9c38bc278d,10,Ga-Pt-Tm,baseline,1,5,2
all30-final-made-22cfaf1606682d9c38bc278d,10,Ga-Pt-Tm,baseline,1,6,3
all30-final-made-22cfaf1606682d9c38bc278d,10,Ga-Pt-Tm,baseline,1,7,4
all30-final-made-22cfaf1606682d9c38bc278d,10,Ga-Pt-Tm,baseline,1,8,4
all30-final-made-22cfaf1606682d9c38bc278d,10,Ga-Pt-Tm,baseline,1,9,5
all30-final-made-22cfaf1606682d9c38bc278d,10,Ga-Pt-Tm,baseline,1,10,6
all30-final-made-29a6382ae615c1a04e459653,10,Hf-Ni-Zr,baseline,1,0,0
all30-final-made-29a6382ae615c1a04e459653,10,Hf-Ni-Zr,baseline,1,1,1
all30-final-made-29a6382ae615c1a04e459653,10,Hf-Ni-Zr,baseline,1,2,1
all30-final-made-29a6382ae615c1a04e459653,10,Hf-Ni-Zr,baseline,1,3,1
all30-final-made-29a6382ae615c1a04e459653,10,Hf-Ni-Zr,baseline,1,4,1
all30-final-made-29a6382ae615c1a04e459653,10,Hf-Ni-Zr,baseline,1,5,2
all30-final-made-29a6382ae615c1a04e459653,10,Hf-Ni-Zr,baseline,1,6,2
all30-final-made-29a6382ae615c1a04e459653,10,Hf-Ni-Zr,baseline,1,7,2
all30-final-made-29a6382ae615c1a04e459653,10,Hf-Ni-Zr,baseline,1,8,2
all30-final-made-29a6382ae615c1a04e459653,10,Hf-Ni-Zr,baseline,1,9,2
all30-final-made-29a6382ae615c1a04e459653,10,Hf-Ni-Zr,baseline,1,10,2
all30-final-made-c62306db0d2beb6139233c35,10,Ho-In-Mg-Pd-Zr,baseline,1,0,0
all30-final-made-c62306db0d2beb6139233c35,10,Ho-In-Mg-Pd-Zr,baseline,1,1,0
all30-final-made-c62306db0d2beb6139233c35,10,Ho-In-Mg-Pd-Zr,baseline,1,2,0
all30-final-made-c62306db0d2beb6139233c35,10,Ho-In-Mg-Pd-Zr,baseline,1,3,0
all30-final-made-c62306db0d2beb6139233c35,10,Ho-In-Mg-Pd-Zr,baseline,1,4,0
all30-final-made-c62306db0d2beb6139233c35,10,Ho-In-Mg-Pd-Zr,baseline,1,5,0
all30-final-made-c62306db0d2beb6139233c35,10,Ho-In-Mg-Pd-Zr,baseline,1,6,0
all30-final-made-c62306db0d2beb6139233c35,10,Ho-In-Mg-Pd-Zr,baseline,1,7,0
all30-final-made-c62306db0d2beb6139233c35,10,Ho-In-Mg-Pd-Zr,baseline,1,8,0
all30-final-made-c62306db0d2beb6139233c35,10,Ho-In-Mg-Pd-Zr,baseline,1,9,0
all30-final-made-c62306db0d2beb6139233c35,10,Ho-In-Mg-Pd-Zr,baseline,1,10,0
all30-final-made-a0c7b559824ee92973b466f7,10,Mg-Sn-Sr,baseline,1,0,0
all30-final-made-a0c7b559824ee92973b466f7,10,Mg-Sn-Sr,baseline,1,1,1
all30-final-made-a0c7b559824ee92973b466f7,10,Mg-Sn-Sr,baseline,1,2,2
all30-final-made-a0c7b559824ee92973b466f7,10,Mg-Sn-Sr,baseline,1,3,3
all30-final-made-a0c7b559824ee92973b466f7,10,Mg-Sn-Sr,baseline,1,4,3
all30-final-made-a0c7b559824ee92973b466f7,10,Mg-Sn-Sr,baseline,1,5,3
all30-final-made-a0c7b559824ee92973b466f7,10,Mg-Sn-Sr,baseline,1,6,3
all30-final-made-a0c7b559824ee92973b466f7,10,Mg-Sn-Sr,baseline,1,7,4
all30-final-made-a0c7b559824ee92973b466f7,10,Mg-Sn-Sr,baseline,1,8,5
all30-final-made-a0c7b559824ee92973b466f7,10,Mg-Sn-Sr,baseline,1,9,6
all30-final-made-a0c7b559824ee92973b466f7,10,Mg-Sn-Sr,baseline,1,10,7
budget-final-made-4f87ce88320a28f3fae38bb5,30,Al-Li-V,baseline,1,0,0
budget-final-made-4f87ce88320a28f3fae38bb5,30,Al-Li-V,baseline,1,1,0
budget-final-made-4f87ce88320a28f3fae38bb5,30,Al-Li-V,baseline,1,2,0
budget-final-made-4f87ce88320a28f3fae38bb5,30,Al-Li-V,baseline,1,3,1
budget-final-made-4f87ce88320a28f3fae38bb5,30,Al-Li-V,baseline,1,4,1
budget-final-made-4f87ce88320a28f3fae38bb5,30,Al-Li-V,baseline,1,5,1
budget-final-made-4f87ce88320a28f3fae38bb5,30,Al-Li-V,baseline,1,6,2
budget-final-made-4f87ce88320a28f3fae38bb5,30,Al-Li-V,baseline,1,7,3
budget-final-made-4f87ce88320a28f3fae38bb5,30,Al-Li-V,baseline,1,8,3
budget-final-made-4f87ce88320a28f3fae38bb5,30,Al-Li-V,baseline,1,9,4
budget-final-made-4f87ce88320a28f3fae38bb5,30,Al-Li-V,baseline,1,10,4
budget-final-made-4f87ce88320a28f3fae38bb5,30,Al-Li-V,baseline,1,11,4
budget-final-made-4f87ce88320a28f3fae38bb5,30,Al-Li-V,baseline,1,12,4
budget-final-made-4f87ce88320a28f3fae38bb5,30,Al-Li-V,baseline,1,13,4
budget-final-made-4f87ce88320a28f3fae38bb5,30,Al-Li-V,baseline,1,14,5
budget-final-made-4f87ce88320a28f3fae38bb5,30,Al-Li-V,baseline,1,15,5
budget-final-made-4f87ce88320a28f3fae38bb5,30,Al-Li-V,baseline,1,16,6
budget-final-made-4f87ce88320a28f3fae38bb5,30,Al-Li-V,baseline,1,17,6
budget-final-made-4f87ce88320a28f3fae38bb5,30,Al-Li-V,baseline,1,18,6
budget-final-made-4f87ce88320a28f3fae38bb5,30,Al-Li-V,baseline,1,19,6
budget-final-made-4f87ce88320a28f3fae38bb5,30,Al-Li-V,baseline,1,20,6
budget-final-made-4f87ce88320a28f3fae38bb5,30,Al-Li-V,baseline,1,21,7
budget-final-made-4f87ce88320a28f3fae38bb5,30,Al-Li-V,baseline,1,22,7
budget-final-made-4f87ce88320a28f3fae38bb5,30,Al-Li-V,baseline,1,23,7
budget-final-made-4f87ce88320a28f3fae38bb5,30,Al-Li-V,baseline,1,24,7
budget-final-made-4f87ce88320a28f3fae38bb5,30,Al-Li-V,baseline,1,25,7
budget-final-made-4f87ce88320a28f3fae38bb5,30,Al-Li-V,baseline,1,26,7
budget-final-made-4f87ce88320a28f3fae38bb5,30,Al-Li-V,baseline,1,27,7
budget-final-made-4f87ce88320a28f3fae38bb5,30,Al-Li-V,baseline,1,28,7
budget-final-made-4f87ce88320a28f3fae38bb5,30,Al-Li-V,baseline,1,29,7
budget-final-made-4f87ce88320a28f3fae38bb5,30,Al-Li-V,baseline,1,30,7
