job_id,arm,task_id,seed,decision_id,tool_rpc_id,tool,error,next_scientific_rpc_id,action
component-final-32355a4d9bcc6137d52ada7b,baseline_reference,Al-Li-V,2,component-final-32355a4d9bcc6137d52ada7b:d0000009-c0,19,select_for_evaluation,The selected hash is not in this composition buffer.,22,"{""action_sha256"": ""e3d44042e18b5cd027c8fcd367ba63a36413d12cad7b0484e3c019592fcf05ea"", ""arguments"": {""composition"": ""Li3AlV2"", ""structure_hash"": ""d7c315e07c3b45e5a723e5e079f10ee3c753200f552bf48ba42f86d008b5e4d""}, ""tool"": ""select_for_evaluation""}"
component-final-32355a4d9bcc6137d52ada7b,baseline_reference,Al-Li-V,2,component-final-32355a4d9bcc6137d52ada7b:d0000015-c0,31,select_for_evaluation,Select an existing buffer composition.,40,"{""action_sha256"": ""05ee5041e38dd5f20448787c22fcbc133f66f59ba9e4efdb8302099cfe570699"", ""arguments"": {""composition"": ""Li3Al2V4"", ""structure_hash"": ""09e5052524e258a9408e9fa2065d181f6717027675fbf6372d5b59dbe270b0dc""}, ""tool"": ""select_for_evaluation""}"
component-final-32355a4d9bcc6137d52ada7b,baseline_reference,Al-Li-V,2,component-final-32355a4d9bcc6137d52ada7b:d0000018-c0,37,select_for_evaluation,Select an existing buffer composition.,40,"{""action_sha256"": ""9c9480645d169269fba81698fa47c2ebc6f40f6ac8aeea4c505c9872a588c9b5"", ""arguments"": {""structure_index"": 2}, ""tool"": ""select_for_evaluation""}"
component-final-10ad51e80000935d29c71786,baseline_reference,Al-Li-V,3,component-final-10ad51e80000935d29c71786:d0000012-c0,25,select_for_evaluation,Select an existing buffer composition.,28,"{""action_sha256"": ""d56f4a366e0963ffd847b1b798565f59d24a3cec38f413e577c54fc41b7af64e"", ""arguments"": {""structure_index"": 0}, ""tool"": ""select_for_evaluation""}"
component-final-10ad51e80000935d29c71786,baseline_reference,Al-Li-V,3,component-final-10ad51e80000935d29c71786:d0000015-c0,31,select_for_evaluation,The selected hash is not in this composition buffer.,36,"{""action_sha256"": ""4f7dd330ff90299877b4295f94c4f3fc81819ced70595f1a309599d92e7529af"", ""arguments"": {""composition"": ""LiAlV3"", ""structure_hash"": ""714be9b9542f7fd94d3b7d0ade381fa1aaba26fcb269596f275406e822f9207e""}, ""tool"": ""select_for_evaluation""}"
component-final-a51d66c7e21ca9788f45a008,baseline_reference,Al-Li-V,4,component-final-a51d66c7e21ca9788f45a008:d0000002-c0,5,select_for_evaluation,Select an existing buffer composition.,8,"{""action_sha256"": ""ce700acac023d1fde4fe24edf25950b43282bfbafd6259fa5bee384b690d8bc9"", ""arguments"": {""composition"": ""LiAlV3"", ""structure_index"": 2}, ""tool"": ""select_for_evaluation""}"
component-final-50555fb4776e15c94b4beec9,baseline_reference,Al-V-Zn,2,component-final-50555fb4776e15c94b4beec9:d0000015-c0,31,select_for_evaluation,The selected hash is not in this composition buffer.,34,"{""action_sha256"": ""9df1cf2e786d3264d25c91c199d61744c947c8ee67cb4dbb375713cb41955a6a"", ""arguments"": {""composition"": ""Al3VZn2"", ""structure_hash"": ""6663e08f72b6f960bc09425d73c134fd1da273dabde96955cfd08367a365b535""}, ""tool"": ""select_for_evaluation""}"
component-final-52aa59f42080e58cda2f64b0,baseline_reference,Al-V-Zn,3,component-final-52aa59f42080e58cda2f64b0:d0000011-c0,23,select_for_evaluation,Select an existing buffer composition.,26,"{""action_sha256"": ""faf0508ca3d01f62d71add2f230857cc9075784ea656a0c1c4a9fde9bf662838"", ""arguments"": {""structure_hash"": ""b5411ea8078c6849497c0a76005436c350a6c5924e0aaab6a636b3c73cd8f2ce""}, ""tool"": ""select_for_evaluation""}"
component-final-52aa59f42080e58cda2f64b0,baseline_reference,Al-V-Zn,3,component-final-52aa59f42080e58cda2f64b0:d0000017-c0,35,select_for_evaluation,The selected hash is not in this composition buffer.,42,"{""action_sha256"": ""1b3abc461693d833b9d9e8f5e179b670e4db420d7232d69b70445611d8c52e7e"", ""arguments"": {""composition"": ""Al2VZn"", ""structure_hash"": ""1e18d2b226637c7376a7fee85a885ebe4aa5407b530dbcfe5eb10e094c38f13f""}, ""tool"": ""select_for_evaluation""}"
component-final-70adf56898316f73ea4720ab,baseline_reference,Al-V-Zn,4,component-final-70adf56898316f73ea4720ab:d0000003-c0,7,select_for_evaluation,Select an existing buffer composition.,12,"{""action_sha256"": ""426970b8501df1b3a26efc2753b76060d68a61bad038e5aac45a0286b5f87eab"", ""arguments"": {}, ""tool"": ""select_for_evaluation""}"
component-final-829f81d1c8b6dff9869aa711,baseline_reference,Au-K-Tb,2,component-final-829f81d1c8b6dff9869aa711:d0000010-c0,21,select_for_evaluation,The selected hash is not in this composition buffer.,26,"{""action_sha256"": ""e97e3d794449f6ba858b7f8844192043da056fd64f598166a04c9ee5fa7589c6"", ""arguments"": {""composition"": ""K2TbAu2"", ""structure_hash"": ""e59c3a3f179b0ca442b24055549c3818fe96386533c08307bc5c5bcc8193eb06""}, ""tool"": ""select_for_evaluation""}"
component-final-57ec2ac8f1ba4127bcccc073,baseline_reference,Au-K-Tb,3,component-final-57ec2ac8f1ba4127bcccc073:d0000005-c0,11,select_for_evaluation,The selected hash is not in this composition buffer.,14,"{""action_sha256"": ""5606a44ed652937f604978878c0876ef611b771b4fd2996c62f669d7427bccf4"", ""arguments"": {""composition"": ""KTb2Au"", ""structure_hash"": ""36facf5c0f31cabec211dcc27eb6c7f03e496708fa4aace23935772d698a79b7""}, ""tool"": ""select_for_evaluation""}"
component-final-57ec2ac8f1ba4127bcccc073,baseline_reference,Au-K-Tb,3,component-final-57ec2ac8f1ba4127bcccc073:d0000021-c0,43,select_for_evaluation,The selected hash is not in this composition buffer.,46,"{""action_sha256"": ""9f49caab63bbc29dbb708fac431c83f816480ea36df6275b8a9ba60de8c0ce62"", ""arguments"": {""composition"": ""K7Tb3Au"", ""structure_hash"": ""42e520a744bef3ff866acb2afa64683020c79b23c2692a96f118b1e25e586be""}, ""tool"": ""select_for_evaluation""}"
component-final-57ec2ac8f1ba4127bcccc073,baseline_reference,Au-K-Tb,3,component-final-57ec2ac8f1ba4127bcccc073:d0000027-c0,55,select_for_evaluation,The selected hash is not in this composition buffer.,62,"{""action_sha256"": ""b0ad98093d9710d1393ea4d7af4fe71be063856417acfdb8d3f767fde7740e56"", ""arguments"": {""composition"": ""K12Tb3Au"", ""structure_hash"": ""4c1541aa66891a02df64549442845544e8f303f292e46fa0ce763cbd0f75fe1fa""}, ""tool"": ""select_for_evaluation""}"
component-final-57ec2ac8f1ba4127bcccc073,baseline_reference,Au-K-Tb,3,component-final-57ec2ac8f1ba4127bcccc073:d0000028-c0,57,query_structures,unhashable type: 'list',62,"{""action_sha256"": ""ddf6ede04aeea5d49ddc853f94dade9eda66bdaf573ce8ba30e6c08b6f2ee6af"", ""arguments"": {""composition"": [""Au"", ""K"", ""Tb""], ""k"": 5, ""mode"": ""top"", ""scorer_name"": ""oracle""}, ""tool"": ""query_structures""}"
component-final-2dce2a3709aad3945727809d,baseline_reference,Co-Dy-W,2,component-final-2dce2a3709aad3945727809d:d0000004-c0,9,select_for_evaluation,The selected hash is not in this composition buffer.,18,"{""action_sha256"": ""5ca65908d5b8be9eaf91ecb33eeb781bdf3e1122ef5af1af70c6a3b1c998aa94"", ""arguments"": {""composition"": ""DyCoW"", ""structure_hash"": ""233bee3e528ffe0bffe7fefaf03d3f1d2edd6bd68d83259d8e2c1073800dfd1d""}, ""tool"": ""select_for_evaluation""}"
component-final-2dce2a3709aad3945727809d,baseline_reference,Co-Dy-W,2,component-final-2dce2a3709aad3945727809d:d0000007-c0,15,score_buffer,unhashable type: 'list',18,"{""action_sha256"": ""ba51a0e509fb42ae4888fd6144a75f05018154553b57620264b807b8cf7e8d62"", ""arguments"": {""composition"": [""DyCoW2""], ""scorer_name"": ""oracle""}, ""tool"": ""score_buffer""}"
component-final-a526e6a613189f807a458cb1,baseline_reference,Co-Dy-W,4,component-final-a526e6a613189f807a458cb1:d0000003-c0,7,select_for_evaluation,Select an existing buffer composition.,12,"{""action_sha256"": ""d19f1aaf8a8b9286b69aba8e5ad037311cb06b04299ab4bcf40f06403fc7643c"", ""arguments"": {}, ""tool"": ""select_for_evaluation""}"
component-final-a526e6a613189f807a458cb1,baseline_reference,Co-Dy-W,4,component-final-a526e6a613189f807a458cb1:d0000011-c0,23,select_for_evaluation,Select an existing buffer composition.,26,"{""action_sha256"": ""19091150521d53a3468d1f0931f7c69bce7e36a6a3402fd24c1cc03472b9e908"", ""arguments"": {}, ""tool"": ""select_for_evaluation""}"
component-final-a8630b6c09e7eed6994a9658,baseline_reference,Co-Mg-Na,2,component-final-a8630b6c09e7eed6994a9658:d0000007-c0,13,select_for_evaluation,The selected hash is not in this composition buffer.,16,"{""action_sha256"": ""aa8c17614608fefabc7adbbc204c29bb1784fcbc2a39c9b55f860513b9c82ecf"", ""arguments"": {""composition"": ""NaMgCo2"", ""structure_hash"": ""aee370ef3b7da619812b4f3e446db3ae6e006528f8b7df734e88324c3756917c""}, ""tool"": ""select_for_evaluation""}"
component-final-4b3d96d6b87ab535fb130a5e,baseline_reference,Co-Mg-Na,3,component-final-4b3d96d6b87ab535fb130a5e:d0000001-c0,3,select_for_evaluation,The selected hash is not in this composition buffer.,12,"{""action_sha256"": ""c9c916b388d65fbaf9f38faafde719bed1187a80238ac4692c3596dfa1041b2c"", ""arguments"": {""composition"": ""Na2Mg2Co3"", ""structure_hash"": ""8e32838e255c23c143333edad553695f17a7cd76f576fe212706796cfa108ddf""}, ""tool"": ""select_for_evaluation""}"
component-final-4b3d96d6b87ab535fb130a5e,baseline_reference,Co-Mg-Na,3,component-final-4b3d96d6b87ab535fb130a5e:d0000002-c0,5,select_for_evaluation,The selected hash is not in this composition buffer.,12,"{""action_sha256"": ""bfc7e349a5a39ee4b7ecc9a85dc1e6fd348277111497f662ef804fd18e090903"", ""arguments"": {""composition"": ""Na2Mg2Co3"", ""structure_hash"": ""8e32838e255c23c143333edad553695f17a7cd76f576fe212706796cfa108ddf""}, ""tool"": ""select_for_evaluation""}"
component-final-4b3d96d6b87ab535fb130a5e,baseline_reference,Co-Mg-Na,3,component-final-4b3d96d6b87ab535fb130a5e:d0000003-c0,7,select_for_evaluation,The selected hash is not in this composition buffer.,12,"{""action_sha256"": ""2888c1221da31660dbf2561a4a9be3657c6a0546211bcd3e6e37f533716cff6c"", ""arguments"": {""composition"": ""Na2Mg2Co3"", ""structure_hash"": ""8e32838e255c23c143333edad553695f17a7cd76f576fe212706796cfa108ddf""}, ""tool"": ""select_for_evaluation""}"
component-final-4b3d96d6b87ab535fb130a5e,baseline_reference,Co-Mg-Na,3,component-final-4b3d96d6b87ab535fb130a5e:d0000004-c0,9,select_for_evaluation,The selected hash is not in this composition buffer.,12,"{""action_sha256"": ""7b9d05de94816aedf67bc187593563d1d1db6095614df3dca633fba5713a1e5b"", ""arguments"": {""composition"": ""Na2Mg2Co3"", ""structure_hash"": ""8e32838e255c23c143333edad553695f17a7cd76f576fe212706796cfa108ddf""}, ""tool"": ""select_for_evaluation""}"
component-final-4b3d96d6b87ab535fb130a5e,baseline_reference,Co-Mg-Na,3,component-final-4b3d96d6b87ab535fb130a5e:d0000012-c0,25,select_for_evaluation,Select an existing buffer composition.,28,"{""action_sha256"": ""1f3d75f694e27979120c40c40bc8b061a04d8a88bf8ca6d0cd6507f5ea81fa8c"", ""arguments"": {""structure_index"": 0}, ""tool"": ""select_for_evaluation""}"
component-final-4b3d96d6b87ab535fb130a5e,baseline_reference,Co-Mg-Na,3,component-final-4b3d96d6b87ab535fb130a5e:d0000034-c0,69,select_for_evaluation,Select an existing buffer composition.,74,"{""action_sha256"": ""265e2ea33b3dc040db7cc53cc3a1b14ccf3a16b1dd8baee51c0740b543d8d183"", ""arguments"": {""structure_index"": 7}, ""tool"": ""select_for_evaluation""}"
component-final-613da1e8bf281966bbdc66db,baseline_reference,Co-Mg-Na,4,component-final-613da1e8bf281966bbdc66db:d0000001-c0,3,select_for_evaluation,Buffer selection index is out of range.,6,"{""action_sha256"": ""431323fe51558b3c4ee01e2f2bf279f491d2856b850bb64cdc756c28b2a901c9"", ""arguments"": {""composition"": ""Na3Mg2Co"", ""structure_index"": 2}, ""tool"": ""select_for_evaluation""}"
component-final-613da1e8bf281966bbdc66db,baseline_reference,Co-Mg-Na,4,component-final-613da1e8bf281966bbdc66db:d0000008-c0,17,select_for_evaluation,Select an existing buffer composition.,20,"{""action_sha256"": ""604b64021421f3cef3dd808f6d4e8f5a1c7e1fcd9e49d5e486a019176b9b472f"", ""arguments"": {""structure_index"": 0}, ""tool"": ""select_for_evaluation""}"
component-final-2e27f5563acb699daae1d131,es_only_independent,Al-Li-V,2,component-final-2e27f5563acb699daae1d131:d0000009-c0,19,select_for_evaluation,Select an existing buffer composition.,22,"{""action_sha256"": ""672720e25d7c2289df01dfcb50ade857ff843d6d220fc398983f671ce2d970ff"", ""arguments"": {""structure_index"": 2}, ""tool"": ""select_for_evaluation""}"
component-final-8e1fbdae4c717bead751ef3f,es_only_independent,Al-Li-V,3,component-final-8e1fbdae4c717bead751ef3f:d0000011-c0,23,select_for_evaluation,Select an existing buffer composition.,26,"{""action_sha256"": ""db182b2e7faf5a6863ec22e8e0bb8f56ec1457f8dfbb3285f7676d9d4be22e5e"", ""arguments"": {""structure_hash"": ""fb2741a0275dca5d4b17c0b77f7b813eb3150fb9991c79828a32d2ad9b40d387""}, ""tool"": ""select_for_evaluation""}"
component-final-d183e09d99cadf104f59d07e,es_only_independent,Al-Li-V,4,component-final-d183e09d99cadf104f59d07e:d0000002-c0,5,select_for_evaluation,The selected hash is not in this composition buffer.,8,"{""action_sha256"": ""bfc99b9a5b5e39b98ac5611b5f8706095ea19029711f3d5330d94e95694c9cb5"", ""arguments"": {""composition"": ""LiAlV"", ""structure_hash"": ""540c521a4cfdaf5a41c93d527656dec58287185c8ca5ed576cb3376eead470f9""}, ""tool"": ""select_for_evaluation""}"
component-final-d183e09d99cadf104f59d07e,es_only_independent,Al-Li-V,4,component-final-d183e09d99cadf104f59d07e:d0000008-c0,17,select_for_evaluation,The selected hash is not in this composition buffer.,22,"{""action_sha256"": ""92cb6000c23a0dd0619237da78a0619fb57d4660083ad64fa38e6eca44401dc0"", ""arguments"": {""composition"": ""Li3AlV4"", ""structure_hash"": ""c6c4ee75176915b38e182aaeed5bed66ced0f47bbb476c83231a0868f086714a""}, ""tool"": ""select_for_evaluation""}"
component-final-d183e09d99cadf104f59d07e,es_only_independent,Al-Li-V,4,component-final-d183e09d99cadf104f59d07e:d0000009-c0,19,select_for_evaluation,Buffer selection index is out of range.,22,"{""action_sha256"": ""e7ebc9c9cbba0f5827f1bb88db4a3453e1559d39789e140b6903eaaa402f2229"", ""arguments"": {""composition"": ""Li2AlV"", ""structure_index"": 18}, ""tool"": ""select_for_evaluation""}"
component-final-b20a8fccedb10da7d5ed97a6,es_only_independent,Al-V-Zn,2,component-final-b20a8fccedb10da7d5ed97a6:d0000009-c0,19,select_for_evaluation,The selected hash is not in this composition buffer.,26,"{""action_sha256"": ""833ff3ef435681b282bd9731be16f46e195bf709d23bba31fc310c108525a7cb"", ""arguments"": {""composition"": ""Al2VZn"", ""structure_hash"": ""385dcae98931501335ef44922efb9ad71ca1bc72c182af1e658428d9dd328abf""}, ""tool"": ""select_for_evaluation""}"
component-final-b20a8fccedb10da7d5ed97a6,es_only_independent,Al-V-Zn,2,component-final-b20a8fccedb10da7d5ed97a6:d0000010-c0,21,select_for_evaluation,The selected hash is not in this composition buffer.,26,"{""action_sha256"": ""0701d0796da0b3808955e6fca2e2eff4524dbe337ee9ebc4f2e64ed7a8331fb7"", ""arguments"": {""composition"": ""Al2VZn"", ""structure_hash"": ""990c177e685cab93a11ce513c048809d2df8a013a8c46fa8784e98e9b9af0eae""}, ""tool"": ""select_for_evaluation""}"
component-final-b20a8fccedb10da7d5ed97a6,es_only_independent,Al-V-Zn,2,component-final-b20a8fccedb10da7d5ed97a6:d0000018-c0,37,select_for_evaluation,Select an existing buffer composition.,40,"{""action_sha256"": ""817dc651ed7d5e41f16b2117aa5507fc8bb2db6bbf73a45c0c8fad8c9b0b2b5d"", ""arguments"": {""structure_index"": 15}, ""tool"": ""select_for_evaluation""}"
component-final-02fb34c6b01aed253ffa4730,es_only_independent,Al-V-Zn,3,component-final-02fb34c6b01aed253ffa4730:d0000007-c0,15,select_for_evaluation,Select an existing buffer composition.,20,"{""action_sha256"": ""fe28d4791deaa5670835396bfc5ddda25afd5fd6419e77473b10db6f6130ea58"", ""arguments"": {""structure_index"": 2}, ""tool"": ""select_for_evaluation""}"
component-final-02fb34c6b01aed253ffa4730,es_only_independent,Al-V-Zn,3,component-final-02fb34c6b01aed253ffa4730:d0000012-c0,25,select_for_evaluation,Select an existing buffer composition.,28,"{""action_sha256"": ""6b650799b460e374a2ae83ab41196ee4972e554a66951c84f2e4828efc64abc2"", ""arguments"": {""structure_index"": 0}, ""tool"": ""select_for_evaluation""}"
component-final-2ba86fe5167c7c377083c728,es_only_independent,Al-V-Zn,4,component-final-2ba86fe5167c7c377083c728:d0000008-c0,17,select_for_evaluation,The selected hash is not in this composition buffer.,20,"{""action_sha256"": ""5bc1a9059b295d2a23bb03d694097625f63921d3d13ba0716f5d1e743bc75197"", ""arguments"": {""composition"": ""AlVZn2"", ""structure_hash"": ""30307e0c207e0a4170473310f6300e2035828109768f9dfe93d5de828a2144f9""}, ""tool"": ""select_for_evaluation""}"
component-final-637e688029854bff551ffb68,es_only_independent,Au-K-Tb,2,component-final-637e688029854bff551ffb68:d0000015-c0,31,select_for_evaluation,The selected hash is not in this composition buffer.,34,"{""action_sha256"": ""1ae4131fb0064735e7704d57f9d28783cff57c5d8f8221ad0d5bb4c30c574454"", ""arguments"": {""composition"": ""KTb2Au"", ""structure_hash"": ""a1b2c3d4e5f6g7h8i9j0k1l2m3n4o5p6q7r8s9t0u1v2w3x4y5z6""}, ""tool"": ""select_for_evaluation""}"
component-final-637e688029854bff551ffb68,es_only_independent,Au-K-Tb,2,component-final-637e688029854bff551ffb68:d0000018-c0,37,select_for_evaluation,Select an existing buffer composition.,40,"{""action_sha256"": ""9b5b13a77a24f9aa62d8427f929b4f054d6402517f942990529a6ac35699671d"", ""arguments"": {""structure_index"": 0}, ""tool"": ""select_for_evaluation""}"
component-final-f01350a0031f3cb06d45632e,es_only_independent,Au-K-Tb,3,component-final-f01350a0031f3cb06d45632e:d0000005-c0,11,select_for_evaluation,The selected hash is not in this composition buffer.,18,"{""action_sha256"": ""836eba2a858a5a1b6ee798d03a5df2ecba190356bbbc310a12865973aeadc0fb"", ""arguments"": {""composition"": ""KTb2"", ""structure_hash"": ""4c2832a6d87618aa27e43c1e86706bec2dd5a7e234760df0657f21cac6b5cd47""}, ""tool"": ""select_for_evaluation""}"
component-final-f01350a0031f3cb06d45632e,es_only_independent,Au-K-Tb,3,component-final-f01350a0031f3cb06d45632e:d0000006-c0,13,select_for_evaluation,The selected hash is not in this composition buffer.,18,"{""action_sha256"": ""23c2bc5edd7fb6e8ba74018150201b41b9e67dab6ea21f766b9b6fc37b18053a"", ""arguments"": {""composition"": ""KTb2"", ""structure_hash"": ""4c2832a6d87618aa27e43c1e86706bec2dd5a7e234760df0657f21cac6b5cd47""}, ""tool"": ""select_for_evaluation""}"
component-final-f01350a0031f3cb06d45632e,es_only_independent,Au-K-Tb,3,component-final-f01350a0031f3cb06d45632e:d0000007-c0,15,select_for_evaluation,The selected hash is not in this composition buffer.,18,"{""action_sha256"": ""5805b752a135a1b4521c2cae9201948d41a9a2408cc4b1c666cba74e3f35d6eb"", ""arguments"": {""composition"": ""KTb2"", ""structure_hash"": ""4c2832a6d87618aa27e43c1e86706bec2dd5a7e234760df0657f21cac6b5cd47""}, ""tool"": ""select_for_evaluation""}"
component-final-fd363bc50f56142b92b62728,es_only_independent,Au-K-Tb,4,component-final-fd363bc50f56142b92b62728:d0000001-c0,3,select_for_evaluation,The selected hash is not in this composition buffer.,14,"{""action_sha256"": ""50cac05296b0eb2f2ea3c698aa2c10c296536810022325fd57c53bdb8ed954b4"", ""arguments"": {""composition"": ""KTbAu"", ""structure_hash"": ""6adeaace7c02c2c6c91b49d4a862ea821be2efd63a04670b8839e5db50198787""}, ""tool"": ""select_for_evaluation""}"
component-final-fd363bc50f56142b92b62728,es_only_independent,Au-K-Tb,4,component-final-fd363bc50f56142b92b62728:d0000002-c0,5,select_for_evaluation,The selected hash is not in this composition buffer.,14,"{""action_sha256"": ""4ae600a024d9b8e98975148fa3d42df583a72c0894b4f732fcdc73ad5ef6a048"", ""arguments"": {""composition"": ""KTbAu"", ""structure_hash"": ""6adeaace7c02c2c6c91b49d4a862ea821be2efd63a04670b8839e5db50198787""}, ""tool"": ""select_for_evaluation""}"
component-final-fd363bc50f56142b92b62728,es_only_independent,Au-K-Tb,4,component-final-fd363bc50f56142b92b62728:d0000003-c0,7,select_for_evaluation,The selected hash is not in this composition buffer.,14,"{""action_sha256"": ""77515190495ba091976066505ddf177bec9b0ad7897f661f52759126cf6d1673"", ""arguments"": {""composition"": ""KTbAu"", ""structure_hash"": ""6adeaace7c02c2c6c91b49d4a862ea821be2efd63a04670b8839e5db50198787""}, ""tool"": ""select_for_evaluation""}"
component-final-fd363bc50f56142b92b62728,es_only_independent,Au-K-Tb,4,component-final-fd363bc50f56142b92b62728:d0000004-c0,9,select_for_evaluation,The selected hash is not in this composition buffer.,14,"{""action_sha256"": ""b4d95b5b9bc58291762f3e8824183c513e8ee0ff51a684a8bedfa5585f637dbb"", ""arguments"": {""composition"": ""KTbAu"", ""structure_hash"": ""6adeaace7c02c2c6c91b49d4a862ea821be2efd63a04670b8839e5db50198787""}, ""tool"": ""select_for_evaluation""}"
component-final-fd363bc50f56142b92b62728,es_only_independent,Au-K-Tb,4,component-final-fd363bc50f56142b92b62728:d0000005-c0,11,select_for_evaluation,The selected hash is not in this composition buffer.,14,"{""action_sha256"": ""6864055bcee0f8b220413b35f62b331779474402b54794e6703bb301a3e4ac78"", ""arguments"": {""composition"": ""KTbAu"", ""structure_hash"": ""6adeaace7c02c2c6c91b49d4a862ea821be2efd63a04670b8839e5db50198787""}, ""tool"": ""select_for_evaluation""}"
component-final-fd363bc50f56142b92b62728,es_only_independent,Au-K-Tb,4,component-final-fd363bc50f56142b92b62728:d0000009-c0,19,select_for_evaluation,The selected hash is not in this composition buffer.,22,"{""action_sha256"": ""b4e6a99e8d194723c3eee4966de1c789ef9f70312634d6f611cb491b8cc2c126"", ""arguments"": {""composition"": ""KTbAu"", ""structure_hash"": ""2a7bebeb3125ca9b4774093ee7b5d11b179c0d3fbec47d7633868a4a02b74630""}, ""tool"": ""select_for_evaluation""}"
component-final-309c3c6fb2c047a93c1f8575,es_only_independent,Co-Dy-W,2,component-final-309c3c6fb2c047a93c1f8575:d0000007-c0,15,select_for_evaluation,The selected hash is not in this composition buffer.,20,"{""action_sha256"": ""e8f1beea45f90adb6f86f2df000a8d84a7c612c8389c2514bdd98e2eb66d32b6"", ""arguments"": {""composition"": ""Dy2CoW"", ""structure_hash"": ""9e63d227800d5214142abea4ddc875c7c40ecb4c88e02935d46787915ddf9e6""}, ""tool"": ""select_for_evaluation""}"
component-final-309c3c6fb2c047a93c1f8575,es_only_independent,Co-Dy-W,2,component-final-309c3c6fb2c047a93c1f8575:d0000008-c0,17,select_for_evaluation,The selected hash is not in this composition buffer.,20,"{""action_sha256"": ""f53980f7ebac7c2dacbffc5690b4e875275f3cae6dc647240716232219075002"", ""arguments"": {""composition"": ""Dy2CoW2"", ""structure_hash"": ""9e63d227800d5214142abea4ddc875c7c40ecb4c88e02935d46787915ddf9e6""}, ""tool"": ""select_for_evaluation""}"
component-final-ced0af809caafbfd44aa8165,es_only_independent,Co-Dy-W,3,component-final-ced0af809caafbfd44aa8165:d0000004-c0,9,select_for_evaluation,The selected hash is not in this composition buffer.,12,"{""action_sha256"": ""5d8fc4e65863c307ad259ea4d86ae1953eb7b225c7c17243c055c76d76ad4727"", ""arguments"": {""composition"": ""DyCoW"", ""structure_hash"": ""9e2a05b4042806583159d79bd4c31ad546794b23d42e4b680c6e9fc2077766ab""}, ""tool"": ""select_for_evaluation""}"
component-final-ced0af809caafbfd44aa8165,es_only_independent,Co-Dy-W,3,component-final-ced0af809caafbfd44aa8165:d0000006-c0,13,select_for_evaluation,The selected hash is not in this composition buffer.,16,"{""action_sha256"": ""e7ddb9399e9eb4eabf1c94fcf9293814ec80b3f1f1088b5c1f7cc18c33c72ab2"", ""arguments"": {""composition"": ""DyCoW2"", ""structure_hash"": ""54dadb4e0ab06332558edb77dca777dc0c5dbac73258a01e471ce08eea8cfa37""}, ""tool"": ""select_for_evaluation""}"
component-final-60a0f011651058cfacc89f7b,es_only_independent,Co-Dy-W,4,component-final-60a0f011651058cfacc89f7b:d0000008-c0,17,select_for_evaluation,The selected hash is not in this composition buffer.,20,"{""action_sha256"": ""5bba6ebaed9ac2db871139297a5853c149199bfc0f63281d7147d4a1f8df0ce9"", ""arguments"": {""composition"": ""DyCo2W"", ""structure_hash"": ""299ceae8c03e2ae9eb869d1b3135ac89f74086cfe825a977f922123891e0e013""}, ""tool"": ""select_for_evaluation""}"
component-final-7cc2c2335ff1e079999ecabb,es_only_independent,Co-Mg-Na,2,component-final-7cc2c2335ff1e079999ecabb:d0000009-c0,19,select_for_evaluation,The selected hash is not in this composition buffer.,28,"{""action_sha256"": ""b153db02f2dc6a8ffec8bb8f282fc60a6e3b90e7f9dc5f9042c2cf464953d002"", ""arguments"": {""composition"": ""Na2Mg2Co3"", ""structure_hash"": ""7fdd424de15f2a533617f0ecdf4d86fd82f4e2eef520be8260a8737dca379b26""}, ""tool"": ""select_for_evaluation""}"
component-final-7cc2c2335ff1e079999ecabb,es_only_independent,Co-Mg-Na,2,component-final-7cc2c2335ff1e079999ecabb:d0000010-c0,21,select_for_evaluation,The selected hash is not in this composition buffer.,28,"{""action_sha256"": ""191bd301aa73ec3cbcc051217c2fd6d9de95a4cce34a8caee0c65b775b9cbb2b"", ""arguments"": {""composition"": ""Na2MgCo"", ""structure_hash"": ""27559e7af1b36d81ab8dc5202576ace3f633b1272de0053754483b51b009ede1""}, ""tool"": ""select_for_evaluation""}"
component-final-7cc2c2335ff1e079999ecabb,es_only_independent,Co-Mg-Na,2,component-final-7cc2c2335ff1e079999ecabb:d0000011-c0,23,select_for_evaluation,The selected hash is not in this composition buffer.,28,"{""action_sha256"": ""7efa9088d8a736a499063b61ffb3c7bc0358638adee4a5cf81423840b35701b3"", ""arguments"": {""composition"": ""Na2MgCo"", ""structure_hash"": ""7fdd424de15f2a533617f0ecdf4d86fd82f4e2eef520be8260a8737dca379b26""}, ""tool"": ""select_for_evaluation""}"
component-final-7cc2c2335ff1e079999ecabb,es_only_independent,Co-Mg-Na,2,component-final-7cc2c2335ff1e079999ecabb:d0000012-c0,25,select_for_evaluation,Select an existing buffer composition.,28,"{""action_sha256"": ""fe6a2085562aa15d8b1d7c64a8ac9bb93d0ae7cec41b1fb62c506b8c6d36bd1a"", ""arguments"": {""composition"": ""Na1Mg2Co2"", ""structure_hash"": ""43cdb709e25b7a327bd724bceec0f59c2d1b130cc5a796606fb63aae4c70aeb6""}, ""tool"": ""select_for_evaluation""}"
component-final-827fb29e7d467a5c1448a2d5,es_only_independent,Co-Mg-Na,3,component-final-827fb29e7d467a5c1448a2d5:d0000005-c0,11,select_for_evaluation,The selected hash is not in this composition buffer.,14,"{""action_sha256"": ""91ddb1f211a4f6d74d8a6b7dba3da61a6a9f7185f4668a7a90f904ba44a310f6"", ""arguments"": {""composition"": ""NaMgCo2"", ""structure_hash"": ""0e3908fe733a400740916124542e2f0c8facd36bd54d5a754c363569026c0e59""}, ""tool"": ""select_for_evaluation""}"
component-final-827fb29e7d467a5c1448a2d5,es_only_independent,Co-Mg-Na,3,component-final-827fb29e7d467a5c1448a2d5:d0000008-c0,17,generate_structures,'<' not supported between instances of 'str' and 'float',26,"{""action_sha256"": ""3085f33af3141d567785668f8d5079f65898a027c2f5e0d73da401f0bc9090ec"", ""arguments"": {""compositions"": [{""formula"": ""NaMgCo3""}, {""formula"": ""NaMg2Co""}, {""formula"": ""NaMg3Co2""}, {""formula"": ""NaMg2Co3""}, {""formula"": ""Na2MgCo4""}], ""generator_name"": ""chemeleon"", ""num_candidates"": 32}, ""tool"": ""generate_structures""}"
component-final-827fb29e7d467a5c1448a2d5,es_only_independent,Co-Mg-Na,3,component-final-827fb29e7d467a5c1448a2d5:d0000015-c0,31,select_for_evaluation,Select an existing buffer composition.,36,"{""action_sha256"": ""63264f775e44e27b79b32c061c7699119391c72ffe64b8a8931c22541281393a"", ""arguments"": {""structure_index"": 11}, ""tool"": ""select_for_evaluation""}"
support-final-bceab85ac67db411774a2563,full_support_aware,Al-Li-V,2,support-final-bceab85ac67db411774a2563:d0000012-c0,25,select_for_evaluation,The selected hash is not in this composition buffer.,28,"{""action_sha256"": ""482a3783f57c74d0621212113562d7ecfbf46a848a8bf0216aa2982cbb172851"", ""arguments"": {""composition"": ""Li(AlV)2"", ""structure_hash"": ""2b433036342ade05c41c13dd95a1591208c9c5a44d142900ef3a232651d""}, ""tool"": ""select_for_evaluation""}"
support-final-bceab85ac67db411774a2563,full_support_aware,Al-Li-V,2,support-final-bceab85ac67db411774a2563:d0000014-c0,29,select_for_evaluation,The selected hash is not in this composition buffer.,32,"{""action_sha256"": ""fc9e22962896e935056e3f7c654b5ea97b91a7f2772ccb09efef282ef3f1fb25"", ""arguments"": {""composition"": ""Li3AlV2"", ""structure_hash"": ""a53e9f8b8acc9a70e9fc""}, ""tool"": ""select_for_evaluation""}"
support-final-2b96c9fd2ded8ff4d3c9fa7b,full_support_aware,Al-Li-V,3,support-final-2b96c9fd2ded8ff4d3c9fa7b:d0000006-c0,13,select_for_evaluation,The selected hash is not in this composition buffer.,18,"{""action_sha256"": ""6a66d0e79c5cda0a2ebe15b9882edadaa677489eb59634bff81e89a3344a13fc"", ""arguments"": {""composition"": ""Li3AlV2"", ""structure_hash"": ""9a665031a6da981e4123d50c121ba7ceda4d8a10400ffcc347c6651f600decd5""}, ""tool"": ""select_for_evaluation""}"
support-final-2b96c9fd2ded8ff4d3c9fa7b,full_support_aware,Al-Li-V,3,support-final-2b96c9fd2ded8ff4d3c9fa7b:d0000007-c0,15,select_for_evaluation,The selected hash is not in this composition buffer.,18,"{""action_sha256"": ""74f86b22b27639deb01822ff73c07248116fc20308addedfef196f98f78fc872"", ""arguments"": {""composition"": ""Li3AlV2"", ""structure_hash"": ""9a665031a6da981e4123d50c121ba7ceda4d8a10400ffcc347c6651f600decd5""}, ""tool"": ""select_for_evaluation""}"
support-final-2b96c9fd2ded8ff4d3c9fa7b,full_support_aware,Al-Li-V,3,support-final-2b96c9fd2ded8ff4d3c9fa7b:d0000012-c0,25,select_for_evaluation,The selected hash is not in this composition buffer.,28,"{""action_sha256"": ""e5fab45ed89b48780f4d580c2b1621b139a2a0efc489bc96e025dbe3b4b7a613"", ""arguments"": {""composition"": ""Li3AlV2"", ""structure_hash"": ""129cc34142e775ff0a00969f2c79831837b70303133db28b61a289bb4f7103""}, ""tool"": ""select_for_evaluation""}"
support-final-cda0e2a385af0e786df7d24a,full_support_aware,Al-Li-V,4,support-final-cda0e2a385af0e786df7d24a:d0000003-c0,7,select_for_evaluation,The selected hash is not in this composition buffer.,16,"{""action_sha256"": ""77ad1374a2eabdcffeb91bcbc7f8d2500d2355d415d8c4e7645e3d1e090450b2"", ""arguments"": {""composition"": ""LiAlV3"", ""structure_hash"": ""4e5aefbd99ad0c9ee2579db4a2666297517b48e25dbaad3dede9411225574848""}, ""tool"": ""select_for_evaluation""}"
support-final-cda0e2a385af0e786df7d24a,full_support_aware,Al-Li-V,4,support-final-cda0e2a385af0e786df7d24a:d0000013-c0,27,select_for_evaluation,The selected hash is not in this composition buffer.,36,"{""action_sha256"": ""e752dd8cef2ff51752f8ec9f68ac9c2abd0773cda5f96a60916b26a195fce21a"", ""arguments"": {""composition"": ""Li3AlV3"", ""structure_hash"": ""77ee054d3461e32efd81442cfc0101adca70bdada060cde2ad1682e5afc88ac88""}, ""tool"": ""select_for_evaluation""}"
support-final-cda0e2a385af0e786df7d24a,full_support_aware,Al-Li-V,4,support-final-cda0e2a385af0e786df7d24a:d0000014-c0,29,select_for_evaluation,The selected hash is not in this composition buffer.,36,"{""action_sha256"": ""0769feba4665a2053455adad8c38b0e06fd8012844fbc866778c6c050f13bf20"", ""arguments"": {""composition"": ""Li3AlV3"", ""structure_hash"": ""77ee054d3461e32efd81442cfc0101adca70bdada060cde2ad1682e5afc888""}, ""tool"": ""select_for_evaluation""}"
support-final-cda0e2a385af0e786df7d24a,full_support_aware,Al-Li-V,4,support-final-cda0e2a385af0e786df7d24a:d0000015-c0,31,select_for_evaluation,The selected hash is not in this composition buffer.,36,"{""action_sha256"": ""41d824d5c72dcb6bc481bf0d79057572d3be9e7123fe4b99e122a90fd74dc3c1"", ""arguments"": {""composition"": ""Li3AlV3"", ""structure_hash"": ""77ee054d3461e32efd81442cfc0101adca70bdada060cde2ad1682e5afc888""}, ""tool"": ""select_for_evaluation""}"
support-final-cda0e2a385af0e786df7d24a,full_support_aware,Al-Li-V,4,support-final-cda0e2a385af0e786df7d24a:d0000016-c0,33,select_for_evaluation,The selected hash is not in this composition buffer.,36,"{""action_sha256"": ""db7d3106cf41e57e79651a4d2a12246bb306d92a4c3043db07447c8c9ef8fd4b"", ""arguments"": {""composition"": ""Li3AlV3"", ""structure_hash"": ""77ee054d3461e32efd81442cfc0101adca70bdada060cde2ad1682e5afc88ac88""}, ""tool"": ""select_for_evaluation""}"
support-final-c3b9e4053e380cd376460042,full_support_aware,Al-V-Zn,3,support-final-c3b9e4053e380cd376460042:d0000002-c0,5,select_for_evaluation,The selected hash is not in this composition buffer.,10,"{""action_sha256"": ""e2a2e3aa1b2391ff63e0045ead464fc8b9bab84fab742634de1a5a7a01f6c813"", ""arguments"": {""composition"": ""AlVZn2"", ""structure_hash"": ""eebbbe41d2e761437a399118d68bf31e2c0498f756251021ddc270c5""}, ""tool"": ""select_for_evaluation""}"
support-final-c3b9e4053e380cd376460042,full_support_aware,Al-V-Zn,3,support-final-c3b9e4053e380cd376460042:d0000005-c0,11,select_for_evaluation,The selected hash is not in this composition buffer.,16,"{""action_sha256"": ""5814a9dc9a0b7e1119578b9a02dc1da5cc1b70ff08cbfac9aa921a235ff1308c"", ""arguments"": {""composition"": ""AlVZn2"", ""structure_hash"": ""1bc6c24028cbb02e96c856764f1eeb7463340e87b4aa30096ee8010ae2953874""}, ""tool"": ""select_for_evaluation""}"
support-final-8d9484c7a3dc0a3085dccdab,full_support_aware,Al-V-Zn,4,support-final-8d9484c7a3dc0a3085dccdab:d0000003-c0,7,select_for_evaluation,The selected hash is not in this composition buffer.,10,"{""action_sha256"": ""0a736dabd906303c0e64cd3cedd59a94e9342493e34aed8f1f2db9cc615b31a8"", ""arguments"": {""composition"": ""AlV2Zn"", ""structure_hash"": ""bc383fc7cfcf31eb6d47b457eab0848022d54d517dbb574b7cd6f81733abc0b86c""}, ""tool"": ""select_for_evaluation""}"
support-final-68807310bf257b755381e67b,full_support_aware,Au-K-Tb,2,support-final-68807310bf257b755381e67b:d0000000-c0,1,generate_structures,Compositions need integral allowed-element counts and 1–20 atoms.,8,"{""action_sha256"": ""35d9c348d11ca7a0c88a4d628634aab01f803258c4d08e284d885707aa5fcd00"", ""arguments"": {""compositions"": [{""Au"": 1.0, ""Tb"": 1.0}, {""Au"": 1.0, ""K"": 1.0, ""Tb"": 1.0}, {""Au"": 1.0, ""K"": 0.5, ""Tb"": 1.0}, {""Au"": 1.0, ""Tb"": 2.0}, {""Au"": 2.0, ""K"": 1.0, ""Tb"": 1.0}], ""generator_name"": ""chemeleon"", ""num_candidates"": 32}, ""tool"": ""generate_structures""}"
support-final-5b6d1b84cc2ee0f52bb1c366,full_support_aware,Au-K-Tb,3,support-final-5b6d1b84cc2ee0f52bb1c366:d0000006-c0,13,select_for_evaluation,The selected hash is not in this composition buffer.,16,"{""action_sha256"": ""c2833379f888cde8a3dfbe6d40421df8917b54b81e7be966f435a20c45a9c700"", ""arguments"": {""composition"": ""K3TbAu3"", ""structure_hash"": ""643899fe1881787ef57fe061ff926d103b29956e5e0d42e34b070c83a""}, ""tool"": ""select_for_evaluation""}"
support-final-5b6d1b84cc2ee0f52bb1c366,full_support_aware,Au-K-Tb,3,support-final-5b6d1b84cc2ee0f52bb1c366:d0000013-c0,27,select_for_evaluation,The selected hash is not in this composition buffer.,36,"{""action_sha256"": ""0dd3fe796c62aac56301115af22150ab956d34ad7b1ce33849719af576b1702c"", ""arguments"": {""composition"": ""KTbAu5"", ""structure_hash"": ""50e821f550cedd576c49edeb27c2dce8522a793a5412e6290940a46439ac97e5""}, ""tool"": ""select_for_evaluation""}"
support-final-5b6d1b84cc2ee0f52bb1c366,full_support_aware,Au-K-Tb,3,support-final-5b6d1b84cc2ee0f52bb1c366:d0000014-c0,29,select_for_evaluation,The selected hash is not in this composition buffer.,36,"{""action_sha256"": ""3fe24ce228a4f45392f2945f768e7aa07c1e1cfb30b38fa721810e3ff9dca665"", ""arguments"": {""composition"": ""KTbAu5"", ""structure_hash"": ""50e821f550cedd576c49edeb27c2dce8522a793a5412e6290940a46439ac97e5""}, ""tool"": ""select_for_evaluation""}"
support-final-fdb8c5628b1505159c52f7cc,full_support_aware,Co-Dy-W,2,support-final-fdb8c5628b1505159c52f7cc:d0000003-c0,7,select_for_evaluation,The selected hash is not in this composition buffer.,14,"{""action_sha256"": ""2325b1c8e6d318c0f86354bcfbb04e869f15fce108e22bac79a2454513b8504e"", ""arguments"": {""composition"": ""DyCoW"", ""structure_hash"": ""d63339d55af12a876cb84659038beeed9e578c6caf016a1b2b43c8c4830c3a5b""}, ""tool"": ""select_for_evaluation""}"
support-final-fdb8c5628b1505159c52f7cc,full_support_aware,Co-Dy-W,2,support-final-fdb8c5628b1505159c52f7cc:d0000004-c0,9,select_for_evaluation,The selected hash is not in this composition buffer.,14,"{""action_sha256"": ""e2730ea1da9e27b0ec17ba3de70ea446b9e1e165abdeb3673c6b1865127e36d3"", ""arguments"": {""composition"": ""DyCoW"", ""structure_hash"": ""d4b1c22ccb469d038c2db2eba08f0936d6aed86e2c7e73be368cc7bf171bb03c""}, ""tool"": ""select_for_evaluation""}"
support-final-fdb8c5628b1505159c52f7cc,full_support_aware,Co-Dy-W,2,support-final-fdb8c5628b1505159c52f7cc:d0000005-c0,11,select_for_evaluation,The selected hash is not in this composition buffer.,14,"{""action_sha256"": ""65183e958b5a844e702f0a07652539bf0c599d201ce30f222964d62d0081420d"", ""arguments"": {""composition"": ""DyCoW"", ""structure_hash"": ""1bd2afee491eb16e46ebdd2c212f98d368316bdf68ddfcd511d904930443a501""}, ""tool"": ""select_for_evaluation""}"
support-final-f6823e6cdf872a727ba2d1e8,full_support_aware,Co-Dy-W,4,support-final-f6823e6cdf872a727ba2d1e8:d0000007-c0,15,select_for_evaluation,The selected hash is not in this composition buffer.,18,"{""action_sha256"": ""adafdecd8227db0096905f2a76a94aa97094da1feba1c388bd43a5ed28a5dfff"", ""arguments"": {""composition"": ""DyCo2W"", ""structure_hash"": ""ecc6e4aec6f11e070f71d86827cbad5b461fe6c4df69dface89f39c6bdcdd109""}, ""tool"": ""select_for_evaluation""}"
support-final-c2968e57d9e2851ad1f9774e,full_support_aware,Co-Mg-Na,3,support-final-c2968e57d9e2851ad1f9774e:d0000005-c0,11,select_for_evaluation,The selected hash is not in this composition buffer.,18,"{""action_sha256"": ""ffa5566142a85a3f6da93a913099390b051b92672111f8f5ea7bb8c87daf97d4"", ""arguments"": {""composition"": ""NaMgCo3"", ""structure_hash"": ""4a5017f6bc9eb1941cb4dead3fca4a8d0fa8e689b0b1f5215ba486f561ca200b""}, ""tool"": ""select_for_evaluation""}"
support-final-c2968e57d9e2851ad1f9774e,full_support_aware,Co-Mg-Na,3,support-final-c2968e57d9e2851ad1f9774e:d0000007-c0,15,select_for_evaluation,The selected hash is not in this composition buffer.,18,"{""action_sha256"": ""cacf9b7992f4258ee32c30e3689f6038471e455c7887e57c5f91a1d4ef9e39a7"", ""arguments"": {""composition"": ""NaMgCo3"", ""structure_hash"": ""4a5017f6bc9eb1941cb4dead3fca4a8d0fa8e689b0b1f5215ba486f561ca200b""}, ""tool"": ""select_for_evaluation""}"
support-final-32b9c75a950dc72b690b9f75,full_support_aware,Co-Mg-Na,4,support-final-32b9c75a950dc72b690b9f75:d0000003-c0,7,select_for_evaluation,Select an existing buffer composition.,12,"{""action_sha256"": ""6d2ff434b5e90c08331c329a6ad293e9d5e30536fd8ad471478b949728946e41"", ""arguments"": {""composition"": ""Mg3Co"", ""structure_hash"": ""0bd032c64b0920957ac5055744b7ded1381dc55d084695b294c3b178571a4144""}, ""tool"": ""select_for_evaluation""}"
support-final-32b9c75a950dc72b690b9f75,full_support_aware,Co-Mg-Na,4,support-final-32b9c75a950dc72b690b9f75:d0000008-c0,17,select_for_evaluation,The selected hash is not in this composition buffer.,20,"{""action_sha256"": ""0fa0482295f1e492d631f560114cc26c2dcda1f62f4c878b9151d0be9d4b7b81"", ""arguments"": {""composition"": ""MgCo2"", ""structure_hash"": ""7f818b6d3ca2acf3b7653678697cf2ca36cf951a8a17c4d419775fa4649a1460""}, ""tool"": ""select_for_evaluation""}"
support-final-2cd11ff827dc56a49263e71d,uq_only_support_aware,Al-Li-V,3,support-final-2cd11ff827dc56a49263e71d:d0000017-c0,35,select_for_evaluation,The selected hash is not in this composition buffer.,38,"{""action_sha256"": ""4d8e6a620e689738cd05a5aea9b6fbe15812eff34723ccba7504c1147e3eac46"", ""arguments"": {""composition"": ""Li2AlV4"", ""structure_hash"": ""f66059afb1d49e7c541d8313fb4285244f1ca9b7011afe2378e55ac2122d6a6""}, ""tool"": ""select_for_evaluation""}"
support-final-4a84dce05fdc57c5272bb199,uq_only_support_aware,Al-Li-V,4,support-final-4a84dce05fdc57c5272bb199:d0000002-c0,5,select_for_evaluation,Select an existing buffer composition.,8,"{""action_sha256"": ""a4230e378b3bd9a1d66ed3a7c44a1e450e6e47650eccf9998ccfc28015f0bf97"", ""arguments"": {""composition"": ""LiAlV3"", ""structure_index"": 2}, ""tool"": ""select_for_evaluation""}"
support-final-4a84dce05fdc57c5272bb199,uq_only_support_aware,Al-Li-V,4,support-final-4a84dce05fdc57c5272bb199:d0000004-c0,9,select_for_evaluation,Buffer selection index is out of range.,16,"{""action_sha256"": ""d9129fd95da555ebaca447c2ad14c2bdec26f1d0dfecc37739c2805516312ec1"", ""arguments"": {""composition"": ""Li2Al2V"", ""structure_index"": 1}, ""tool"": ""select_for_evaluation""}"
support-final-4a84dce05fdc57c5272bb199,uq_only_support_aware,Al-Li-V,4,support-final-4a84dce05fdc57c5272bb199:d0000008-c0,17,select_for_evaluation,The selected hash is not in this composition buffer.,22,"{""action_sha256"": ""7f96323ea3e04a51d9b495a0aeaf70984e52916c197f59058f911a009dba4a27"", ""arguments"": {""composition"": ""Li3Al3V2"", ""structure_hash"": ""5b93ea4fb64312b148be6fcf35be127bda42289ffbcc1a80137096f0a324d75b""}, ""tool"": ""select_for_evaluation""}"
support-final-4a84dce05fdc57c5272bb199,uq_only_support_aware,Al-Li-V,4,support-final-4a84dce05fdc57c5272bb199:d0000009-c0,19,select_for_evaluation,The selected hash is not in this composition buffer.,22,"{""action_sha256"": ""22b7704fce2de410c3f6b9302707e7036d76d20f4316c115fbcbc08f2701409a"", ""arguments"": {""composition"": ""Li3Al3V2"", ""structure_hash"": ""5b93ea4fb64312b148be6fcf35be127bda42289ffbcc1a80137096f0a324d75b""}, ""tool"": ""select_for_evaluation""}"
support-final-50481d7de104501120b84fb5,uq_only_support_aware,Al-V-Zn,2,support-final-50481d7de104501120b84fb5:d0000001-c1,3,generate_structures,Compositions need integral allowed-element counts and 1–20 atoms.,10,"{""action_sha256"": ""318b9887c22b995e52f4a23a67d207da8ebd6c52a278ef5843e2b83986640f8e"", ""arguments"": {""compositions"": [""AlV"", ""AlV2"", ""AlV3"", ""Al2V3"", ""Al3V4"", ""Al4V5"", ""Al5V6"", ""Al6V7"", ""Al7V8"", ""Al8V9"", ""Al9V10"", ""Al10V11"", ""Al11V12"", ""Al12V13"", ""Al13V14"", ""Al14V15"", ""Al15V16"", ""Al16V17"", ""Al17V18"", ""Al18V19"", ""Al19V20"", ""Al20V21""], ""generator_name"": ""chemeleon"", ""num_candidates"": 32}, ""tool"": ""generate_structures""}"
support-final-50481d7de104501120b84fb5,uq_only_support_aware,Al-V-Zn,2,support-final-50481d7de104501120b84fb5:d0000006-c0,13,select_for_evaluation,The selected hash is not in this composition buffer.,16,"{""action_sha256"": ""8be48d45369aabf308464124ff262de1b8cc4e1b02cf0560beeb47b46a61ba9e"", ""arguments"": {""composition"": ""Al2VZn2"", ""structure_hash"": ""eac9e4f9a2b77b16024fbf50fbb3c8688a27f4363cbdfe3ce42a8fca7a38df8""}, ""tool"": ""select_for_evaluation""}"
support-final-b8ea68c4cba1f93c238e3acd,uq_only_support_aware,Al-V-Zn,4,support-final-b8ea68c4cba1f93c238e3acd:d0000015-c0,31,select_for_evaluation,Select an existing buffer composition.,38,"{""action_sha256"": ""ea927402a754a0cad2ff133b2db91280d3fc2e961e81db7771cd8f68036c80c4"", ""arguments"": {""composition"": ""Al2V3Zn"", ""structure_hash"": ""94f3b55bb0ece1f7b29397e4b34a383704a26215234869b5ac6fd0b43f17a488""}, ""tool"": ""select_for_evaluation""}"
support-final-b8ea68c4cba1f93c238e3acd,uq_only_support_aware,Al-V-Zn,4,support-final-b8ea68c4cba1f93c238e3acd:d0000016-c0,33,select_for_evaluation,Select an existing buffer composition.,38,"{""action_sha256"": ""b6bc187243736bddf0afa2c23c0453d2b60824a195722fb1355c925ae6607fd5"", ""arguments"": {""composition"": ""Al2V3Zn"", ""structure_hash"": ""e179f19b2fa990512328f019a237e15d8bff2b89b7fa88a2cc2b8dc2192b0289""}, ""tool"": ""select_for_evaluation""}"
support-final-b8ea68c4cba1f93c238e3acd,uq_only_support_aware,Al-V-Zn,4,support-final-b8ea68c4cba1f93c238e3acd:d0000017-c0,35,select_for_evaluation,Select an existing buffer composition.,38,"{""action_sha256"": ""718ac93bb5ebc9b67affca40233f1e0894e37240556778c9241f3ef1a765fe5a"", ""arguments"": {""composition"": ""Al2V3Zn"", ""structure_hash"": ""e179f19b2fa990512328f019a237e15d8bff2b89b7fa88a2cc2b8dc2192b0289""}, ""tool"": ""select_for_evaluation""}"
support-final-97076161f2eb1dff20b02ffe,uq_only_support_aware,Co-Dy-W,3,support-final-97076161f2eb1dff20b02ffe:d0000013-c0,27,select_for_evaluation,The selected hash is not in this composition buffer.,32,"{""action_sha256"": ""cfde454e2d9c915edcaab4eed2568549e0471f7c039739840c0968b15c75ed39"", ""arguments"": {""composition"": ""Dy2CoW2"", ""structure_hash"": ""ae75e4f64e1ecc4c2d548991155ef6912a03854a004aea10440dcce90d2255e""}, ""tool"": ""select_for_evaluation""}"
support-final-8f46b298f45606301f129592,uq_only_support_aware,Co-Mg-Na,3,support-final-8f46b298f45606301f129592:d0000008-c0,17,select_for_evaluation,The selected hash is not in this composition buffer.,26,"{""action_sha256"": ""cb2d9b4f39abbc5aff058d8a815481a49cff49320e0d99a0ad70476973a87237"", ""arguments"": {""composition"": ""Na4MgCo4"", ""structure_hash"": ""6a8db26cf5157e588d45acef6be3afff91e8015775f061e8bf782890184e6""}, ""tool"": ""select_for_evaluation""}"
support-final-d5b33bead70e71d6523996b6,uq_only_support_aware,Co-Mg-Na,4,support-final-d5b33bead70e71d6523996b6:d0000001-c0,3,select_for_evaluation,The selected hash is not in this composition buffer.,8,"{""action_sha256"": ""d07cde11c0c9726fee18628fbfa991dd57c80e23aa5688aca2816379c1529c8f"", ""arguments"": {""composition"": ""Na3MgCo"", ""structure_hash"": ""0256be28a510ffc0e3b60b676d7d12275843dbf4e5ac5b6fe0213c138f6c28e""}, ""tool"": ""select_for_evaluation""}"
support-final-d5b33bead70e71d6523996b6,uq_only_support_aware,Co-Mg-Na,4,support-final-d5b33bead70e71d6523996b6:d0000002-c0,5,select_for_evaluation,The selected hash is not in this composition buffer.,8,"{""action_sha256"": ""1660a5119acf3bf2ebbe81f507e91c1efbe74d8fca3650bd04fff8f875969848"", ""arguments"": {""composition"": ""NaMgCo3"", ""structure_hash"": ""45f21bc59c62aa59935759935759c9e327463d264739053be98d726d020cdff2ade06d""}, ""tool"": ""select_for_evaluation""}"
